Date,Units Sold,Rank,Rating,Reviews,product_id
2025-02-17,391,728,N.A.,N.A.,B08JGTW5TT
2025-02-18,344,951,N.A.,N.A.,B08JGTW5TT
2025-02-19,324,1072,N.A.,N.A.,B08JGTW5TT
2025-02-20,311,1166,N.A.,N.A.,B08JGTW5TT
2025-02-21,312,1154,N.A.,N.A.,B08JGTW5TT
2025-02-22,298,1262,4.3,11533,B08JGTW5TT
2025-02-23,314,1288,N.A.,N.A.,B08JGTW5TT
2025-02-24,296,1444,N.A.,N.A.,B08JGTW5TT
2025-02-25,311,1309,N.A.,N.A.,B08JGTW5TT
2025-02-26,320,1235,N.A.,N.A.,B08JGTW5TT
2025-02-27,312,1303,N.A.,N.A.,B08JGTW5TT
2025-02-28,304,1370,N.A.,N.A.,B08JGTW5TT
2025-03-01,337,1119,4.3,11561,B08JGTW5TT
2025-03-02,290,1500,N.A.,N.A.,B08JGTW5TT
2025-03-03,305,1357,N.A.,N.A.,B08JGTW5TT
2025-03-04,320,1226,N.A.,N.A.,B08JGTW5TT
2025-03-05,312,1286,N.A.,N.A.,B08JGTW5TT
2025-03-06,307,1329,N.A.,N.A.,B08JGTW5TT
2025-03-07,313,1274,N.A.,N.A.,B08JGTW5TT
2025-03-08,311,1285,N.A.,N.A.,B08JGTW5TT
2025-03-09,317,1238,4.3,11593,B08JGTW5TT
2025-03-10,296,1488,N.A.,N.A.,B08JGTW5TT
2025-03-11,320,1302,N.A.,N.A.,B08JGTW5TT
2025-03-12,319,1338,N.A.,N.A.,B08JGTW5TT
2025-03-13,323,1322,N.A.,N.A.,B08JGTW5TT
2025-03-14,327,1324,N.A.,N.A.,B08JGTW5TT
2025-03-15,342,1265,N.A.,N.A.,B08JGTW5TT
2025-03-16,331,1345,N.A.,N.A.,B08JGTW5TT
2025-03-17,330,1389,4.3,11611,B08JGTW5TT
2025-03-18,324,1455,N.A.,N.A.,B08JGTW5TT
2025-03-19,362,1190,N.A.,N.A.,B08JGTW5TT
2025-03-20,349,1284,N.A.,N.A.,B08JGTW5TT
2025-03-21,332,1433,N.A.,N.A.,B08JGTW5TT
2025-03-22,349,1332,N.A.,N.A.,B08JGTW5TT
2025-03-23,356,1286,N.A.,N.A.,B08JGTW5TT
2025-03-24,343,1384,N.A.,N.A.,B08JGTW5TT
2025-03-25,316,1616,4.3,11645,B08JGTW5TT
2025-03-26,406,993,N.A.,N.A.,B08JGTW5TT
2025-03-27,386,1098,N.A.,N.A.,B08JGTW5TT
2025-03-28,408,982,N.A.,N.A.,B08JGTW5TT
2025-03-29,384,1111,N.A.,N.A.,B08JGTW5TT
2025-03-30,398,1035,N.A.,N.A.,B08JGTW5TT
2025-03-31,393,1060,N.A.,N.A.,B08JGTW5TT
2025-04-01,388,1091,N.A.,N.A.,B08JGTW5TT
2025-04-02,343,1397,4.3,11675,B08JGTW5TT
2025-04-03,332,1484,N.A.,N.A.,B08JGTW5TT
2025-04-04,318,1612,N.A.,N.A.,B08JGTW5TT
2025-04-05,315,1647,N.A.,N.A.,B08JGTW5TT
2025-04-06,298,1768,N.A.,N.A.,B08JGTW5TT
2025-04-07,290,1876,N.A.,N.A.,B08JGTW5TT
2025-04-08,283,1962,N.A.,N.A.,B08JGTW5TT
2025-04-09,258,2328,4.3,11696,B08JGTW5TT
2025-04-10,254,2397,N.A.,N.A.,B08JGTW5TT
2025-04-11,249,2495,N.A.,N.A.,B08JGTW5TT
2025-04-12,262,2269,N.A.,N.A.,B08JGTW5TT
2025-04-13,244,2584,N.A.,N.A.,B08JGTW5TT
2025-04-14,224,3020,N.A.,N.A.,B08JGTW5TT
2025-04-15,348,1329,N.A.,N.A.,B08JGTW5TT
2025-04-16,391,1046,4.3,11722,B08JGTW5TT
2025-04-17,403,982,N.A.,N.A.,B08JGTW5TT
2025-04-18,424,892,N.A.,N.A.,B08JGTW5TT
2025-04-19,451,791,N.A.,N.A.,B08JGTW5TT
2025-04-20,433,869,N.A.,N.A.,B08JGTW5TT
2025-04-21,441,831,N.A.,N.A.,B08JGTW5TT
2025-04-22,341,1437,N.A.,N.A.,B08JGTW5TT
2025-04-23,301,1828,N.A.,N.A.,B08JGTW5TT
2025-04-24,272,2197,4.3,11755,B08JGTW5TT
2025-04-25,261,2370,N.A.,N.A.,B08JGTW5TT
2025-04-26,265,2313,N.A.,N.A.,B08JGTW5TT
2025-04-27,307,2050,N.A.,N.A.,B08JGTW5TT
2025-04-28,276,2469,N.A.,N.A.,B08JGTW5TT
2025-04-29,256,2802,N.A.,N.A.,B08JGTW5TT
2025-04-30,315,1958,N.A.,N.A.,B08JGTW5TT
2025-05-01,249,2935,N.A.,N.A.,B08JGTW5TT
2025-05-02,247,2970,4.3,11791,B08JGTW5TT
2025-05-03,245,3014,N.A.,N.A.,B08JGTW5TT
2025-05-04,240,3106,N.A.,N.A.,B08JGTW5TT
2025-05-05,232,3285,N.A.,N.A.,B08JGTW5TT
2025-05-06,311,2002,N.A.,N.A.,B08JGTW5TT
2025-05-07,254,2832,N.A.,N.A.,B08JGTW5TT
2025-05-08,243,3063,N.A.,N.A.,B08JGTW5TT
2025-05-09,216,3677,4.3,11821,B08JGTW5TT
2025-05-10,319,1919,N.A.,N.A.,B08JGTW5TT
2025-05-11,295,2206,N.A.,N.A.,B08JGTW5TT
2025-05-12,293,2226,N.A.,N.A.,B08JGTW5TT
2025-05-13,309,2028,N.A.,N.A.,B08JGTW5TT
2025-05-14,298,2159,N.A.,N.A.,B08JGTW5TT
2025-05-15,326,1846,N.A.,N.A.,B08JGTW5TT
2025-02-17,530,95,N.A.,N.A.,B078KFF7ND
2025-02-18,483,114,N.A.,N.A.,B078KFF7ND
2025-02-19,419,150,N.A.,N.A.,B078KFF7ND
2025-02-20,393,169,N.A.,N.A.,B078KFF7ND
2025-02-21,459,126,N.A.,N.A.,B078KFF7ND
2025-02-22,502,106,N.A.,N.A.,B078KFF7ND
2025-02-23,592,76,4.5,8991,B078KFF7ND
2025-02-24,588,77,N.A.,N.A.,B078KFF7ND
2025-02-25,481,115,N.A.,N.A.,B078KFF7ND
2025-02-26,419,150,N.A.,N.A.,B078KFF7ND
2025-02-27,347,212,N.A.,N.A.,B078KFF7ND
2025-02-28,312,256,N.A.,N.A.,B078KFF7ND
2025-03-01,297,278,N.A.,N.A.,B078KFF7ND
2025-03-02,365,193,4.5,9007,B078KFF7ND
2025-03-03,370,189,N.A.,N.A.,B078KFF7ND
2025-03-04,300,274,N.A.,N.A.,B078KFF7ND
2025-03-05,268,332,N.A.,N.A.,B078KFF7ND
2025-03-06,252,369,N.A.,N.A.,B078KFF7ND
2025-03-07,225,445,N.A.,N.A.,B078KFF7ND
2025-03-08,204,520,N.A.,N.A.,B078KFF7ND
2025-03-09,198,580,4.5,9025,B078KFF7ND
2025-03-10,197,583,N.A.,N.A.,B078KFF7ND
2025-03-11,170,740,N.A.,N.A.,B078KFF7ND
2025-03-12,159,828,N.A.,N.A.,B078KFF7ND
2025-03-13,166,769,N.A.,N.A.,B078KFF7ND
2025-03-14,175,709,N.A.,N.A.,B078KFF7ND
2025-03-15,165,776,N.A.,N.A.,B078KFF7ND
2025-03-16,173,724,N.A.,N.A.,B078KFF7ND
2025-03-17,173,742,4.5,9037,B078KFF7ND
2025-03-18,177,728,N.A.,N.A.,B078KFF7ND
2025-03-19,193,641,N.A.,N.A.,B078KFF7ND
2025-03-20,198,617,N.A.,N.A.,B078KFF7ND
2025-03-21,197,637,N.A.,N.A.,B078KFF7ND
2025-03-22,191,686,N.A.,N.A.,B078KFF7ND
2025-03-23,208,597,N.A.,N.A.,B078KFF7ND
2025-03-24,195,661,4.5,9048,B078KFF7ND
2025-03-25,184,729,N.A.,N.A.,B078KFF7ND
2025-03-26,181,747,N.A.,N.A.,B078KFF7ND
2025-03-27,174,793,N.A.,N.A.,B078KFF7ND
2025-03-28,156,946,N.A.,N.A.,B078KFF7ND
2025-03-29,153,966,N.A.,N.A.,B078KFF7ND
2025-03-30,139,1118,N.A.,N.A.,B078KFF7ND
2025-03-31,153,958,4.5,9061,B078KFF7ND
2025-04-01,134,1189,N.A.,N.A.,B078KFF7ND
2025-04-02,145,1046,N.A.,N.A.,B078KFF7ND
2025-04-03,163,863,N.A.,N.A.,B078KFF7ND
2025-04-04,169,812,N.A.,N.A.,B078KFF7ND
2025-04-05,177,748,N.A.,N.A.,B078KFF7ND
2025-04-06,173,783,N.A.,N.A.,B078KFF7ND
2025-04-07,178,741,4.5,9077,B078KFF7ND
2025-04-08,167,832,N.A.,N.A.,B078KFF7ND
2025-04-09,188,678,N.A.,N.A.,B078KFF7ND
2025-04-10,184,704,N.A.,N.A.,B078KFF7ND
2025-04-11,196,630,N.A.,N.A.,B078KFF7ND
2025-04-12,187,681,N.A.,N.A.,B078KFF7ND
2025-04-13,192,663,N.A.,N.A.,B078KFF7ND
2025-04-14,185,713,N.A.,N.A.,B078KFF7ND
2025-04-15,196,647,4.5,9089,B078KFF7ND
2025-04-16,196,657,N.A.,N.A.,B078KFF7ND
2025-04-17,196,661,N.A.,N.A.,B078KFF7ND
2025-04-18,189,712,N.A.,N.A.,B078KFF7ND
2025-04-19,198,662,N.A.,N.A.,B078KFF7ND
2025-04-20,199,664,N.A.,N.A.,B078KFF7ND
2025-04-21,207,625,N.A.,N.A.,B078KFF7ND
2025-04-22,301,327,N.A.,N.A.,B078KFF7ND
2025-04-23,272,397,4.5,9117,B078KFF7ND
2025-04-24,271,405,N.A.,N.A.,B078KFF7ND
2025-04-25,267,421,N.A.,N.A.,B078KFF7ND
2025-04-26,257,455,N.A.,N.A.,B078KFF7ND
2025-04-27,233,541,N.A.,N.A.,B078KFF7ND
2025-04-28,238,524,N.A.,N.A.,B078KFF7ND
2025-04-29,207,661,N.A.,N.A.,B078KFF7ND
2025-04-30,219,600,N.A.,N.A.,B078KFF7ND
2025-05-01,199,707,4.5,9129,B078KFF7ND
2025-05-02,200,699,N.A.,N.A.,B078KFF7ND
2025-05-03,200,699,N.A.,N.A.,B078KFF7ND
2025-05-04,212,633,N.A.,N.A.,B078KFF7ND
2025-05-05,195,730,N.A.,N.A.,B078KFF7ND
2025-05-06,205,671,N.A.,N.A.,B078KFF7ND
2025-05-07,195,727,N.A.,N.A.,B078KFF7ND
2025-05-08,198,710,N.A.,N.A.,B078KFF7ND
2025-05-09,195,726,4.5,9146,B078KFF7ND
2025-05-10,207,663,N.A.,N.A.,B078KFF7ND
2025-05-11,196,721,N.A.,N.A.,B078KFF7ND
2025-05-12,183,804,N.A.,N.A.,B078KFF7ND
2025-05-13,169,915,N.A.,N.A.,B078KFF7ND
2025-05-14,169,918,N.A.,N.A.,B078KFF7ND
2025-05-15,195,726,N.A.,N.A.,B078KFF7ND
2025-02-17,658,61,N.A.,N.A.,B08DLXZKF7
2025-02-18,673,58,N.A.,N.A.,B08DLXZKF7
2025-02-19,663,60,N.A.,N.A.,B08DLXZKF7
2025-02-20,749,46,N.A.,N.A.,B08DLXZKF7
2025-02-21,742,47,N.A.,N.A.,B08DLXZKF7
2025-02-22,696,54,N.A.,N.A.,B08DLXZKF7
2025-02-23,668,59,4.4,22931,B08DLXZKF7
2025-02-24,639,65,N.A.,N.A.,B08DLXZKF7
2025-02-25,617,70,N.A.,N.A.,B08DLXZKF7
2025-02-26,596,75,N.A.,N.A.,B08DLXZKF7
2025-02-27,596,75,N.A.,N.A.,B08DLXZKF7
2025-02-28,605,73,N.A.,N.A.,B08DLXZKF7
2025-03-01,561,85,N.A.,N.A.,B08DLXZKF7
2025-03-02,505,105,4.4,22970,B08DLXZKF7
2025-03-03,517,100,N.A.,N.A.,B08DLXZKF7
2025-03-04,617,70,N.A.,N.A.,B08DLXZKF7
2025-03-05,681,57,N.A.,N.A.,B08DLXZKF7
2025-03-06,738,48,N.A.,N.A.,B08DLXZKF7
2025-03-07,670,59,N.A.,N.A.,B08DLXZKF7
2025-03-08,821,38,N.A.,N.A.,B08DLXZKF7
2025-03-09,761,40,4.4,28272,B08DLXZKF7
2025-03-10,833,32,N.A.,N.A.,B08DLXZKF7
2025-03-11,804,35,N.A.,N.A.,B08DLXZKF7
2025-03-12,786,37,N.A.,N.A.,B08DLXZKF7
2025-03-13,804,35,N.A.,N.A.,B08DLXZKF7
2025-03-14,823,33,N.A.,N.A.,B08DLXZKF7
2025-03-15,794,36,N.A.,N.A.,B08DLXZKF7
2025-03-16,699,49,N.A.,N.A.,B08DLXZKF7
2025-03-17,924,26,4.4,25166,B08DLXZKF7
2025-03-18,703,52,N.A.,N.A.,B08DLXZKF7
2025-03-19,784,41,N.A.,N.A.,B08DLXZKF7
2025-03-20,834,36,N.A.,N.A.,B08DLXZKF7
2025-03-21,1108,18,N.A.,N.A.,B08DLXZKF7
2025-03-22,1108,19,N.A.,N.A.,B08DLXZKF7
2025-03-23,1352,11,N.A.,N.A.,B08DLXZKF7
2025-03-24,1048,22,4.4,23138,B08DLXZKF7
2025-03-25,1275,13,N.A.,N.A.,B08DLXZKF7
2025-03-26,1131,18,N.A.,N.A.,B08DLXZKF7
2025-03-27,1210,15,N.A.,N.A.,B08DLXZKF7
2025-03-28,1311,12,N.A.,N.A.,B08DLXZKF7
2025-03-29,1398,10,N.A.,N.A.,B08DLXZKF7
2025-03-30,1067,11,N.A.,N.A.,B08DLXZKF7
2025-03-31,1015,13,N.A.,N.A.,B08DLXZKF7
2025-04-01,972,15,4.4,34715,B08DLXZKF7
2025-04-02,993,14,N.A.,N.A.,B08DLXZKF7
2025-04-03,993,14,N.A.,N.A.,B08DLXZKF7
2025-04-04,902,19,N.A.,N.A.,B08DLXZKF7
2025-04-05,887,20,N.A.,N.A.,B08DLXZKF7
2025-04-06,887,20,N.A.,N.A.,B08DLXZKF7
2025-04-07,836,24,N.A.,N.A.,B08DLXZKF7
2025-04-08,902,19,4.4,25729,B08DLXZKF7
2025-04-09,918,18,N.A.,N.A.,B08DLXZKF7
2025-04-10,935,17,N.A.,N.A.,B08DLXZKF7
2025-04-11,953,16,N.A.,N.A.,B08DLXZKF7
2025-04-12,993,14,N.A.,N.A.,B08DLXZKF7
2025-04-13,968,16,N.A.,N.A.,B08DLXZKF7
2025-04-14,964,17,N.A.,N.A.,B08DLXZKF7
2025-04-15,885,23,4.4,25848,B08DLXZKF7
2025-04-16,941,20,N.A.,N.A.,B08DLXZKF7
2025-04-17,896,24,N.A.,N.A.,B08DLXZKF7
2025-04-18,1065,15,N.A.,N.A.,B08DLXZKF7
2025-04-19,981,20,N.A.,N.A.,B08DLXZKF7
2025-04-20,947,23,N.A.,N.A.,B08DLXZKF7
2025-04-21,1025,19,N.A.,N.A.,B08DLXZKF7
2025-04-22,1127,15,4.4,25913,B08DLXZKF7
2025-04-23,1016,21,N.A.,N.A.,B08DLXZKF7
2025-04-24,1029,21,N.A.,N.A.,B08DLXZKF7
2025-04-25,1101,18,N.A.,N.A.,B08DLXZKF7
2025-04-26,1055,21,N.A.,N.A.,B08DLXZKF7
2025-04-27,987,26,N.A.,N.A.,B08DLXZKF7
2025-04-28,973,27,N.A.,N.A.,B08DLXZKF7
2025-04-29,947,29,N.A.,N.A.,B08DLXZKF7
2025-04-30,912,32,4.4,26220,B08DLXZKF7
2025-05-01,1204,15,N.A.,N.A.,B08DLXZKF7
2025-05-02,1087,20,N.A.,N.A.,B08DLXZKF7
2025-05-03,1017,24,N.A.,N.A.,B08DLXZKF7
2025-05-04,960,28,N.A.,N.A.,B08DLXZKF7
2025-05-05,901,33,N.A.,N.A.,B08DLXZKF7
2025-05-06,1017,24,N.A.,N.A.,B08DLXZKF7
2025-05-07,1017,24,N.A.,N.A.,B08DLXZKF7
2025-05-08,1264,13,N.A.,N.A.,B08DLXZKF7
2025-05-09,2200,2,4.4,26067,B08DLXZKF7
2025-05-10,2200,2,N.A.,N.A.,B08DLXZKF7
2025-05-11,2200,2,N.A.,N.A.,B08DLXZKF7
2025-05-12,2200,2,N.A.,N.A.,B08DLXZKF7
2025-05-13,2200,2,N.A.,N.A.,B08DLXZKF7
2025-05-14,2200,2,N.A.,N.A.,B08DLXZKF7
2025-05-15,1976,3,N.A.,N.A.,B08DLXZKF7
2025-02-17,790,338,N.A.,N.A.,B0BZCBJ7RL
2025-02-18,922,244,N.A.,N.A.,B0BZCBJ7RL
2025-02-19,1026,193,N.A.,N.A.,B0BZCBJ7RL
2025-02-20,1009,199,N.A.,N.A.,B0BZCBJ7RL
2025-02-21,966,218,N.A.,N.A.,B0BZCBJ7RL
2025-02-22,938,231,4.3,4146,B0BZCBJ7RL
2025-02-23,920,240,N.A.,N.A.,B0BZCBJ7RL
2025-02-24,890,256,N.A.,N.A.,B0BZCBJ7RL
2025-02-25,806,314,N.A.,N.A.,B0BZCBJ7RL
2025-02-26,781,333,N.A.,N.A.,B0BZCBJ7RL
2025-02-27,731,379,N.A.,N.A.,B0BZCBJ7RL
2025-02-28,710,401,N.A.,N.A.,B0BZCBJ7RL
2025-03-01,699,412,N.A.,N.A.,B0BZCBJ7RL
2025-03-02,690,420,4.3,4229,B0BZCBJ7RL
2025-03-03,658,460,N.A.,N.A.,B0BZCBJ7RL
2025-03-04,642,480,N.A.,N.A.,B0BZCBJ7RL
2025-03-05,591,561,N.A.,N.A.,B0BZCBJ7RL
2025-03-06,582,576,N.A.,N.A.,B0BZCBJ7RL
2025-03-07,603,536,N.A.,N.A.,B0BZCBJ7RL
2025-03-08,578,580,N.A.,N.A.,B0BZCBJ7RL
2025-03-09,594,548,4.3,4296,B0BZCBJ7RL
2025-03-10,598,541,N.A.,N.A.,B0BZCBJ7RL
2025-03-11,596,545,N.A.,N.A.,B0BZCBJ7RL
2025-03-12,558,617,N.A.,N.A.,B0BZCBJ7RL
2025-03-13,534,670,N.A.,N.A.,B0BZCBJ7RL
2025-03-14,543,649,N.A.,N.A.,B0BZCBJ7RL
2025-03-15,538,660,N.A.,N.A.,B0BZCBJ7RL
2025-03-16,589,558,N.A.,N.A.,B0BZCBJ7RL
2025-03-17,573,614,4.3,4357,B0BZCBJ7RL
2025-03-18,597,583,N.A.,N.A.,B0BZCBJ7RL
2025-03-19,628,539,N.A.,N.A.,B0BZCBJ7RL
2025-03-20,563,673,N.A.,N.A.,B0BZCBJ7RL
2025-03-21,580,653,N.A.,N.A.,B0BZCBJ7RL
2025-03-22,627,589,N.A.,N.A.,B0BZCBJ7RL
2025-03-23,619,604,N.A.,N.A.,B0BZCBJ7RL
2025-03-24,573,687,4.3,4416,B0BZCBJ7RL
2025-03-25,516,825,N.A.,N.A.,B0BZCBJ7RL
2025-03-26,615,590,N.A.,N.A.,B0BZCBJ7RL
2025-03-27,637,547,N.A.,N.A.,B0BZCBJ7RL
2025-03-28,730,409,N.A.,N.A.,B0BZCBJ7RL
2025-03-29,853,284,N.A.,N.A.,B0BZCBJ7RL
2025-03-30,837,296,N.A.,N.A.,B0BZCBJ7RL
2025-03-31,905,263,4.3,4472,B0BZCBJ7RL
2025-04-01,964,236,N.A.,N.A.,B0BZCBJ7RL
2025-04-02,811,351,N.A.,N.A.,B0BZCBJ7RL
2025-04-03,695,488,N.A.,N.A.,B0BZCBJ7RL
2025-04-04,660,553,N.A.,N.A.,B0BZCBJ7RL
2025-04-05,633,619,N.A.,N.A.,B0BZCBJ7RL
2025-04-06,725,478,N.A.,N.A.,B0BZCBJ7RL
2025-04-07,667,561,N.A.,N.A.,B0BZCBJ7RL
2025-04-08,650,589,4.3,4539,B0BZCBJ7RL
2025-04-09,638,610,N.A.,N.A.,B0BZCBJ7RL
2025-04-10,629,626,N.A.,N.A.,B0BZCBJ7RL
2025-04-11,630,624,N.A.,N.A.,B0BZCBJ7RL
2025-04-12,604,675,N.A.,N.A.,B0BZCBJ7RL
2025-04-13,622,626,N.A.,N.A.,B0BZCBJ7RL
2025-04-14,626,608,N.A.,N.A.,B0BZCBJ7RL
2025-04-15,632,584,N.A.,N.A.,B0BZCBJ7RL
2025-04-16,634,569,4.3,4605,B0BZCBJ7RL
2025-04-17,612,595,N.A.,N.A.,B0BZCBJ7RL
2025-04-18,600,607,N.A.,N.A.,B0BZCBJ7RL
2025-04-19,589,615,N.A.,N.A.,B0BZCBJ7RL
2025-04-20,605,569,N.A.,N.A.,B0BZCBJ7RL
2025-04-21,638,510,N.A.,N.A.,B0BZCBJ7RL
2025-04-22,1003,184,N.A.,N.A.,B0BZCBJ7RL
2025-04-23,872,257,N.A.,N.A.,B0BZCBJ7RL
2025-04-24,855,269,4.3,4666,B0BZCBJ7RL
2025-04-25,878,253,N.A.,N.A.,B0BZCBJ7RL
2025-04-26,888,246,N.A.,N.A.,B0BZCBJ7RL
2025-04-27,945,213,N.A.,N.A.,B0BZCBJ7RL
2025-04-28,1083,199,N.A.,N.A.,B0BZCBJ7RL
2025-04-29,906,333,N.A.,N.A.,B0BZCBJ7RL
2025-04-30,816,441,N.A.,N.A.,B0BZCBJ7RL
2025-05-01,785,505,4.3,4711,B0BZCBJ7RL
2025-05-02,759,584,N.A.,N.A.,B0BZCBJ7RL
2025-05-03,748,676,N.A.,N.A.,B0BZCBJ7RL
2025-05-04,770,642,N.A.,N.A.,B0BZCBJ7RL
2025-05-05,749,675,N.A.,N.A.,B0BZCBJ7RL
2025-05-06,635,897,N.A.,N.A.,B0BZCBJ7RL
2025-05-07,630,909,N.A.,N.A.,B0BZCBJ7RL
2025-05-08,591,1012,4.3,4791,B0BZCBJ7RL
2025-05-09,582,1037,N.A.,N.A.,B0BZCBJ7RL
2025-05-10,588,1021,N.A.,N.A.,B0BZCBJ7RL
2025-05-11,594,1004,N.A.,N.A.,B0BZCBJ7RL
2025-05-12,547,1151,N.A.,N.A.,B0BZCBJ7RL
2025-05-13,566,1087,N.A.,N.A.,B0BZCBJ7RL
2025-05-14,654,854,N.A.,N.A.,B0BZCBJ7RL
2025-05-15,692,775,N.A.,N.A.,B0BZCBJ7RL
2025-02-17,334,1009,N.A.,N.A.,B07P7MC95G
2025-02-18,322,1088,N.A.,N.A.,B07P7MC95G
2025-02-19,290,1337,N.A.,N.A.,B07P7MC95G
2025-02-20,289,1342,N.A.,N.A.,B07P7MC95G
2025-02-21,264,1590,N.A.,N.A.,B07P7MC95G
2025-02-22,287,1360,N.A.,N.A.,B07P7MC95G
2025-02-23,335,1130,N.A.,N.A.,B07P7MC95G
2025-02-24,326,1196,4.4,19929,B07P7MC95G
2025-02-25,491,490,N.A.,N.A.,B07P7MC95G
2025-02-26,557,361,N.A.,N.A.,B07P7MC95G
2025-02-27,660,231,N.A.,N.A.,B07P7MC95G
2025-02-28,652,239,N.A.,N.A.,B07P7MC95G
2025-03-01,665,226,N.A.,N.A.,B07P7MC95G
2025-03-02,680,213,N.A.,N.A.,B07P7MC95G
2025-03-03,705,184,N.A.,N.A.,B07P7MC95G
2025-03-04,596,288,N.A.,N.A.,B07P7MC95G
2025-03-05,504,440,N.A.,N.A.,B07P7MC95G
2025-03-06,467,527,N.A.,N.A.,B07P7MC95G
2025-03-07,451,568,N.A.,N.A.,B07P7MC95G
2025-03-08,437,601,N.A.,N.A.,B07P7MC95G
2025-03-09,444,578,N.A.,N.A.,B07P7MC95G
2025-03-10,485,505,N.A.,N.A.,B07P7MC95G
2025-03-11,479,544,N.A.,N.A.,B07P7MC95G
2025-03-12,489,532,N.A.,N.A.,B07P7MC95G
2025-03-13,487,553,N.A.,N.A.,B07P7MC95G
2025-03-14,519,498,N.A.,N.A.,B07P7MC95G
2025-03-15,557,453,N.A.,N.A.,B07P7MC95G
2025-03-16,547,473,N.A.,N.A.,B07P7MC95G
2025-03-17,549,481,N.A.,N.A.,B07P7MC95G
2025-03-18,553,482,N.A.,N.A.,B07P7MC95G
2025-03-19,561,472,N.A.,N.A.,B07P7MC95G
2025-03-20,568,463,N.A.,N.A.,B07P7MC95G
2025-03-21,537,535,N.A.,N.A.,B07P7MC95G
2025-03-22,549,522,N.A.,N.A.,B07P7MC95G
2025-03-23,594,435,N.A.,N.A.,B07P7MC95G
2025-03-24,594,430,N.A.,N.A.,B07P7MC95G
2025-03-25,577,458,N.A.,N.A.,B07P7MC95G
2025-03-26,732,249,4.4,20043,B07P7MC95G
2025-03-27,759,223,N.A.,N.A.,B07P7MC95G
2025-03-28,770,211,N.A.,N.A.,B07P7MC95G
2025-03-29,749,222,N.A.,N.A.,B07P7MC95G
2025-03-30,745,226,N.A.,N.A.,B07P7MC95G
2025-03-31,765,209,N.A.,N.A.,B07P7MC95G
2025-04-01,730,239,N.A.,N.A.,B07P7MC95G
2025-04-02,656,320,N.A.,N.A.,B07P7MC95G
2025-04-03,623,367,N.A.,N.A.,B07P7MC95G
2025-04-04,611,386,N.A.,N.A.,B07P7MC95G
2025-04-05,623,367,N.A.,N.A.,B07P7MC95G
2025-04-06,571,384,N.A.,N.A.,B07P7MC95G
2025-04-07,557,413,N.A.,N.A.,B07P7MC95G
2025-04-08,668,240,N.A.,N.A.,B07P7MC95G
2025-04-09,708,198,N.A.,N.A.,B07P7MC95G
2025-04-10,693,213,N.A.,N.A.,B07P7MC95G
2025-04-11,751,162,N.A.,N.A.,B07P7MC95G
2025-04-12,787,137,N.A.,N.A.,B07P7MC95G
2025-04-13,756,158,N.A.,N.A.,B07P7MC95G
2025-04-14,745,176,N.A.,N.A.,B07P7MC95G
2025-04-15,628,312,N.A.,N.A.,B07P7MC95G
2025-04-16,594,371,N.A.,N.A.,B07P7MC95G
2025-04-17,577,408,N.A.,N.A.,B07P7MC95G
2025-04-18,534,511,N.A.,N.A.,B07P7MC95G
2025-04-19,528,542,N.A.,N.A.,B07P7MC95G
2025-04-20,536,522,N.A.,N.A.,B07P7MC95G
2025-04-21,548,494,N.A.,N.A.,B07P7MC95G
2025-04-22,540,514,N.A.,N.A.,B07P7MC95G
2025-04-23,575,435,N.A.,N.A.,B07P7MC95G
2025-04-24,601,387,N.A.,N.A.,B07P7MC95G
2025-04-25,594,399,4.4,20211,B07P7MC95G
2025-04-26,572,442,N.A.,N.A.,B07P7MC95G
2025-04-27,658,432,N.A.,N.A.,B07P7MC95G
2025-04-28,625,488,N.A.,N.A.,B07P7MC95G
2025-04-29,656,435,N.A.,N.A.,B07P7MC95G
2025-04-30,687,389,N.A.,N.A.,B07P7MC95G
2025-05-01,639,463,N.A.,N.A.,B07P7MC95G
2025-05-02,684,393,N.A.,N.A.,B07P7MC95G
2025-05-03,671,412,N.A.,N.A.,B07P7MC95G
2025-05-04,662,426,N.A.,N.A.,B07P7MC95G
2025-05-05,763,299,N.A.,N.A.,B07P7MC95G
2025-05-06,910,187,N.A.,N.A.,B07P7MC95G
2025-05-07,947,167,N.A.,N.A.,B07P7MC95G
2025-05-08,976,153,N.A.,N.A.,B07P7MC95G
2025-05-09,1036,128,N.A.,N.A.,B07P7MC95G
2025-05-10,1034,129,N.A.,N.A.,B07P7MC95G
2025-05-11,1053,122,N.A.,N.A.,B07P7MC95G
2025-05-12,947,167,N.A.,N.A.,B07P7MC95G
2025-05-13,814,253,N.A.,N.A.,B07P7MC95G
2025-05-14,727,338,N.A.,N.A.,B07P7MC95G
2025-05-15,828,242,N.A.,N.A.,B07P7MC95G
2025-02-17,194,2734,N.A.,N.A.,B09L7TVXGX
2025-02-18,206,2476,N.A.,N.A.,B09L7TVXGX
2025-02-19,193,2757,N.A.,N.A.,B09L7TVXGX
2025-02-20,249,1769,N.A.,N.A.,B09L7TVXGX
2025-02-21,235,1973,N.A.,N.A.,B09L7TVXGX
2025-02-22,238,1916,4.3,19164,B09L7TVXGX
2025-02-23,261,1827,N.A.,N.A.,B09L7TVXGX
2025-02-24,246,2026,N.A.,N.A.,B09L7TVXGX
2025-02-25,238,2160,N.A.,N.A.,B09L7TVXGX
2025-02-26,242,2098,N.A.,N.A.,B09L7TVXGX
2025-02-27,262,1812,N.A.,N.A.,B09L7TVXGX
2025-02-28,287,1525,N.A.,N.A.,B09L7TVXGX
2025-03-01,299,1409,N.A.,N.A.,B09L7TVXGX
2025-03-02,313,1292,4.3,19183,B09L7TVXGX
2025-03-03,362,955,N.A.,N.A.,B09L7TVXGX
2025-03-04,419,688,N.A.,N.A.,B09L7TVXGX
2025-03-05,463,543,N.A.,N.A.,B09L7TVXGX
2025-03-06,495,458,N.A.,N.A.,B09L7TVXGX
2025-03-07,519,399,N.A.,N.A.,B09L7TVXGX
2025-03-08,515,398,N.A.,N.A.,B09L7TVXGX
2025-03-09,518,392,4.3,19210,B09L7TVXGX
2025-03-10,457,581,N.A.,N.A.,B09L7TVXGX
2025-03-11,407,788,N.A.,N.A.,B09L7TVXGX
2025-03-12,375,959,N.A.,N.A.,B09L7TVXGX
2025-03-13,346,1156,N.A.,N.A.,B09L7TVXGX
2025-03-14,358,1108,N.A.,N.A.,B09L7TVXGX
2025-03-15,366,1109,N.A.,N.A.,B09L7TVXGX
2025-03-16,374,1061,N.A.,N.A.,B09L7TVXGX
2025-03-17,400,952,4.3,19245,B09L7TVXGX
2025-03-18,354,1227,N.A.,N.A.,B09L7TVXGX
2025-03-19,354,1239,N.A.,N.A.,B09L7TVXGX
2025-03-20,372,1139,N.A.,N.A.,B09L7TVXGX
2025-03-21,376,1130,N.A.,N.A.,B09L7TVXGX
2025-03-22,349,1332,N.A.,N.A.,B09L7TVXGX
2025-03-23,342,1381,N.A.,N.A.,B09L7TVXGX
2025-03-24,337,1425,4.3,19282,B09L7TVXGX
2025-03-25,295,1834,N.A.,N.A.,B09L7TVXGX
2025-03-26,333,1464,N.A.,N.A.,B09L7TVXGX
2025-03-27,299,1795,N.A.,N.A.,B09L7TVXGX
2025-03-28,269,2181,N.A.,N.A.,B09L7TVXGX
2025-03-29,280,2040,N.A.,N.A.,B09L7TVXGX
2025-03-30,286,1964,N.A.,N.A.,B09L7TVXGX
2025-03-31,260,2332,4.3,19310,B09L7TVXGX
2025-04-01,263,2280,N.A.,N.A.,B09L7TVXGX
2025-04-02,499,630,N.A.,N.A.,B09L7TVXGX
2025-04-03,386,1101,N.A.,N.A.,B09L7TVXGX
2025-04-04,355,1304,N.A.,N.A.,B09L7TVXGX
2025-04-05,354,1309,N.A.,N.A.,B09L7TVXGX
2025-04-06,351,1267,N.A.,N.A.,B09L7TVXGX
2025-04-07,295,1813,N.A.,N.A.,B09L7TVXGX
2025-04-08,371,1125,4.3,19344,B09L7TVXGX
2025-04-09,400,952,N.A.,N.A.,B09L7TVXGX
2025-04-10,410,898,N.A.,N.A.,B09L7TVXGX
2025-04-11,420,849,N.A.,N.A.,B09L7TVXGX
2025-04-12,462,675,N.A.,N.A.,B09L7TVXGX
2025-04-13,463,673,N.A.,N.A.,B09L7TVXGX
2025-04-14,450,738,N.A.,N.A.,B09L7TVXGX
2025-04-15,391,1032,N.A.,N.A.,B09L7TVXGX
2025-04-16,343,1375,4.3,19382,B09L7TVXGX
2025-04-17,331,1491,N.A.,N.A.,B09L7TVXGX
2025-04-18,332,1489,N.A.,N.A.,B09L7TVXGX
2025-04-19,334,1493,N.A.,N.A.,B09L7TVXGX
2025-04-20,367,1240,N.A.,N.A.,B09L7TVXGX
2025-04-21,360,1288,N.A.,N.A.,B09L7TVXGX
2025-04-22,322,1606,N.A.,N.A.,B09L7TVXGX
2025-04-23,312,1710,4.3,19423,B09L7TVXGX
2025-04-24,316,1671,N.A.,N.A.,B09L7TVXGX
2025-04-25,322,1609,N.A.,N.A.,B09L7TVXGX
2025-04-26,333,1506,N.A.,N.A.,B09L7TVXGX
2025-04-27,356,1572,N.A.,N.A.,B09L7TVXGX
2025-04-28,320,1911,N.A.,N.A.,B09L7TVXGX
2025-04-29,310,2016,N.A.,N.A.,B09L7TVXGX
2025-04-30,323,1870,N.A.,N.A.,B09L7TVXGX
2025-05-01,361,1530,4.3,19465,B09L7TVXGX
2025-05-02,349,1625,N.A.,N.A.,B09L7TVXGX
2025-05-03,355,1578,N.A.,N.A.,B09L7TVXGX
2025-05-04,384,1362,N.A.,N.A.,B09L7TVXGX
2025-05-05,386,1349,N.A.,N.A.,B09L7TVXGX
2025-05-06,522,729,N.A.,N.A.,B09L7TVXGX
2025-05-07,537,687,N.A.,N.A.,B09L7TVXGX
2025-05-08,565,614,N.A.,N.A.,B09L7TVXGX
2025-05-09,604,527,4.3,19517,B09L7TVXGX
2025-05-10,608,520,N.A.,N.A.,B09L7TVXGX
2025-05-11,611,513,N.A.,N.A.,B09L7TVXGX
2025-05-12,621,494,N.A.,N.A.,B09L7TVXGX
2025-05-13,499,803,N.A.,N.A.,B09L7TVXGX
2025-05-14,435,1065,N.A.,N.A.,B09L7TVXGX
2025-05-15,481,866,N.A.,N.A.,B09L7TVXGX
2025-02-17,663,60,N.A.,N.A.,B091FXWSGJ
2025-02-18,663,60,N.A.,N.A.,B091FXWSGJ
2025-02-19,668,59,N.A.,N.A.,B091FXWSGJ
2025-02-20,679,57,N.A.,N.A.,B091FXWSGJ
2025-02-21,663,60,N.A.,N.A.,B091FXWSGJ
2025-02-22,625,68,N.A.,N.A.,B091FXWSGJ
2025-02-23,643,64,4.4,6206,B091FXWSGJ
2025-02-24,716,51,N.A.,N.A.,B091FXWSGJ
2025-02-25,716,51,N.A.,N.A.,B091FXWSGJ
2025-02-26,723,50,N.A.,N.A.,B091FXWSGJ
2025-02-27,704,53,N.A.,N.A.,B091FXWSGJ
2025-02-28,630,67,N.A.,N.A.,B091FXWSGJ
2025-03-01,645,64,N.A.,N.A.,B091FXWSGJ
2025-03-02,597,75,4.4,6255,B091FXWSGJ
2025-03-03,670,59,N.A.,N.A.,B091FXWSGJ
2025-03-04,655,62,N.A.,N.A.,B091FXWSGJ
2025-03-05,705,53,N.A.,N.A.,B091FXWSGJ
2025-03-06,724,50,N.A.,N.A.,B091FXWSGJ
2025-03-07,718,51,N.A.,N.A.,B091FXWSGJ
2025-03-08,724,50,N.A.,N.A.,B091FXWSGJ
2025-03-09,631,62,4.4,6300,B091FXWSGJ
2025-03-10,654,57,N.A.,N.A.,B091FXWSGJ
2025-03-11,675,53,N.A.,N.A.,B091FXWSGJ
2025-03-12,681,52,N.A.,N.A.,B091FXWSGJ
2025-03-13,635,61,N.A.,N.A.,B091FXWSGJ
2025-03-14,562,80,N.A.,N.A.,B091FXWSGJ
2025-03-15,522,94,N.A.,N.A.,B091FXWSGJ
2025-03-16,481,112,N.A.,N.A.,B091FXWSGJ
2025-03-17,510,103,4.4,6347,B091FXWSGJ
2025-03-18,544,92,N.A.,N.A.,B091FXWSGJ
2025-03-19,554,90,N.A.,N.A.,B091FXWSGJ
2025-03-20,558,90,N.A.,N.A.,B091FXWSGJ
2025-03-21,550,95,N.A.,N.A.,B091FXWSGJ
2025-03-22,539,103,N.A.,N.A.,B091FXWSGJ
2025-03-23,516,113,N.A.,N.A.,B091FXWSGJ
2025-03-24,516,113,N.A.,N.A.,B091FXWSGJ
2025-03-25,578,89,4.4,6393,B091FXWSGJ
2025-03-26,513,114,N.A.,N.A.,B091FXWSGJ
2025-03-27,529,107,N.A.,N.A.,B091FXWSGJ
2025-03-28,451,148,N.A.,N.A.,B091FXWSGJ
2025-03-29,435,159,N.A.,N.A.,B091FXWSGJ
2025-03-30,343,218,N.A.,N.A.,B091FXWSGJ
2025-03-31,357,201,N.A.,N.A.,B091FXWSGJ
2025-04-01,369,187,4.4,6490,B091FXWSGJ
2025-04-02,428,135,N.A.,N.A.,B091FXWSGJ
2025-04-03,466,111,N.A.,N.A.,B091FXWSGJ
2025-04-04,466,111,N.A.,N.A.,B091FXWSGJ
2025-04-05,431,133,N.A.,N.A.,B091FXWSGJ
2025-04-06,423,139,N.A.,N.A.,B091FXWSGJ
2025-04-07,432,132,N.A.,N.A.,B091FXWSGJ
2025-04-08,441,126,4.4,6535,B091FXWSGJ
2025-04-09,432,132,N.A.,N.A.,B091FXWSGJ
2025-04-10,424,138,N.A.,N.A.,B091FXWSGJ
2025-04-11,398,159,N.A.,N.A.,B091FXWSGJ
2025-04-12,377,178,N.A.,N.A.,B091FXWSGJ
2025-04-13,340,226,N.A.,N.A.,B091FXWSGJ
2025-04-14,345,223,N.A.,N.A.,B091FXWSGJ
2025-04-15,360,207,N.A.,N.A.,B091FXWSGJ
2025-04-16,377,192,4.4,6578,B091FXWSGJ
2025-04-17,387,185,N.A.,N.A.,B091FXWSGJ
2025-04-18,392,183,N.A.,N.A.,B091FXWSGJ
2025-04-19,400,179,N.A.,N.A.,B091FXWSGJ
2025-04-20,404,178,N.A.,N.A.,B091FXWSGJ
2025-04-21,470,132,N.A.,N.A.,B091FXWSGJ
2025-04-22,513,111,N.A.,N.A.,B091FXWSGJ
2025-04-23,510,115,N.A.,N.A.,B091FXWSGJ
2025-04-24,523,111,4.4,6624,B091FXWSGJ
2025-04-25,471,141,N.A.,N.A.,B091FXWSGJ
2025-04-26,513,120,N.A.,N.A.,B091FXWSGJ
2025-04-27,479,141,N.A.,N.A.,B091FXWSGJ
2025-04-28,449,161,N.A.,N.A.,B091FXWSGJ
2025-04-29,481,140,N.A.,N.A.,B091FXWSGJ
2025-04-30,470,147,N.A.,N.A.,B091FXWSGJ
2025-05-01,486,137,4.4,6662,B091FXWSGJ
2025-05-02,491,134,N.A.,N.A.,B091FXWSGJ
2025-05-03,458,155,N.A.,N.A.,B091FXWSGJ
2025-05-04,418,186,N.A.,N.A.,B091FXWSGJ
2025-05-05,436,171,N.A.,N.A.,B091FXWSGJ
2025-05-06,471,146,N.A.,N.A.,B091FXWSGJ
2025-05-07,453,158,N.A.,N.A.,B091FXWSGJ
2025-05-08,444,165,N.A.,N.A.,B091FXWSGJ
2025-05-09,456,156,4.4,6713,B091FXWSGJ
2025-05-10,426,179,N.A.,N.A.,B091FXWSGJ
2025-05-11,371,235,N.A.,N.A.,B091FXWSGJ
2025-05-12,358,251,N.A.,N.A.,B091FXWSGJ
2025-05-13,368,239,N.A.,N.A.,B091FXWSGJ
2025-05-14,405,198,N.A.,N.A.,B091FXWSGJ
2025-05-15,415,189,N.A.,N.A.,B091FXWSGJ
2025-02-17,329,1039,N.A.,N.A.,B079PZH7KS
2025-02-18,352,907,N.A.,N.A.,B079PZH7KS
2025-02-19,346,939,N.A.,N.A.,B079PZH7KS
2025-02-20,346,939,N.A.,N.A.,B079PZH7KS
2025-02-21,328,1050,N.A.,N.A.,B079PZH7KS
2025-02-22,318,1117,4.5,4618,B079PZH7KS
2025-02-23,357,991,N.A.,N.A.,B079PZH7KS
2025-02-24,371,914,N.A.,N.A.,B079PZH7KS
2025-02-25,372,913,N.A.,N.A.,B079PZH7KS
2025-02-26,362,962,N.A.,N.A.,B079PZH7KS
2025-02-27,358,988,N.A.,N.A.,B079PZH7KS
2025-02-28,375,895,N.A.,N.A.,B079PZH7KS
2025-03-01,371,917,4.6,5598,B079PZH7KS
2025-03-02,352,1020,N.A.,N.A.,B079PZH7KS
2025-03-03,403,758,N.A.,N.A.,B079PZH7KS
2025-03-04,371,903,N.A.,N.A.,B079PZH7KS
2025-03-05,377,867,N.A.,N.A.,B079PZH7KS
2025-03-06,347,1035,N.A.,N.A.,B079PZH7KS
2025-03-07,359,957,N.A.,N.A.,B079PZH7KS
2025-03-08,338,1079,4.6,5611,B079PZH7KS
2025-03-09,352,987,N.A.,N.A.,B079PZH7KS
2025-03-10,367,954,N.A.,N.A.,B079PZH7KS
2025-03-11,385,889,N.A.,N.A.,B079PZH7KS
2025-03-12,390,885,N.A.,N.A.,B079PZH7KS
2025-03-13,360,1069,N.A.,N.A.,B079PZH7KS
2025-03-14,383,968,N.A.,N.A.,B079PZH7KS
2025-03-15,379,1034,N.A.,N.A.,B079PZH7KS
2025-03-16,382,1020,4.6,5624,B079PZH7KS
2025-03-17,423,849,N.A.,N.A.,B079PZH7KS
2025-03-18,423,864,N.A.,N.A.,B079PZH7KS
2025-03-19,418,890,N.A.,N.A.,B079PZH7KS
2025-03-20,420,890,N.A.,N.A.,B079PZH7KS
2025-03-21,407,963,N.A.,N.A.,B079PZH7KS
2025-03-22,443,829,N.A.,N.A.,B079PZH7KS
2025-03-23,428,891,4.6,5627,B079PZH7KS
2025-03-24,473,720,N.A.,N.A.,B079PZH7KS
2025-03-25,490,667,N.A.,N.A.,B079PZH7KS
2025-03-26,650,340,N.A.,N.A.,B079PZH7KS
2025-03-27,712,266,N.A.,N.A.,B079PZH7KS
2025-03-28,723,252,N.A.,N.A.,B079PZH7KS
2025-03-29,691,279,N.A.,N.A.,B079PZH7KS
2025-03-30,680,291,N.A.,N.A.,B079PZH7KS
2025-03-31,703,266,4.6,5649,B079PZH7KS
2025-04-01,734,235,N.A.,N.A.,B079PZH7KS
2025-04-02,666,307,N.A.,N.A.,B079PZH7KS
2025-04-03,583,433,N.A.,N.A.,B079PZH7KS
2025-04-04,537,531,N.A.,N.A.,B079PZH7KS
2025-04-05,518,578,N.A.,N.A.,B079PZH7KS
2025-04-06,463,670,N.A.,N.A.,B079PZH7KS
2025-04-07,477,623,N.A.,N.A.,B079PZH7KS
2025-04-08,478,621,4.6,5664,B079PZH7KS
2025-04-09,454,704,N.A.,N.A.,B079PZH7KS
2025-04-10,422,841,N.A.,N.A.,B079PZH7KS
2025-04-11,412,887,N.A.,N.A.,B079PZH7KS
2025-04-12,390,1009,N.A.,N.A.,B079PZH7KS
2025-04-13,401,946,N.A.,N.A.,B079PZH7KS
2025-04-14,437,794,N.A.,N.A.,B079PZH7KS
2025-04-15,405,959,4.6,5676,B079PZH7KS
2025-04-16,394,1024,N.A.,N.A.,B079PZH7KS
2025-04-17,395,1031,N.A.,N.A.,B079PZH7KS
2025-04-18,388,1081,N.A.,N.A.,B079PZH7KS
2025-04-19,396,1056,N.A.,N.A.,B079PZH7KS
2025-04-20,404,1013,N.A.,N.A.,B079PZH7KS
2025-04-21,420,929,N.A.,N.A.,B079PZH7KS
2025-04-22,446,810,N.A.,N.A.,B079PZH7KS
2025-04-23,456,771,4.6,5694,B079PZH7KS
2025-04-24,465,736,N.A.,N.A.,B079PZH7KS
2025-04-25,447,806,N.A.,N.A.,B079PZH7KS
2025-04-26,29,39666,N.A.,N.A.,B079PZH7KS
2025-04-27,451,992,N.A.,N.A.,B079PZH7KS
2025-04-28,476,886,N.A.,N.A.,B079PZH7KS
2025-04-29,510,768,N.A.,N.A.,B079PZH7KS
2025-04-30,523,725,N.A.,N.A.,B079PZH7KS
2025-05-01,508,773,4.6,5704,B079PZH7KS
2025-05-02,492,829,N.A.,N.A.,B079PZH7KS
2025-05-03,457,965,N.A.,N.A.,B079PZH7KS
2025-05-04,471,907,N.A.,N.A.,B079PZH7KS
2025-05-05,466,928,N.A.,N.A.,B079PZH7KS
2025-05-06,475,890,N.A.,N.A.,B079PZH7KS
2025-05-07,478,880,N.A.,N.A.,B079PZH7KS
2025-05-08,467,922,4.6,5725,B079PZH7KS
2025-05-09,441,1038,N.A.,N.A.,B079PZH7KS
2025-05-10,451,992,N.A.,N.A.,B079PZH7KS
2025-05-11,441,1038,N.A.,N.A.,B079PZH7KS
2025-05-12,462,943,N.A.,N.A.,B079PZH7KS
2025-05-13,466,926,N.A.,N.A.,B079PZH7KS
2025-05-14,482,863,N.A.,N.A.,B079PZH7KS
2025-05-15,477,882,N.A.,N.A.,B079PZH7KS
2025-02-17,462,502,N.A.,N.A.,B07C5HLGRM
2025-02-18,433,583,N.A.,N.A.,B07C5HLGRM
2025-02-19,427,600,N.A.,N.A.,B07C5HLGRM
2025-02-20,432,586,N.A.,N.A.,B07C5HLGRM
2025-02-21,450,535,N.A.,N.A.,B07C5HLGRM
2025-02-22,463,501,N.A.,N.A.,B07C5HLGRM
2025-02-23,479,521,4.5,19447,B07C5HLGRM
2025-02-24,450,601,N.A.,N.A.,B07C5HLGRM
2025-02-25,472,537,N.A.,N.A.,B07C5HLGRM
2025-02-26,504,460,N.A.,N.A.,B07C5HLGRM
2025-02-27,506,456,N.A.,N.A.,B07C5HLGRM
2025-02-28,508,452,N.A.,N.A.,B07C5HLGRM
2025-03-01,483,510,N.A.,N.A.,B07C5HLGRM
2025-03-02,459,575,N.A.,N.A.,B07C5HLGRM
2025-03-03,447,600,N.A.,N.A.,B07C5HLGRM
2025-03-04,424,670,N.A.,N.A.,B07C5HLGRM
2025-03-05,440,613,N.A.,N.A.,B07C5HLGRM
2025-03-06,436,622,N.A.,N.A.,B07C5HLGRM
2025-03-07,431,632,N.A.,N.A.,B07C5HLGRM
2025-03-08,426,641,N.A.,N.A.,B07C5HLGRM
2025-03-09,428,634,N.A.,N.A.,B07C5HLGRM
2025-03-10,441,631,N.A.,N.A.,B07C5HLGRM
2025-03-11,430,696,N.A.,N.A.,B07C5HLGRM
2025-03-12,456,628,N.A.,N.A.,B07C5HLGRM
2025-03-13,443,686,N.A.,N.A.,B07C5HLGRM
2025-03-14,434,743,N.A.,N.A.,B07C5HLGRM
2025-03-15,477,643,N.A.,N.A.,B07C5HLGRM
2025-03-16,451,724,N.A.,N.A.,B07C5HLGRM
2025-03-17,450,748,N.A.,N.A.,B07C5HLGRM
2025-03-18,442,787,N.A.,N.A.,B07C5HLGRM
2025-03-19,466,710,N.A.,N.A.,B07C5HLGRM
2025-03-20,448,782,N.A.,N.A.,B07C5HLGRM
2025-03-21,455,765,N.A.,N.A.,B07C5HLGRM
2025-03-22,460,768,N.A.,N.A.,B07C5HLGRM
2025-03-23,488,677,N.A.,N.A.,B07C5HLGRM
2025-03-24,433,868,N.A.,N.A.,B07C5HLGRM
2025-03-25,416,946,N.A.,N.A.,B07C5HLGRM
2025-03-26,575,460,4.5,19720,B07C5HLGRM
2025-03-27,570,467,N.A.,N.A.,B07C5HLGRM
2025-03-28,601,407,N.A.,N.A.,B07C5HLGRM
2025-03-29,611,385,N.A.,N.A.,B07C5HLGRM
2025-03-30,574,451,N.A.,N.A.,B07C5HLGRM
2025-03-31,552,497,N.A.,N.A.,B07C5HLGRM
2025-04-01,590,421,N.A.,N.A.,B07C5HLGRM
2025-04-02,527,555,N.A.,N.A.,B07C5HLGRM
2025-04-03,477,698,N.A.,N.A.,B07C5HLGRM
2025-04-04,423,909,N.A.,N.A.,B07C5HLGRM
2025-04-05,436,851,N.A.,N.A.,B07C5HLGRM
2025-04-06,409,901,N.A.,N.A.,B07C5HLGRM
2025-04-07,374,1107,N.A.,N.A.,B07C5HLGRM
2025-04-08,386,1029,N.A.,N.A.,B07C5HLGRM
2025-04-09,343,1335,N.A.,N.A.,B07C5HLGRM
2025-04-10,333,1417,N.A.,N.A.,B07C5HLGRM
2025-04-11,357,1222,N.A.,N.A.,B07C5HLGRM
2025-04-12,357,1223,N.A.,N.A.,B07C5HLGRM
2025-04-13,340,1354,N.A.,N.A.,B07C5HLGRM
2025-04-14,307,1691,N.A.,N.A.,B07C5HLGRM
2025-04-15,302,1761,N.A.,N.A.,B07C5HLGRM
2025-04-16,309,1690,N.A.,N.A.,B07C5HLGRM
2025-04-17,288,1954,N.A.,N.A.,B07C5HLGRM
2025-04-18,309,1718,N.A.,N.A.,B07C5HLGRM
2025-04-19,348,1382,N.A.,N.A.,B07C5HLGRM
2025-04-20,329,1537,N.A.,N.A.,B07C5HLGRM
2025-04-21,315,1674,N.A.,N.A.,B07C5HLGRM
2025-04-22,325,1582,N.A.,N.A.,B07C5HLGRM
2025-04-23,312,1707,N.A.,N.A.,B07C5HLGRM
2025-04-24,311,1721,N.A.,N.A.,B07C5HLGRM
2025-04-25,289,1971,4.5,19850,B07C5HLGRM
2025-04-26,304,1789,N.A.,N.A.,B07C5HLGRM
2025-04-27,326,1846,N.A.,N.A.,B07C5HLGRM
2025-04-28,325,1850,N.A.,N.A.,B07C5HLGRM
2025-04-29,326,1841,N.A.,N.A.,B07C5HLGRM
2025-04-30,323,1879,N.A.,N.A.,B07C5HLGRM
2025-05-01,312,1993,N.A.,N.A.,B07C5HLGRM
2025-05-02,332,1787,N.A.,N.A.,B07C5HLGRM
2025-05-03,333,1769,N.A.,N.A.,B07C5HLGRM
2025-05-04,325,1850,N.A.,N.A.,B07C5HLGRM
2025-05-05,306,2064,N.A.,N.A.,B07C5HLGRM
2025-05-06,287,2301,N.A.,N.A.,B07C5HLGRM
2025-05-07,278,2440,N.A.,N.A.,B07C5HLGRM
2025-05-08,277,2459,N.A.,N.A.,B07C5HLGRM
2025-05-09,295,2200,N.A.,N.A.,B07C5HLGRM
2025-05-10,281,2398,N.A.,N.A.,B07C5HLGRM
2025-05-11,288,2299,N.A.,N.A.,B07C5HLGRM
2025-05-12,285,2334,N.A.,N.A.,B07C5HLGRM
2025-05-13,269,2583,N.A.,N.A.,B07C5HLGRM
2025-05-14,292,2235,N.A.,N.A.,B07C5HLGRM
2025-05-15,321,1900,N.A.,N.A.,B07C5HLGRM
2025-02-17,N.A.,N.A.,N.A.,N.A.,B0DDNM1Y6M
2025-02-18,N.A.,N.A.,N.A.,N.A.,B0DDNM1Y6M
2025-02-19,N.A.,N.A.,N.A.,N.A.,B0DDNM1Y6M
2025-02-20,N.A.,N.A.,N.A.,N.A.,B0DDNM1Y6M
2025-02-21,N.A.,N.A.,N.A.,N.A.,B0DDNM1Y6M
2025-02-22,N.A.,N.A.,N.A.,N.A.,B0DDNM1Y6M
2025-02-23,N.A.,N.A.,N.A.,N.A.,B0DDNM1Y6M
2025-02-24,N.A.,N.A.,N.A.,N.A.,B0DDNM1Y6M
2025-02-25,N.A.,N.A.,N.A.,N.A.,B0DDNM1Y6M
2025-02-26,N.A.,N.A.,N.A.,N.A.,B0DDNM1Y6M
2025-02-27,0,208197,N.A.,N.A.,B0DDNM1Y6M
2025-02-28,0,204337,N.A.,N.A.,B0DDNM1Y6M
2025-03-01,0,200478,N.A.,N.A.,B0DDNM1Y6M
2025-03-02,0,196618,N.A.,N.A.,B0DDNM1Y6M
2025-03-03,0,192758,N.A.,N.A.,B0DDNM1Y6M
2025-03-04,0,188898,N.A.,N.A.,B0DDNM1Y6M
2025-03-05,0,185039,N.A.,N.A.,B0DDNM1Y6M
2025-03-06,0,181179,N.A.,N.A.,B0DDNM1Y6M
2025-03-07,0,177319,N.A.,N.A.,B0DDNM1Y6M
2025-03-08,0,173460,N.A.,N.A.,B0DDNM1Y6M
2025-03-09,0,169600,N.A.,N.A.,B0DDNM1Y6M
2025-03-10,0,165740,N.A.,N.A.,B0DDNM1Y6M
2025-03-11,0,161880,N.A.,N.A.,B0DDNM1Y6M
2025-03-12,0,158021,N.A.,N.A.,B0DDNM1Y6M
2025-03-13,0,154161,N.A.,N.A.,B0DDNM1Y6M
2025-03-14,0,150301,N.A.,N.A.,B0DDNM1Y6M
2025-03-15,0,146442,N.A.,N.A.,B0DDNM1Y6M
2025-03-16,0,142582,N.A.,N.A.,B0DDNM1Y6M
2025-03-17,0,138722,N.A.,N.A.,B0DDNM1Y6M
2025-03-18,0,134862,N.A.,N.A.,B0DDNM1Y6M
2025-03-19,0,131003,N.A.,N.A.,B0DDNM1Y6M
2025-03-20,0,127143,N.A.,N.A.,B0DDNM1Y6M
2025-03-21,0,123283,N.A.,N.A.,B0DDNM1Y6M
2025-03-22,0,119424,N.A.,N.A.,B0DDNM1Y6M
2025-03-23,0,115564,N.A.,N.A.,B0DDNM1Y6M
2025-03-24,0,111704,N.A.,N.A.,B0DDNM1Y6M
2025-03-25,0,107844,N.A.,N.A.,B0DDNM1Y6M
2025-03-26,0,103985,N.A.,N.A.,B0DDNM1Y6M
2025-03-27,0,100125,N.A.,N.A.,B0DDNM1Y6M
2025-03-28,0,100221,N.A.,N.A.,B0DDNM1Y6M
2025-03-29,0,100316,N.A.,N.A.,B0DDNM1Y6M
2025-03-30,0,100412,N.A.,N.A.,B0DDNM1Y6M
2025-03-31,0,100507,N.A.,N.A.,B0DDNM1Y6M
2025-04-01,0,100603,N.A.,N.A.,B0DDNM1Y6M
2025-04-02,0,100698,N.A.,N.A.,B0DDNM1Y6M
2025-04-03,0,100794,N.A.,N.A.,B0DDNM1Y6M
2025-04-04,0,100890,N.A.,N.A.,B0DDNM1Y6M
2025-04-05,0,100985,N.A.,N.A.,B0DDNM1Y6M
2025-04-06,0,101081,N.A.,N.A.,B0DDNM1Y6M
2025-04-07,0,101176,N.A.,N.A.,B0DDNM1Y6M
2025-04-08,0,101272,N.A.,N.A.,B0DDNM1Y6M
2025-04-09,0,101367,N.A.,N.A.,B0DDNM1Y6M
2025-04-10,0,101463,N.A.,N.A.,B0DDNM1Y6M
2025-04-11,0,95325,N.A.,N.A.,B0DDNM1Y6M
2025-04-12,0,89187,N.A.,N.A.,B0DDNM1Y6M
2025-04-13,0,83050,N.A.,N.A.,B0DDNM1Y6M
2025-04-14,0,76912,N.A.,N.A.,B0DDNM1Y6M
2025-04-15,0,70774,N.A.,N.A.,B0DDNM1Y6M
2025-04-16,0,64636,N.A.,N.A.,B0DDNM1Y6M
2025-04-17,0,58498,N.A.,N.A.,B0DDNM1Y6M
2025-04-18,0,52361,N.A.,N.A.,B0DDNM1Y6M
2025-04-19,0,46223,N.A.,N.A.,B0DDNM1Y6M
2025-04-20,0,40085,N.A.,N.A.,B0DDNM1Y6M
2025-04-21,0,33947,N.A.,N.A.,B0DDNM1Y6M
2025-04-22,1,27810,N.A.,N.A.,B0DDNM1Y6M
2025-04-23,1,21672,N.A.,N.A.,B0DDNM1Y6M
2025-04-24,1,15534,N.A.,N.A.,B0DDNM1Y6M
2025-04-25,1,14746,N.A.,N.A.,B0DDNM1Y6M
2025-04-26,1,13958,N.A.,N.A.,B0DDNM1Y6M
2025-04-27,1,13170,N.A.,N.A.,B0DDNM1Y6M
2025-04-28,1,12382,N.A.,N.A.,B0DDNM1Y6M
2025-04-29,2,11594,N.A.,N.A.,B0DDNM1Y6M
2025-04-30,2,10806,N.A.,N.A.,B0DDNM1Y6M
2025-05-01,2,10018,5,1,B0DDNM1Y6M
2025-05-02,1,22296,N.A.,N.A.,B0DDNM1Y6M
2025-05-03,1,21119,N.A.,N.A.,B0DDNM1Y6M
2025-05-04,1,19941,N.A.,N.A.,B0DDNM1Y6M
2025-05-05,1,18764,N.A.,N.A.,B0DDNM1Y6M
2025-05-06,1,17587,N.A.,N.A.,B0DDNM1Y6M
2025-05-07,1,16410,N.A.,N.A.,B0DDNM1Y6M
2025-05-08,1,15232,N.A.,N.A.,B0DDNM1Y6M
2025-05-09,1,14055,N.A.,N.A.,B0DDNM1Y6M
2025-05-10,1,12878,N.A.,N.A.,B0DDNM1Y6M
2025-05-11,2,11700,N.A.,N.A.,B0DDNM1Y6M
2025-05-12,2,10523,N.A.,N.A.,B0DDNM1Y6M
2025-05-13,2,9346,N.A.,N.A.,B0DDNM1Y6M
2025-05-14,2,8169,N.A.,N.A.,B0DDNM1Y6M
2025-05-15,3,6991,N.A.,N.A.,B0DDNM1Y6M
2025-02-17,0,33972,N.A.,N.A.,B0DFD2BRKH
2025-02-18,2,9101,N.A.,N.A.,B0DFD2BRKH
2025-02-19,1,25529,N.A.,N.A.,B0DFD2BRKH
2025-02-20,1,20254,N.A.,N.A.,B0DFD2BRKH
2025-02-21,2,8796,N.A.,N.A.,B0DFD2BRKH
2025-02-22,2,8020,N.A.,N.A.,B0DFD2BRKH
2025-02-23,1,17904,N.A.,N.A.,B0DFD2BRKH
2025-02-24,1,15675,4.1,5,B0DFD2BRKH
2025-02-25,1,18526,N.A.,N.A.,B0DFD2BRKH
2025-02-26,1,27355,N.A.,N.A.,B0DFD2BRKH
2025-02-27,1,20643,N.A.,N.A.,B0DFD2BRKH
2025-02-28,3,6443,N.A.,N.A.,B0DFD2BRKH
2025-03-01,4,5379,N.A.,N.A.,B0DFD2BRKH
2025-03-02,1,14657,N.A.,N.A.,B0DFD2BRKH
2025-03-03,1,20817,N.A.,N.A.,B0DFD2BRKH
2025-03-04,3,6743,N.A.,N.A.,B0DFD2BRKH
2025-03-05,1,13753,N.A.,N.A.,B0DFD2BRKH
2025-03-06,1,12989,N.A.,N.A.,B0DFD2BRKH
2025-03-07,3,7654,N.A.,N.A.,B0DFD2BRKH
2025-03-08,1,14529,N.A.,N.A.,B0DFD2BRKH
2025-03-09,3,7211,N.A.,N.A.,B0DFD2BRKH
2025-03-10,2,9805,N.A.,N.A.,B0DFD2BRKH
2025-03-11,1,12577,N.A.,N.A.,B0DFD2BRKH
2025-03-12,1,20780,N.A.,N.A.,B0DFD2BRKH
2025-03-13,1,26086,N.A.,N.A.,B0DFD2BRKH
2025-03-14,1,21116,N.A.,N.A.,B0DFD2BRKH
2025-03-15,1,26828,N.A.,N.A.,B0DFD2BRKH
2025-03-16,1,29170,N.A.,N.A.,B0DFD2BRKH
2025-03-17,0,33139,N.A.,N.A.,B0DFD2BRKH
2025-03-18,3,6669,N.A.,N.A.,B0DFD2BRKH
2025-03-19,3,6669,N.A.,N.A.,B0DFD2BRKH
2025-03-20,2,10179,N.A.,N.A.,B0DFD2BRKH
2025-03-21,1,19457,N.A.,N.A.,B0DFD2BRKH
2025-03-22,1,26209,N.A.,N.A.,B0DFD2BRKH
2025-03-23,0,29443,N.A.,N.A.,B0DFD2BRKH
2025-03-24,0,34552,N.A.,N.A.,B0DFD2BRKH
2025-03-25,0,38642,N.A.,N.A.,B0DFD2BRKH
2025-03-26,0,41525,N.A.,N.A.,B0DFD2BRKH
2025-03-27,0,43938,N.A.,N.A.,B0DFD2BRKH
2025-03-28,0,45854,N.A.,N.A.,B0DFD2BRKH
2025-03-29,0,46668,N.A.,N.A.,B0DFD2BRKH
2025-03-30,0,46560,N.A.,N.A.,B0DFD2BRKH
2025-03-31,2,10273,N.A.,N.A.,B0DFD2BRKH
2025-04-01,1,19351,N.A.,N.A.,B0DFD2BRKH
2025-04-02,2,12188,N.A.,N.A.,B0DFD2BRKH
2025-04-03,1,17222,N.A.,N.A.,B0DFD2BRKH
2025-04-04,1,14220,N.A.,N.A.,B0DFD2BRKH
2025-04-05,1,20599,N.A.,N.A.,B0DFD2BRKH
2025-04-06,1,26216,N.A.,N.A.,B0DFD2BRKH
2025-04-07,0,31432,N.A.,N.A.,B0DFD2BRKH
2025-04-08,0,37656,N.A.,N.A.,B0DFD2BRKH
2025-04-09,0,42184,N.A.,N.A.,B0DFD2BRKH
2025-04-10,0,46158,N.A.,N.A.,B0DFD2BRKH
2025-04-11,0,48806,N.A.,N.A.,B0DFD2BRKH
2025-04-12,2,10113,N.A.,N.A.,B0DFD2BRKH
2025-04-13,1,23099,N.A.,N.A.,B0DFD2BRKH
2025-04-14,1,13552,N.A.,N.A.,B0DFD2BRKH
2025-04-15,1,24536,N.A.,N.A.,B0DFD2BRKH
2025-04-16,1,21370,N.A.,N.A.,B0DFD2BRKH
2025-04-17,1,13422,N.A.,N.A.,B0DFD2BRKH
2025-04-18,1,24401,N.A.,N.A.,B0DFD2BRKH
2025-04-19,0,30011,N.A.,N.A.,B0DFD2BRKH
2025-04-20,0,33881,4.6,11,B0DFD2BRKH
2025-04-21,0,38654,N.A.,N.A.,B0DFD2BRKH
2025-04-22,1,23712,N.A.,N.A.,B0DFD2BRKH
2025-04-23,1,18383,N.A.,N.A.,B0DFD2BRKH
2025-04-24,0,30989,N.A.,N.A.,B0DFD2BRKH
2025-04-25,0,36421,N.A.,N.A.,B0DFD2BRKH
2025-04-26,0,41005,N.A.,N.A.,B0DFD2BRKH
2025-04-27,1,13007,N.A.,N.A.,B0DFD2BRKH
2025-04-28,1,21343,N.A.,N.A.,B0DFD2BRKH
2025-04-29,0,29239,N.A.,N.A.,B0DFD2BRKH
2025-04-30,0,31761,N.A.,N.A.,B0DFD2BRKH
2025-05-01,0,34284,N.A.,N.A.,B0DFD2BRKH
2025-05-02,0,36806,N.A.,N.A.,B0DFD2BRKH
2025-05-03,0,39329,N.A.,N.A.,B0DFD2BRKH
2025-05-04,0,41851,N.A.,N.A.,B0DFD2BRKH
2025-05-05,0,44374,N.A.,N.A.,B0DFD2BRKH
2025-05-06,0,46896,N.A.,N.A.,B0DFD2BRKH
2025-05-07,0,49419,N.A.,N.A.,B0DFD2BRKH
2025-05-08,0,51941,N.A.,N.A.,B0DFD2BRKH
2025-05-09,0,54464,N.A.,N.A.,B0DFD2BRKH
2025-05-10,0,56986,N.A.,N.A.,B0DFD2BRKH
2025-05-11,0,59509,N.A.,N.A.,B0DFD2BRKH
2025-05-12,0,62031,N.A.,N.A.,B0DFD2BRKH
2025-05-13,0,63295,N.A.,N.A.,B0DFD2BRKH
2025-05-14,0,64178,N.A.,N.A.,B0DFD2BRKH
2025-05-15,0,46470,N.A.,N.A.,B0DFD2BRKH
2025-02-17,N.A.,N.A.,N.A.,N.A.,B0DL9DXD15
2025-02-18,N.A.,N.A.,N.A.,N.A.,B0DL9DXD15
2025-02-19,N.A.,N.A.,N.A.,N.A.,B0DL9DXD15
2025-02-20,N.A.,N.A.,N.A.,N.A.,B0DL9DXD15
2025-02-21,N.A.,N.A.,N.A.,N.A.,B0DL9DXD15
2025-02-22,N.A.,N.A.,N.A.,N.A.,B0DL9DXD15
2025-02-23,N.A.,N.A.,N.A.,N.A.,B0DL9DXD15
2025-02-24,N.A.,N.A.,N.A.,N.A.,B0DL9DXD15
2025-02-25,N.A.,N.A.,N.A.,N.A.,B0DL9DXD15
2025-02-26,N.A.,N.A.,N.A.,N.A.,B0DL9DXD15
2025-02-27,N.A.,N.A.,N.A.,N.A.,B0DL9DXD15
2025-02-28,N.A.,N.A.,N.A.,N.A.,B0DL9DXD15
2025-03-01,N.A.,N.A.,N.A.,N.A.,B0DL9DXD15
2025-03-02,N.A.,N.A.,N.A.,N.A.,B0DL9DXD15
2025-03-03,N.A.,N.A.,N.A.,N.A.,B0DL9DXD15
2025-03-04,N.A.,N.A.,N.A.,N.A.,B0DL9DXD15
2025-03-05,N.A.,N.A.,N.A.,N.A.,B0DL9DXD15
2025-03-06,N.A.,N.A.,N.A.,N.A.,B0DL9DXD15
2025-03-07,N.A.,N.A.,N.A.,N.A.,B0DL9DXD15
2025-03-08,N.A.,N.A.,N.A.,N.A.,B0DL9DXD15
2025-03-09,135,5621,4.8,12,B0DL9DXD15
2025-03-10,166,4131,N.A.,N.A.,B0DL9DXD15
2025-03-11,179,3677,N.A.,N.A.,B0DL9DXD15
2025-03-12,206,2951,N.A.,N.A.,B0DL9DXD15
2025-03-13,188,3470,N.A.,N.A.,B0DL9DXD15
2025-03-14,177,3848,N.A.,N.A.,B0DL9DXD15
2025-03-15,247,2278,N.A.,N.A.,B0DL9DXD15
2025-03-16,250,2228,N.A.,N.A.,B0DL9DXD15
2025-03-17,234,2544,N.A.,N.A.,B0DL9DXD15
2025-03-18,237,2521,N.A.,N.A.,B0DL9DXD15
2025-03-19,262,2140,N.A.,N.A.,B0DL9DXD15
2025-03-20,258,2221,N.A.,N.A.,B0DL9DXD15
2025-03-21,248,2410,N.A.,N.A.,B0DL9DXD15
2025-03-22,256,2318,N.A.,N.A.,B0DL9DXD15
2025-03-23,249,2436,N.A.,N.A.,B0DL9DXD15
2025-03-24,248,2479,N.A.,N.A.,B0DL9DXD15
2025-03-25,299,1784,N.A.,N.A.,B0DL9DXD15
2025-03-26,251,2448,N.A.,N.A.,B0DL9DXD15
2025-03-27,227,2900,N.A.,N.A.,B0DL9DXD15
2025-03-28,213,3239,N.A.,N.A.,B0DL9DXD15
2025-03-29,181,4257,N.A.,N.A.,B0DL9DXD15
2025-03-30,169,4699,N.A.,N.A.,B0DL9DXD15
2025-03-31,143,6044,N.A.,N.A.,B0DL9DXD15
2025-04-01,135,6592,N.A.,N.A.,B0DL9DXD15
2025-04-02,156,5317,N.A.,N.A.,B0DL9DXD15
2025-04-03,146,5837,N.A.,N.A.,B0DL9DXD15
2025-04-04,136,6513,N.A.,N.A.,B0DL9DXD15
2025-04-05,144,5987,N.A.,N.A.,B0DL9DXD15
2025-04-06,153,5553,N.A.,N.A.,B0DL9DXD15
2025-04-07,161,5163,N.A.,N.A.,B0DL9DXD15
2025-04-08,172,4649,N.A.,N.A.,B0DL9DXD15
2025-04-09,152,5636,4.6,41,B0DL9DXD15
2025-04-10,148,5861,N.A.,N.A.,B0DL9DXD15
2025-04-11,135,6673,N.A.,N.A.,B0DL9DXD15
2025-04-12,115,8355,N.A.,N.A.,B0DL9DXD15
2025-04-13,105,9490,N.A.,N.A.,B0DL9DXD15
2025-04-14,105,9464,N.A.,N.A.,B0DL9DXD15
2025-04-15,110,8893,N.A.,N.A.,B0DL9DXD15
2025-04-16,103,9704,N.A.,N.A.,B0DL9DXD15
2025-04-17,96,10576,N.A.,N.A.,B0DL9DXD15
2025-04-18,94,10845,N.A.,N.A.,B0DL9DXD15
2025-04-19,98,10198,N.A.,N.A.,B0DL9DXD15
2025-04-20,109,8952,N.A.,N.A.,B0DL9DXD15
2025-04-21,108,9031,N.A.,N.A.,B0DL9DXD15
2025-04-22,127,7241,N.A.,N.A.,B0DL9DXD15
2025-04-23,133,6808,N.A.,N.A.,B0DL9DXD15
2025-04-24,137,6574,N.A.,N.A.,B0DL9DXD15
2025-04-25,149,5792,N.A.,N.A.,B0DL9DXD15
2025-04-26,156,5448,N.A.,N.A.,B0DL9DXD15
2025-04-27,175,5104,N.A.,N.A.,B0DL9DXD15
2025-04-28,183,4760,N.A.,N.A.,B0DL9DXD15
2025-04-29,237,3176,N.A.,N.A.,B0DL9DXD15
2025-04-30,263,2684,N.A.,N.A.,B0DL9DXD15
2025-05-01,250,2906,N.A.,N.A.,B0DL9DXD15
2025-05-02,255,2813,N.A.,N.A.,B0DL9DXD15
2025-05-03,252,2877,N.A.,N.A.,B0DL9DXD15
2025-05-04,253,2851,N.A.,N.A.,B0DL9DXD15
2025-05-05,294,2209,N.A.,N.A.,B0DL9DXD15
2025-05-06,307,2056,N.A.,N.A.,B0DL9DXD15
2025-05-07,349,1629,N.A.,N.A.,B0DL9DXD15
2025-05-08,363,1509,N.A.,N.A.,B0DL9DXD15
2025-05-09,385,1356,N.A.,N.A.,B0DL9DXD15
2025-05-10,390,1323,4.7,85,B0DL9DXD15
2025-05-11,391,1315,N.A.,N.A.,B0DL9DXD15
2025-05-12,414,1177,N.A.,N.A.,B0DL9DXD15
2025-05-13,438,1049,N.A.,N.A.,B0DL9DXD15
2025-05-14,432,1080,N.A.,N.A.,B0DL9DXD15
2025-05-15,373,1440,N.A.,N.A.,B0DL9DXD15
2025-02-17,159,3784,N.A.,N.A.,B0CR8WH5FB
2025-02-18,172,3336,N.A.,N.A.,B0CR8WH5FB
2025-02-19,163,3625,N.A.,N.A.,B0CR8WH5FB
2025-02-20,155,3917,N.A.,N.A.,B0CR8WH5FB
2025-02-21,169,3426,N.A.,N.A.,B0CR8WH5FB
2025-02-22,168,3473,4.5,1024,B0CR8WH5FB
2025-02-23,176,3606,N.A.,N.A.,B0CR8WH5FB
2025-02-24,199,2939,N.A.,N.A.,B0CR8WH5FB
2025-02-25,226,2370,N.A.,N.A.,B0CR8WH5FB
2025-02-26,245,2049,N.A.,N.A.,B0CR8WH5FB
2025-02-27,296,1444,N.A.,N.A.,B0CR8WH5FB
2025-02-28,317,1264,N.A.,N.A.,B0CR8WH5FB
2025-03-01,333,1144,4.5,1047,B0CR8WH5FB
2025-03-02,364,953,N.A.,N.A.,B0CR8WH5FB
2025-03-03,324,1199,N.A.,N.A.,B0CR8WH5FB
2025-03-04,265,1779,N.A.,N.A.,B0CR8WH5FB
2025-03-05,222,2443,N.A.,N.A.,B0CR8WH5FB
2025-03-06,216,2584,N.A.,N.A.,B0CR8WH5FB
2025-03-07,209,2724,N.A.,N.A.,B0CR8WH5FB
2025-03-08,201,2948,N.A.,N.A.,B0CR8WH5FB
2025-03-09,192,3171,4.5,1066,B0CR8WH5FB
2025-03-10,166,4139,N.A.,N.A.,B0CR8WH5FB
2025-03-11,168,4104,N.A.,N.A.,B0CR8WH5FB
2025-03-12,165,4238,N.A.,N.A.,B0CR8WH5FB
2025-03-13,178,3776,N.A.,N.A.,B0CR8WH5FB
2025-03-14,169,4143,N.A.,N.A.,B0CR8WH5FB
2025-03-15,180,3826,N.A.,N.A.,B0CR8WH5FB
2025-03-16,192,3440,4.5,1080,B0CR8WH5FB
2025-03-17,202,3245,N.A.,N.A.,B0CR8WH5FB
2025-03-18,197,3419,N.A.,N.A.,B0CR8WH5FB
2025-03-19,216,2973,N.A.,N.A.,B0CR8WH5FB
2025-03-20,201,3364,N.A.,N.A.,B0CR8WH5FB
2025-03-21,201,3403,N.A.,N.A.,B0CR8WH5FB
2025-03-22,198,3551,N.A.,N.A.,B0CR8WH5FB
2025-03-23,203,3402,N.A.,N.A.,B0CR8WH5FB
2025-03-24,215,3128,4.5,1098,B0CR8WH5FB
2025-03-25,209,3298,N.A.,N.A.,B0CR8WH5FB
2025-03-26,263,2255,N.A.,N.A.,B0CR8WH5FB
2025-03-27,279,2036,N.A.,N.A.,B0CR8WH5FB
2025-03-28,296,1840,N.A.,N.A.,B0CR8WH5FB
2025-03-29,312,1677,N.A.,N.A.,B0CR8WH5FB
2025-03-30,342,1408,N.A.,N.A.,B0CR8WH5FB
2025-03-31,391,1075,4.5,1110,B0CR8WH5FB
2025-04-01,411,966,N.A.,N.A.,B0CR8WH5FB
2025-04-02,395,1053,N.A.,N.A.,B0CR8WH5FB
2025-04-03,371,1194,N.A.,N.A.,B0CR8WH5FB
2025-04-04,365,1233,N.A.,N.A.,B0CR8WH5FB
2025-04-05,347,1362,N.A.,N.A.,B0CR8WH5FB
2025-04-06,338,1374,N.A.,N.A.,B0CR8WH5FB
2025-04-07,344,1326,N.A.,N.A.,B0CR8WH5FB
2025-04-08,361,1191,4.5,1131,B0CR8WH5FB
2025-04-09,350,1276,N.A.,N.A.,B0CR8WH5FB
2025-04-10,365,1168,N.A.,N.A.,B0CR8WH5FB
2025-04-11,344,1323,N.A.,N.A.,B0CR8WH5FB
2025-04-12,325,1490,N.A.,N.A.,B0CR8WH5FB
2025-04-13,357,1226,N.A.,N.A.,B0CR8WH5FB
2025-04-14,376,1116,N.A.,N.A.,B0CR8WH5FB
2025-04-15,347,1338,4.5,1154,B0CR8WH5FB
2025-04-16,337,1428,N.A.,N.A.,B0CR8WH5FB
2025-04-17,324,1554,N.A.,N.A.,B0CR8WH5FB
2025-04-18,334,1478,N.A.,N.A.,B0CR8WH5FB
2025-04-19,345,1402,N.A.,N.A.,B0CR8WH5FB
2025-04-20,366,1244,N.A.,N.A.,B0CR8WH5FB
2025-04-21,372,1205,N.A.,N.A.,B0CR8WH5FB
2025-04-22,366,1246,4.5,1187,B0CR8WH5FB
2025-04-23,398,1042,N.A.,N.A.,B0CR8WH5FB
2025-04-24,371,1213,N.A.,N.A.,B0CR8WH5FB
2025-04-25,403,1016,N.A.,N.A.,B0CR8WH5FB
2025-04-26,397,1050,N.A.,N.A.,B0CR8WH5FB
2025-04-27,441,1036,N.A.,N.A.,B0CR8WH5FB
2025-04-28,433,1075,N.A.,N.A.,B0CR8WH5FB
2025-04-29,450,994,N.A.,N.A.,B0CR8WH5FB
2025-04-30,427,1107,4.5,1198,B0CR8WH5FB
2025-05-01,439,1046,N.A.,N.A.,B0CR8WH5FB
2025-05-02,455,971,N.A.,N.A.,B0CR8WH5FB
2025-05-03,458,961,N.A.,N.A.,B0CR8WH5FB
2025-05-04,469,913,N.A.,N.A.,B0CR8WH5FB
2025-05-05,492,826,N.A.,N.A.,B0CR8WH5FB
2025-05-06,624,489,N.A.,N.A.,B0CR8WH5FB
2025-05-07,674,407,4.5,1210,B0CR8WH5FB
2025-05-08,665,420,N.A.,N.A.,B0CR8WH5FB
2025-05-09,687,389,N.A.,N.A.,B0CR8WH5FB
2025-05-10,630,478,N.A.,N.A.,B0CR8WH5FB
2025-05-11,577,586,N.A.,N.A.,B0CR8WH5FB
2025-05-12,561,623,N.A.,N.A.,B0CR8WH5FB
2025-05-13,454,977,N.A.,N.A.,B0CR8WH5FB
2025-05-14,387,1337,N.A.,N.A.,B0CR8WH5FB
2025-05-15,455,971,4.5,1238,B0CR8WH5FB
2025-02-17,61,14090,N.A.,N.A.,B0CYSWV6K6
2025-02-18,68,12296,N.A.,N.A.,B0CYSWV6K6
2025-02-19,58,15223,N.A.,N.A.,B0CYSWV6K6
2025-02-20,60,14373,N.A.,N.A.,B0CYSWV6K6
2025-02-21,55,16088,4.5,196,B0CYSWV6K6
2025-02-22,54,16597,N.A.,N.A.,B0CYSWV6K6
2025-02-23,65,14628,N.A.,N.A.,B0CYSWV6K6
2025-02-24,84,10543,N.A.,N.A.,B0CYSWV6K6
2025-02-25,87,9968,N.A.,N.A.,B0CYSWV6K6
2025-02-26,86,10142,N.A.,N.A.,B0CYSWV6K6
2025-02-27,94,9047,N.A.,N.A.,B0CYSWV6K6
2025-02-28,103,7951,N.A.,N.A.,B0CYSWV6K6
2025-03-01,9,102838,N.A.,N.A.,B0CYSWV6K6
2025-03-02,82,10779,N.A.,N.A.,B0CYSWV6K6
2025-03-03,78,11644,N.A.,N.A.,B0CYSWV6K6
2025-03-04,87,10142,N.A.,N.A.,B0CYSWV6K6
2025-03-05,92,9473,N.A.,N.A.,B0CYSWV6K6
2025-03-06,95,9105,N.A.,N.A.,B0CYSWV6K6
2025-03-07,97,8957,N.A.,N.A.,B0CYSWV6K6
2025-03-08,99,8808,N.A.,N.A.,B0CYSWV6K6
2025-03-09,100,8660,N.A.,N.A.,B0CYSWV6K6
2025-03-10,111,7572,N.A.,N.A.,B0CYSWV6K6
2025-03-11,112,7527,N.A.,N.A.,B0CYSWV6K6
2025-03-12,109,7761,N.A.,N.A.,B0CYSWV6K6
2025-03-13,131,5999,N.A.,N.A.,B0CYSWV6K6
2025-03-14,136,5760,N.A.,N.A.,B0CYSWV6K6
2025-03-15,138,5674,N.A.,N.A.,B0CYSWV6K6
2025-03-16,143,5422,N.A.,N.A.,B0CYSWV6K6
2025-03-17,140,5646,N.A.,N.A.,B0CYSWV6K6
2025-03-18,148,5292,N.A.,N.A.,B0CYSWV6K6
2025-03-19,169,4378,N.A.,N.A.,B0CYSWV6K6
2025-03-20,169,4378,N.A.,N.A.,B0CYSWV6K6
2025-03-21,168,4479,N.A.,N.A.,B0CYSWV6K6
2025-03-22,157,5020,N.A.,N.A.,B0CYSWV6K6
2025-03-23,168,4575,N.A.,N.A.,B0CYSWV6K6
2025-03-24,174,4382,4.4,215,B0CYSWV6K6
2025-03-25,178,4260,N.A.,N.A.,B0CYSWV6K6
2025-03-26,167,4707,N.A.,N.A.,B0CYSWV6K6
2025-03-27,164,4859,N.A.,N.A.,B0CYSWV6K6
2025-03-28,150,5582,N.A.,N.A.,B0CYSWV6K6
2025-03-29,151,5569,N.A.,N.A.,B0CYSWV6K6
2025-03-30,171,4637,N.A.,N.A.,B0CYSWV6K6
2025-03-31,166,4862,N.A.,N.A.,B0CYSWV6K6
2025-04-01,153,5463,N.A.,N.A.,B0CYSWV6K6
2025-04-02,162,5046,N.A.,N.A.,B0CYSWV6K6
2025-04-03,142,6107,N.A.,N.A.,B0CYSWV6K6
2025-04-04,162,5031,N.A.,N.A.,B0CYSWV6K6
2025-04-05,167,4798,N.A.,N.A.,B0CYSWV6K6
2025-04-06,181,4298,N.A.,N.A.,B0CYSWV6K6
2025-04-07,162,5123,N.A.,N.A.,B0CYSWV6K6
2025-04-08,160,5181,N.A.,N.A.,B0CYSWV6K6
2025-04-09,150,5727,N.A.,N.A.,B0CYSWV6K6
2025-04-10,148,5855,N.A.,N.A.,B0CYSWV6K6
2025-04-11,152,5639,N.A.,N.A.,B0CYSWV6K6
2025-04-12,154,5491,N.A.,N.A.,B0CYSWV6K6
2025-04-13,135,6718,N.A.,N.A.,B0CYSWV6K6
2025-04-14,141,6279,N.A.,N.A.,B0CYSWV6K6
2025-04-15,159,5273,N.A.,N.A.,B0CYSWV6K6
2025-04-16,146,5994,N.A.,N.A.,B0CYSWV6K6
2025-04-17,156,5426,N.A.,N.A.,B0CYSWV6K6
2025-04-18,152,5649,N.A.,N.A.,B0CYSWV6K6
2025-04-19,160,5237,N.A.,N.A.,B0CYSWV6K6
2025-04-20,165,4986,N.A.,N.A.,B0CYSWV6K6
2025-04-21,184,4219,N.A.,N.A.,B0CYSWV6K6
2025-04-22,196,3840,N.A.,N.A.,B0CYSWV6K6
2025-04-23,219,3195,4.4,238,B0CYSWV6K6
2025-04-24,214,3329,N.A.,N.A.,B0CYSWV6K6
2025-04-25,197,3810,N.A.,N.A.,B0CYSWV6K6
2025-04-26,231,2933,N.A.,N.A.,B0CYSWV6K6
2025-04-27,239,3133,N.A.,N.A.,B0CYSWV6K6
2025-04-28,249,2935,N.A.,N.A.,B0CYSWV6K6
2025-04-29,272,2524,N.A.,N.A.,B0CYSWV6K6
2025-04-30,304,2086,N.A.,N.A.,B0CYSWV6K6
2025-05-01,281,2400,N.A.,N.A.,B0CYSWV6K6
2025-05-02,301,2125,N.A.,N.A.,B0CYSWV6K6
2025-05-03,292,2235,N.A.,N.A.,B0CYSWV6K6
2025-05-04,287,2305,N.A.,N.A.,B0CYSWV6K6
2025-05-05,300,2138,N.A.,N.A.,B0CYSWV6K6
2025-05-06,250,2912,N.A.,N.A.,B0CYSWV6K6
2025-05-07,270,2564,N.A.,N.A.,B0CYSWV6K6
2025-05-08,264,2666,N.A.,N.A.,B0CYSWV6K6
2025-05-09,258,2774,N.A.,N.A.,B0CYSWV6K6
2025-05-10,269,2580,N.A.,N.A.,B0CYSWV6K6
2025-05-11,276,2461,N.A.,N.A.,B0CYSWV6K6
2025-05-12,303,2099,N.A.,N.A.,B0CYSWV6K6
2025-05-13,300,2131,N.A.,N.A.,B0CYSWV6K6
2025-05-14,306,2065,N.A.,N.A.,B0CYSWV6K6
2025-05-15,285,2329,N.A.,N.A.,B0CYSWV6K6
2025-02-17,470,482,N.A.,N.A.,B0BRKG1LH1
2025-02-18,488,443,4.7,1878,B0BRKG1LH1
2025-02-19,497,424,N.A.,N.A.,B0BRKG1LH1
2025-02-20,504,410,N.A.,N.A.,B0BRKG1LH1
2025-02-21,503,411,N.A.,N.A.,B0BRKG1LH1
2025-02-22,512,394,N.A.,N.A.,B0BRKG1LH1
2025-02-23,521,425,N.A.,N.A.,B0BRKG1LH1
2025-02-24,545,381,N.A.,N.A.,B0BRKG1LH1
2025-02-25,545,381,4.7,1900,B0BRKG1LH1
2025-02-26,562,352,N.A.,N.A.,B0BRKG1LH1
2025-02-27,568,343,N.A.,N.A.,B0BRKG1LH1
2025-02-28,575,333,N.A.,N.A.,B0BRKG1LH1
2025-03-01,548,376,N.A.,N.A.,B0BRKG1LH1
2025-03-02,530,407,N.A.,N.A.,B0BRKG1LH1
2025-03-03,552,360,N.A.,N.A.,B0BRKG1LH1
2025-03-04,571,323,N.A.,N.A.,B0BRKG1LH1
2025-03-05,585,299,4.7,1982,B0BRKG1LH1
2025-03-06,564,327,N.A.,N.A.,B0BRKG1LH1
2025-03-07,560,327,N.A.,N.A.,B0BRKG1LH1
2025-03-08,503,423,N.A.,N.A.,B0BRKG1LH1
2025-03-09,487,460,N.A.,N.A.,B0BRKG1LH1
2025-03-10,543,379,N.A.,N.A.,B0BRKG1LH1
2025-03-11,562,366,N.A.,N.A.,B0BRKG1LH1
2025-03-12,594,330,4.7,2018,B0BRKG1LH1
2025-03-13,579,364,N.A.,N.A.,B0BRKG1LH1
2025-03-14,570,398,N.A.,N.A.,B0BRKG1LH1
2025-03-15,603,376,N.A.,N.A.,B0BRKG1LH1
2025-03-16,574,422,N.A.,N.A.,B0BRKG1LH1
2025-03-17,594,400,N.A.,N.A.,B0BRKG1LH1
2025-03-18,588,418,N.A.,N.A.,B0BRKG1LH1
2025-03-19,632,355,N.A.,N.A.,B0BRKG1LH1
2025-03-20,635,355,4.7,2057,B0BRKG1LH1
2025-03-21,686,298,N.A.,N.A.,B0BRKG1LH1
2025-03-22,676,319,N.A.,N.A.,B0BRKG1LH1
2025-03-23,678,316,N.A.,N.A.,B0BRKG1LH1
2025-03-24,660,333,N.A.,N.A.,B0BRKG1LH1
2025-03-25,668,319,N.A.,N.A.,B0BRKG1LH1
2025-03-26,966,111,N.A.,N.A.,B0BRKG1LH1
2025-03-27,1017,92,4.7,2073,B0BRKG1LH1
2025-03-28,966,106,N.A.,N.A.,B0BRKG1LH1
2025-03-29,934,113,N.A.,N.A.,B0BRKG1LH1
2025-03-30,905,125,N.A.,N.A.,B0BRKG1LH1
2025-03-31,888,133,N.A.,N.A.,B0BRKG1LH1
2025-04-01,944,109,N.A.,N.A.,B0BRKG1LH1
2025-04-02,855,150,N.A.,N.A.,B0BRKG1LH1
2025-04-03,760,213,N.A.,N.A.,B0BRKG1LH1
2025-04-04,712,256,4.6,2105,B0BRKG1LH1
2025-04-05,678,293,N.A.,N.A.,B0BRKG1LH1
2025-04-06,601,331,N.A.,N.A.,B0BRKG1LH1
2025-04-07,588,354,N.A.,N.A.,B0BRKG1LH1
2025-04-08,593,345,N.A.,N.A.,B0BRKG1LH1
2025-04-09,617,306,N.A.,N.A.,B0BRKG1LH1
2025-04-10,601,332,N.A.,N.A.,B0BRKG1LH1
2025-04-11,565,397,N.A.,N.A.,B0BRKG1LH1
2025-04-12,565,396,4.7,2168,B0BRKG1LH1
2025-04-13,557,413,N.A.,N.A.,B0BRKG1LH1
2025-04-14,559,424,N.A.,N.A.,B0BRKG1LH1
2025-04-15,571,408,N.A.,N.A.,B0BRKG1LH1
2025-04-16,569,419,N.A.,N.A.,B0BRKG1LH1
2025-04-17,576,410,N.A.,N.A.,B0BRKG1LH1
2025-04-18,576,420,N.A.,N.A.,B0BRKG1LH1
2025-04-19,573,439,N.A.,N.A.,B0BRKG1LH1
2025-04-20,569,448,4.7,2194,B0BRKG1LH1
2025-04-21,564,459,N.A.,N.A.,B0BRKG1LH1
2025-04-22,586,414,N.A.,N.A.,B0BRKG1LH1
2025-04-23,572,442,N.A.,N.A.,B0BRKG1LH1
2025-04-24,579,428,N.A.,N.A.,B0BRKG1LH1
2025-04-25,576,433,N.A.,N.A.,B0BRKG1LH1
2025-04-26,276,2147,N.A.,N.A.,B0BRKG1LH1
2025-04-27,528,711,N.A.,N.A.,B0BRKG1LH1
2025-04-28,548,656,4.6,2217,B0BRKG1LH1
2025-04-29,589,559,N.A.,N.A.,B0BRKG1LH1
2025-04-30,570,600,N.A.,N.A.,B0BRKG1LH1
2025-05-01,634,471,N.A.,N.A.,B0BRKG1LH1
2025-05-02,616,503,N.A.,N.A.,B0BRKG1LH1
2025-05-03,601,534,N.A.,N.A.,B0BRKG1LH1
2025-05-04,598,539,N.A.,N.A.,B0BRKG1LH1
2025-05-05,592,551,4.6,2242,B0BRKG1LH1
2025-05-06,570,600,N.A.,N.A.,B0BRKG1LH1
2025-05-07,576,588,N.A.,N.A.,B0BRKG1LH1
2025-05-08,592,551,N.A.,N.A.,B0BRKG1LH1
2025-05-09,603,529,N.A.,N.A.,B0BRKG1LH1
2025-05-10,583,572,N.A.,N.A.,B0BRKG1LH1
2025-05-11,555,637,N.A.,N.A.,B0BRKG1LH1
2025-05-12,542,671,N.A.,N.A.,B0BRKG1LH1
2025-05-13,586,564,4.7,2280,B0BRKG1LH1
2025-05-14,615,506,N.A.,N.A.,B0BRKG1LH1
2025-05-15,623,491,N.A.,N.A.,B0BRKG1LH1
2025-02-17,N.A.,N.A.,N.A.,N.A.,B0DBZWY9FZ
2025-02-18,N.A.,N.A.,N.A.,N.A.,B0DBZWY9FZ
2025-02-19,N.A.,N.A.,N.A.,N.A.,B0DBZWY9FZ
2025-02-20,N.A.,N.A.,N.A.,N.A.,B0DBZWY9FZ
2025-02-21,N.A.,N.A.,N.A.,N.A.,B0DBZWY9FZ
2025-02-22,N.A.,N.A.,N.A.,N.A.,B0DBZWY9FZ
2025-02-23,N.A.,N.A.,N.A.,N.A.,B0DBZWY9FZ
2025-02-24,N.A.,N.A.,N.A.,N.A.,B0DBZWY9FZ
2025-02-25,N.A.,N.A.,N.A.,N.A.,B0DBZWY9FZ
2025-02-26,N.A.,N.A.,N.A.,N.A.,B0DBZWY9FZ
2025-02-27,N.A.,N.A.,N.A.,N.A.,B0DBZWY9FZ
2025-02-28,N.A.,N.A.,N.A.,N.A.,B0DBZWY9FZ
2025-03-01,N.A.,N.A.,N.A.,N.A.,B0DBZWY9FZ
2025-03-02,N.A.,N.A.,N.A.,N.A.,B0DBZWY9FZ
2025-03-03,N.A.,N.A.,N.A.,N.A.,B0DBZWY9FZ
2025-03-04,N.A.,N.A.,N.A.,N.A.,B0DBZWY9FZ
2025-03-05,N.A.,N.A.,N.A.,N.A.,B0DBZWY9FZ
2025-03-06,N.A.,N.A.,N.A.,N.A.,B0DBZWY9FZ
2025-03-07,N.A.,N.A.,N.A.,N.A.,B0DBZWY9FZ
2025-03-08,N.A.,N.A.,N.A.,N.A.,B0DBZWY9FZ
2025-03-09,N.A.,N.A.,N.A.,N.A.,B0DBZWY9FZ
2025-03-10,N.A.,N.A.,N.A.,N.A.,B0DBZWY9FZ
2025-03-11,N.A.,N.A.,N.A.,N.A.,B0DBZWY9FZ
2025-03-12,N.A.,N.A.,N.A.,N.A.,B0DBZWY9FZ
2025-03-13,1,14092,N.A.,N.A.,B0DBZWY9FZ
2025-03-14,1,13996,N.A.,N.A.,B0DBZWY9FZ
2025-03-15,1,13900,N.A.,N.A.,B0DBZWY9FZ
2025-03-16,1,13804,N.A.,N.A.,B0DBZWY9FZ
2025-03-17,1,13709,N.A.,N.A.,B0DBZWY9FZ
2025-03-18,1,13613,N.A.,N.A.,B0DBZWY9FZ
2025-03-19,1,13517,N.A.,N.A.,B0DBZWY9FZ
2025-03-20,1,13421,4.3,7,B0DBZWY9FZ
2025-03-21,1,13472,N.A.,N.A.,B0DBZWY9FZ
2025-03-22,1,13523,N.A.,N.A.,B0DBZWY9FZ
2025-03-23,1,13574,N.A.,N.A.,B0DBZWY9FZ
2025-03-24,1,13625,N.A.,N.A.,B0DBZWY9FZ
2025-03-25,1,13676,N.A.,N.A.,B0DBZWY9FZ
2025-03-26,1,13727,N.A.,N.A.,B0DBZWY9FZ
2025-03-27,1,13778,N.A.,N.A.,B0DBZWY9FZ
2025-03-28,1,15163,N.A.,N.A.,B0DBZWY9FZ
2025-03-29,1,16549,N.A.,N.A.,B0DBZWY9FZ
2025-03-30,1,17934,N.A.,N.A.,B0DBZWY9FZ
2025-03-31,1,19319,N.A.,N.A.,B0DBZWY9FZ
2025-04-01,1,20704,N.A.,N.A.,B0DBZWY9FZ
2025-04-02,1,22090,N.A.,N.A.,B0DBZWY9FZ
2025-04-03,1,23475,N.A.,N.A.,B0DBZWY9FZ
2025-04-04,1,21376,N.A.,N.A.,B0DBZWY9FZ
2025-04-05,1,19278,N.A.,N.A.,B0DBZWY9FZ
2025-04-06,1,17179,N.A.,N.A.,B0DBZWY9FZ
2025-04-07,1,15081,N.A.,N.A.,B0DBZWY9FZ
2025-04-08,1,12982,N.A.,N.A.,B0DBZWY9FZ
2025-04-09,2,10884,N.A.,N.A.,B0DBZWY9FZ
2025-04-10,2,8785,N.A.,N.A.,B0DBZWY9FZ
2025-04-11,3,7735,N.A.,N.A.,B0DBZWY9FZ
2025-04-12,3,7795,N.A.,N.A.,B0DBZWY9FZ
2025-04-13,1,12548,N.A.,N.A.,B0DBZWY9FZ
2025-04-14,1,12885,N.A.,N.A.,B0DBZWY9FZ
2025-04-15,1,13222,N.A.,N.A.,B0DBZWY9FZ
2025-04-16,1,13559,N.A.,N.A.,B0DBZWY9FZ
2025-04-17,1,13897,N.A.,N.A.,B0DBZWY9FZ
2025-04-18,1,14234,N.A.,N.A.,B0DBZWY9FZ
2025-04-19,1,14571,N.A.,N.A.,B0DBZWY9FZ
2025-04-20,1,14908,4.4,8,B0DBZWY9FZ
2025-04-21,1,13843,N.A.,N.A.,B0DBZWY9FZ
2025-04-22,1,12777,N.A.,N.A.,B0DBZWY9FZ
2025-04-23,2,11712,N.A.,N.A.,B0DBZWY9FZ
2025-04-24,2,10646,N.A.,N.A.,B0DBZWY9FZ
2025-04-25,2,9581,N.A.,N.A.,B0DBZWY9FZ
2025-04-26,1,20543,N.A.,N.A.,B0DBZWY9FZ
2025-04-27,1,18349,N.A.,N.A.,B0DBZWY9FZ
2025-04-28,1,16156,N.A.,N.A.,B0DBZWY9FZ
2025-04-29,1,13962,N.A.,N.A.,B0DBZWY9FZ
2025-04-30,2,11769,N.A.,N.A.,B0DBZWY9FZ
2025-05-01,2,9575,N.A.,N.A.,B0DBZWY9FZ
2025-05-02,3,7382,N.A.,N.A.,B0DBZWY9FZ
2025-05-03,4,5188,N.A.,N.A.,B0DBZWY9FZ
2025-05-04,1,13543,N.A.,N.A.,B0DBZWY9FZ
2025-05-05,1,13334,N.A.,N.A.,B0DBZWY9FZ
2025-05-06,1,13124,N.A.,N.A.,B0DBZWY9FZ
2025-05-07,1,12915,N.A.,N.A.,B0DBZWY9FZ
2025-05-08,1,12706,N.A.,N.A.,B0DBZWY9FZ
2025-05-09,1,12497,N.A.,N.A.,B0DBZWY9FZ
2025-05-10,1,12287,N.A.,N.A.,B0DBZWY9FZ
2025-05-11,2,12078,N.A.,N.A.,B0DBZWY9FZ
2025-05-12,2,8574,N.A.,N.A.,B0DBZWY9FZ
2025-05-13,3,5951,N.A.,N.A.,B0DBZWY9FZ
2025-05-14,2,7835,N.A.,N.A.,B0DBZWY9FZ
2025-05-15,2,7929,N.A.,N.A.,B0DBZWY9FZ
2025-02-17,1,13252,N.A.,N.A.,B0CKVRDWD8
2025-02-18,1,12200,N.A.,N.A.,B0CKVRDWD8
2025-02-19,2,11147,N.A.,N.A.,B0CKVRDWD8
2025-02-20,2,10095,N.A.,N.A.,B0CKVRDWD8
2025-02-21,2,9042,N.A.,N.A.,B0CKVRDWD8
2025-02-22,2,7990,N.A.,N.A.,B0CKVRDWD8
2025-02-23,3,6937,N.A.,N.A.,B0CKVRDWD8
2025-02-24,1,12848,N.A.,N.A.,B0CKVRDWD8
2025-02-25,1,13884,N.A.,N.A.,B0CKVRDWD8
2025-02-26,1,14921,N.A.,N.A.,B0CKVRDWD8
2025-02-27,1,15957,N.A.,N.A.,B0CKVRDWD8
2025-02-28,1,16993,N.A.,N.A.,B0CKVRDWD8
2025-03-01,1,18029,N.A.,N.A.,B0CKVRDWD8
2025-03-02,1,19066,N.A.,N.A.,B0CKVRDWD8
2025-03-03,1,20102,N.A.,N.A.,B0CKVRDWD8
2025-03-04,1,20207,N.A.,N.A.,B0CKVRDWD8
2025-03-05,1,20312,N.A.,N.A.,B0CKVRDWD8
2025-03-06,1,20417,N.A.,N.A.,B0CKVRDWD8
2025-03-07,1,20522,N.A.,N.A.,B0CKVRDWD8
2025-03-08,1,20627,N.A.,N.A.,B0CKVRDWD8
2025-03-09,1,20732,N.A.,N.A.,B0CKVRDWD8
2025-03-10,1,20837,N.A.,N.A.,B0CKVRDWD8
2025-03-11,1,19722,N.A.,N.A.,B0CKVRDWD8
2025-03-12,1,18606,N.A.,N.A.,B0CKVRDWD8
2025-03-13,1,17491,N.A.,N.A.,B0CKVRDWD8
2025-03-14,1,16375,N.A.,N.A.,B0CKVRDWD8
2025-03-15,1,15260,N.A.,N.A.,B0CKVRDWD8
2025-03-16,1,14144,N.A.,N.A.,B0CKVRDWD8
2025-03-17,1,13029,N.A.,N.A.,B0CKVRDWD8
2025-03-18,1,12699,N.A.,N.A.,B0CKVRDWD8
2025-03-19,1,12369,N.A.,N.A.,B0CKVRDWD8
2025-03-20,2,12039,N.A.,N.A.,B0CKVRDWD8
2025-03-21,2,11709,N.A.,N.A.,B0CKVRDWD8
2025-03-22,2,11379,N.A.,N.A.,B0CKVRDWD8
2025-03-23,2,11049,N.A.,N.A.,B0CKVRDWD8
2025-03-24,2,10719,4.6,34,B0CKVRDWD8
2025-03-25,2,8692,N.A.,N.A.,B0CKVRDWD8
2025-03-26,1,21344,N.A.,N.A.,B0CKVRDWD8
2025-03-27,1,19259,N.A.,N.A.,B0CKVRDWD8
2025-03-28,1,17175,N.A.,N.A.,B0CKVRDWD8
2025-03-29,1,15090,N.A.,N.A.,B0CKVRDWD8
2025-03-30,1,13005,N.A.,N.A.,B0CKVRDWD8
2025-03-31,2,10920,N.A.,N.A.,B0CKVRDWD8
2025-04-01,2,8836,N.A.,N.A.,B0CKVRDWD8
2025-04-02,3,6751,N.A.,N.A.,B0CKVRDWD8
2025-04-03,1,18677,N.A.,N.A.,B0CKVRDWD8
2025-04-04,1,17011,N.A.,N.A.,B0CKVRDWD8
2025-04-05,1,15344,N.A.,N.A.,B0CKVRDWD8
2025-04-06,1,13678,N.A.,N.A.,B0CKVRDWD8
2025-04-07,2,12011,N.A.,N.A.,B0CKVRDWD8
2025-04-08,2,10345,N.A.,N.A.,B0CKVRDWD8
2025-04-09,2,8678,N.A.,N.A.,B0CKVRDWD8
2025-04-10,3,7012,N.A.,N.A.,B0CKVRDWD8
2025-04-11,3,7262,N.A.,N.A.,B0CKVRDWD8
2025-04-12,3,7177,N.A.,N.A.,B0CKVRDWD8
2025-04-13,2,8352,N.A.,N.A.,B0CKVRDWD8
2025-04-14,3,7119,N.A.,N.A.,B0CKVRDWD8
2025-04-15,2,10398,N.A.,N.A.,B0CKVRDWD8
2025-04-16,2,11494,N.A.,N.A.,B0CKVRDWD8
2025-04-17,2,9182,N.A.,N.A.,B0CKVRDWD8
2025-04-18,2,11221,N.A.,N.A.,B0CKVRDWD8
2025-04-19,2,9065,N.A.,N.A.,B0CKVRDWD8
2025-04-20,1,17016,N.A.,N.A.,B0CKVRDWD8
2025-04-21,1,18763,N.A.,N.A.,B0CKVRDWD8
2025-04-22,1,20511,N.A.,N.A.,B0CKVRDWD8
2025-04-23,1,22258,N.A.,N.A.,B0CKVRDWD8
2025-04-24,1,24005,N.A.,N.A.,B0CKVRDWD8
2025-04-25,1,25752,N.A.,N.A.,B0CKVRDWD8
2025-04-26,1,27500,N.A.,N.A.,B0CKVRDWD8
2025-04-27,0,29247,4.5,44,B0CKVRDWD8
2025-04-28,1,28367,N.A.,N.A.,B0CKVRDWD8
2025-04-29,1,27488,N.A.,N.A.,B0CKVRDWD8
2025-04-30,1,26608,N.A.,N.A.,B0CKVRDWD8
2025-05-01,1,25728,N.A.,N.A.,B0CKVRDWD8
2025-05-02,1,24848,N.A.,N.A.,B0CKVRDWD8
2025-05-03,1,23969,N.A.,N.A.,B0CKVRDWD8
2025-05-04,1,23089,N.A.,N.A.,B0CKVRDWD8
2025-05-05,1,20561,N.A.,N.A.,B0CKVRDWD8
2025-05-06,1,18033,N.A.,N.A.,B0CKVRDWD8
2025-05-07,1,15505,N.A.,N.A.,B0CKVRDWD8
2025-05-08,1,12977,N.A.,N.A.,B0CKVRDWD8
2025-05-09,2,10449,N.A.,N.A.,B0CKVRDWD8
2025-05-10,2,7921,N.A.,N.A.,B0CKVRDWD8
2025-05-11,4,5393,N.A.,N.A.,B0CKVRDWD8
2025-05-12,2,8558,N.A.,N.A.,B0CKVRDWD8
2025-05-13,1,20660,N.A.,N.A.,B0CKVRDWD8
2025-05-14,0,32762,N.A.,N.A.,B0CKVRDWD8
2025-05-15,0,44864,N.A.,N.A.,B0CKVRDWD8
2025-02-17,453,526,N.A.,N.A.,B09Z6LZTXF
2025-02-18,425,608,N.A.,N.A.,B09Z6LZTXF
2025-02-19,426,603,N.A.,N.A.,B09Z6LZTXF
2025-02-20,411,654,N.A.,N.A.,B09Z6LZTXF
2025-02-21,411,655,4.5,5602,B09Z6LZTXF
2025-02-22,439,564,N.A.,N.A.,B09Z6LZTXF
2025-02-23,489,496,N.A.,N.A.,B09Z6LZTXF
2025-02-24,491,491,N.A.,N.A.,B09Z6LZTXF
2025-02-25,493,486,N.A.,N.A.,B09Z6LZTXF
2025-02-26,484,508,N.A.,N.A.,B09Z6LZTXF
2025-02-27,475,530,N.A.,N.A.,B09Z6LZTXF
2025-02-28,505,458,N.A.,N.A.,B09Z6LZTXF
2025-03-01,528,412,N.A.,N.A.,B09Z6LZTXF
2025-03-02,513,441,N.A.,N.A.,B09Z6LZTXF
2025-03-03,485,494,N.A.,N.A.,B09Z6LZTXF
2025-03-04,565,333,N.A.,N.A.,B09Z6LZTXF
2025-03-05,669,206,N.A.,N.A.,B09Z6LZTXF
2025-03-06,675,197,N.A.,N.A.,B09Z6LZTXF
2025-03-07,706,167,N.A.,N.A.,B09Z6LZTXF
2025-03-08,708,158,N.A.,N.A.,B09Z6LZTXF
2025-03-09,721,149,N.A.,N.A.,B09Z6LZTXF
2025-03-10,779,135,N.A.,N.A.,B09Z6LZTXF
2025-03-11,727,181,N.A.,N.A.,B09Z6LZTXF
2025-03-12,709,204,N.A.,N.A.,B09Z6LZTXF
2025-03-13,678,241,N.A.,N.A.,B09Z6LZTXF
2025-03-14,649,287,N.A.,N.A.,B09Z6LZTXF
2025-03-15,671,288,N.A.,N.A.,B09Z6LZTXF
2025-03-16,698,261,N.A.,N.A.,B09Z6LZTXF
2025-03-17,706,261,N.A.,N.A.,B09Z6LZTXF
2025-03-18,729,245,N.A.,N.A.,B09Z6LZTXF
2025-03-19,754,227,N.A.,N.A.,B09Z6LZTXF
2025-03-20,768,219,N.A.,N.A.,B09Z6LZTXF
2025-03-21,797,202,N.A.,N.A.,B09Z6LZTXF
2025-03-22,782,219,N.A.,N.A.,B09Z6LZTXF
2025-03-23,798,207,N.A.,N.A.,B09Z6LZTXF
2025-03-24,795,204,4.5,5703,B09Z6LZTXF
2025-03-25,737,247,N.A.,N.A.,B09Z6LZTXF
2025-03-26,666,319,N.A.,N.A.,B09Z6LZTXF
2025-03-27,704,274,N.A.,N.A.,B09Z6LZTXF
2025-03-28,722,253,N.A.,N.A.,B09Z6LZTXF
2025-03-29,754,218,N.A.,N.A.,B09Z6LZTXF
2025-03-30,773,203,N.A.,N.A.,B09Z6LZTXF
2025-03-31,772,204,N.A.,N.A.,B09Z6LZTXF
2025-04-01,728,241,N.A.,N.A.,B09Z6LZTXF
2025-04-02,786,193,N.A.,N.A.,B09Z6LZTXF
2025-04-03,819,171,N.A.,N.A.,B09Z6LZTXF
2025-04-04,802,182,N.A.,N.A.,B09Z6LZTXF
2025-04-05,777,200,N.A.,N.A.,B09Z6LZTXF
2025-04-06,715,192,N.A.,N.A.,B09Z6LZTXF
2025-04-07,716,191,N.A.,N.A.,B09Z6LZTXF
2025-04-08,753,160,N.A.,N.A.,B09Z6LZTXF
2025-04-09,751,162,N.A.,N.A.,B09Z6LZTXF
2025-04-10,774,145,N.A.,N.A.,B09Z6LZTXF
2025-04-11,773,146,N.A.,N.A.,B09Z6LZTXF
2025-04-12,770,148,N.A.,N.A.,B09Z6LZTXF
2025-04-13,759,156,N.A.,N.A.,B09Z6LZTXF
2025-04-14,792,142,N.A.,N.A.,B09Z6LZTXF
2025-04-15,710,214,N.A.,N.A.,B09Z6LZTXF
2025-04-16,698,230,N.A.,N.A.,B09Z6LZTXF
2025-04-17,710,222,N.A.,N.A.,B09Z6LZTXF
2025-04-18,696,243,N.A.,N.A.,B09Z6LZTXF
2025-04-19,723,226,N.A.,N.A.,B09Z6LZTXF
2025-04-20,731,219,N.A.,N.A.,B09Z6LZTXF
2025-04-21,725,225,N.A.,N.A.,B09Z6LZTXF
2025-04-22,719,230,N.A.,N.A.,B09Z6LZTXF
2025-04-23,722,227,N.A.,N.A.,B09Z6LZTXF
2025-04-24,742,209,N.A.,N.A.,B09Z6LZTXF
2025-04-25,763,191,4.5,5844,B09Z6LZTXF
2025-04-26,754,198,N.A.,N.A.,B09Z6LZTXF
2025-04-27,901,192,N.A.,N.A.,B09Z6LZTXF
2025-04-28,874,209,N.A.,N.A.,B09Z6LZTXF
2025-04-29,899,193,N.A.,N.A.,B09Z6LZTXF
2025-04-30,913,185,N.A.,N.A.,B09Z6LZTXF
2025-05-01,920,181,N.A.,N.A.,B09Z6LZTXF
2025-05-02,920,181,N.A.,N.A.,B09Z6LZTXF
2025-05-03,939,171,N.A.,N.A.,B09Z6LZTXF
2025-05-04,1013,137,N.A.,N.A.,B09Z6LZTXF
2025-05-05,971,155,N.A.,N.A.,B09Z6LZTXF
2025-05-06,1042,126,N.A.,N.A.,B09Z6LZTXF
2025-05-07,1062,119,N.A.,N.A.,B09Z6LZTXF
2025-05-08,1044,125,N.A.,N.A.,B09Z6LZTXF
2025-05-09,1003,141,N.A.,N.A.,B09Z6LZTXF
2025-05-10,1016,136,N.A.,N.A.,B09Z6LZTXF
2025-05-11,1053,122,N.A.,N.A.,B09Z6LZTXF
2025-05-12,1070,116,N.A.,N.A.,B09Z6LZTXF
2025-05-13,987,148,N.A.,N.A.,B09Z6LZTXF
2025-05-14,926,178,N.A.,N.A.,B09Z6LZTXF
2025-05-15,957,162,N.A.,N.A.,B09Z6LZTXF
2025-02-17,404,677,N.A.,N.A.,B09ZP9VXLJ
2025-02-18,390,732,N.A.,N.A.,B09ZP9VXLJ
2025-02-19,403,681,N.A.,N.A.,B09ZP9VXLJ
2025-02-20,403,684,N.A.,N.A.,B09ZP9VXLJ
2025-02-21,422,617,N.A.,N.A.,B09ZP9VXLJ
2025-02-22,408,665,N.A.,N.A.,B09ZP9VXLJ
2025-02-23,417,712,4.5,1985,B09ZP9VXLJ
2025-02-24,422,693,N.A.,N.A.,B09ZP9VXLJ
2025-02-25,445,615,N.A.,N.A.,B09ZP9VXLJ
2025-02-26,435,648,N.A.,N.A.,B09ZP9VXLJ
2025-02-27,426,680,N.A.,N.A.,B09ZP9VXLJ
2025-02-28,404,762,N.A.,N.A.,B09ZP9VXLJ
2025-03-01,408,746,N.A.,N.A.,B09ZP9VXLJ
2025-03-02,413,729,4.5,1998,B09ZP9VXLJ
2025-03-03,403,759,N.A.,N.A.,B09ZP9VXLJ
2025-03-04,424,671,N.A.,N.A.,B09ZP9VXLJ
2025-03-05,438,618,N.A.,N.A.,B09ZP9VXLJ
2025-03-06,422,669,N.A.,N.A.,B09ZP9VXLJ
2025-03-07,429,638,N.A.,N.A.,B09ZP9VXLJ
2025-03-08,411,695,N.A.,N.A.,B09ZP9VXLJ
2025-03-09,398,751,4.5,2025,B09ZP9VXLJ
2025-03-10,384,865,N.A.,N.A.,B09ZP9VXLJ
2025-03-11,417,747,N.A.,N.A.,B09ZP9VXLJ
2025-03-12,433,704,N.A.,N.A.,B09ZP9VXLJ
2025-03-13,445,680,N.A.,N.A.,B09ZP9VXLJ
2025-03-14,420,796,N.A.,N.A.,B09ZP9VXLJ
2025-03-15,463,685,N.A.,N.A.,B09ZP9VXLJ
2025-03-16,488,612,N.A.,N.A.,B09ZP9VXLJ
2025-03-17,473,672,4.5,2042,B09ZP9VXLJ
2025-03-18,479,664,N.A.,N.A.,B09ZP9VXLJ
2025-03-19,480,667,N.A.,N.A.,B09ZP9VXLJ
2025-03-20,482,667,N.A.,N.A.,B09ZP9VXLJ
2025-03-21,488,659,N.A.,N.A.,B09ZP9VXLJ
2025-03-22,514,605,N.A.,N.A.,B09ZP9VXLJ
2025-03-23,490,671,N.A.,N.A.,B09ZP9VXLJ
2025-03-24,466,743,4.5,2058,B09ZP9VXLJ
2025-03-25,484,684,N.A.,N.A.,B09ZP9VXLJ
2025-03-26,460,762,N.A.,N.A.,B09ZP9VXLJ
2025-03-27,446,814,N.A.,N.A.,B09ZP9VXLJ
2025-03-28,421,921,N.A.,N.A.,B09ZP9VXLJ
2025-03-29,410,971,N.A.,N.A.,B09ZP9VXLJ
2025-03-30,388,1089,N.A.,N.A.,B09ZP9VXLJ
2025-03-31,386,1101,4.5,2077,B09ZP9VXLJ
2025-04-01,377,1157,N.A.,N.A.,B09ZP9VXLJ
2025-04-02,396,1043,N.A.,N.A.,B09ZP9VXLJ
2025-04-03,444,818,N.A.,N.A.,B09ZP9VXLJ
2025-04-04,418,931,N.A.,N.A.,B09ZP9VXLJ
2025-04-05,419,927,N.A.,N.A.,B09ZP9VXLJ
2025-04-06,390,1007,N.A.,N.A.,B09ZP9VXLJ
2025-04-07,422,842,4.5,2109,B09ZP9VXLJ
2025-04-08,405,924,N.A.,N.A.,B09ZP9VXLJ
2025-04-09,425,825,N.A.,N.A.,B09ZP9VXLJ
2025-04-10,400,951,N.A.,N.A.,B09ZP9VXLJ
2025-04-11,402,939,N.A.,N.A.,B09ZP9VXLJ
2025-04-12,386,1030,N.A.,N.A.,B09ZP9VXLJ
2025-04-13,379,1076,N.A.,N.A.,B09ZP9VXLJ
2025-04-14,400,971,N.A.,N.A.,B09ZP9VXLJ
2025-04-15,411,928,4.5,2117,B09ZP9VXLJ
2025-04-16,408,949,N.A.,N.A.,B09ZP9VXLJ
2025-04-17,407,961,N.A.,N.A.,B09ZP9VXLJ
2025-04-18,401,1005,N.A.,N.A.,B09ZP9VXLJ
2025-04-19,386,1116,N.A.,N.A.,B09ZP9VXLJ
2025-04-20,395,1058,N.A.,N.A.,B09ZP9VXLJ
2025-04-21,417,945,N.A.,N.A.,B09ZP9VXLJ
2025-04-22,438,845,4.5,2130,B09ZP9VXLJ
2025-04-23,443,824,N.A.,N.A.,B09ZP9VXLJ
2025-04-24,477,695,N.A.,N.A.,B09ZP9VXLJ
2025-04-25,465,737,N.A.,N.A.,B09ZP9VXLJ
2025-04-26,408,987,N.A.,N.A.,B09ZP9VXLJ
2025-04-27,403,1237,N.A.,N.A.,B09ZP9VXLJ
2025-04-28,451,989,N.A.,N.A.,B09ZP9VXLJ
2025-04-29,462,942,N.A.,N.A.,B09ZP9VXLJ
2025-04-30,477,884,4.5,2148,B09ZP9VXLJ
2025-05-01,460,953,N.A.,N.A.,B09ZP9VXLJ
2025-05-02,483,861,N.A.,N.A.,B09ZP9VXLJ
2025-05-03,458,959,N.A.,N.A.,B09ZP9VXLJ
2025-05-04,424,1120,N.A.,N.A.,B09ZP9VXLJ
2025-05-05,445,1018,N.A.,N.A.,B09ZP9VXLJ
2025-05-06,430,1092,N.A.,N.A.,B09ZP9VXLJ
2025-05-07,433,1076,4.5,2173,B09ZP9VXLJ
2025-05-08,448,1005,N.A.,N.A.,B09ZP9VXLJ
2025-05-09,428,1102,N.A.,N.A.,B09ZP9VXLJ
2025-05-10,445,1016,N.A.,N.A.,B09ZP9VXLJ
2025-05-11,428,1101,N.A.,N.A.,B09ZP9VXLJ
2025-05-12,427,1104,N.A.,N.A.,B09ZP9VXLJ
2025-05-13,464,934,N.A.,N.A.,B09ZP9VXLJ
2025-05-14,459,954,N.A.,N.A.,B09ZP9VXLJ
2025-05-15,467,923,4.5,2197,B09ZP9VXLJ
2025-02-17,10,2024,N.A.,N.A.,B0D1XHZWGX
2025-02-18,16,1200,N.A.,N.A.,B0D1XHZWGX
2025-02-19,13,1542,N.A.,N.A.,B0D1XHZWGX
2025-02-20,15,1286,N.A.,N.A.,B0D1XHZWGX
2025-02-21,8,2645,N.A.,N.A.,B0D1XHZWGX
2025-02-22,18,1028,N.A.,N.A.,B0D1XHZWGX
2025-02-23,16,1164,N.A.,N.A.,B0D1XHZWGX
2025-02-24,23,771,N.A.,N.A.,B0D1XHZWGX
2025-02-25,28,602,N.A.,N.A.,B0D1XHZWGX
2025-02-26,24,748,N.A.,N.A.,B0D1XHZWGX
2025-02-27,29,585,N.A.,N.A.,B0D1XHZWGX
2025-02-28,32,519,N.A.,N.A.,B0D1XHZWGX
2025-03-01,28,615,N.A.,N.A.,B0D1XHZWGX
2025-03-02,19,989,N.A.,N.A.,B0D1XHZWGX
2025-03-03,24,745,N.A.,N.A.,B0D1XHZWGX
2025-03-04,25,698,N.A.,N.A.,B0D1XHZWGX
2025-03-05,23,782,N.A.,N.A.,B0D1XHZWGX
2025-03-06,18,1022,N.A.,N.A.,B0D1XHZWGX
2025-03-07,23,781,N.A.,N.A.,B0D1XHZWGX
2025-03-08,25,704,N.A.,N.A.,B0D1XHZWGX
2025-03-09,23,769,N.A.,N.A.,B0D1XHZWGX
2025-03-10,15,1266,N.A.,N.A.,B0D1XHZWGX
2025-03-11,21,875,4.4,67,B0D1XHZWGX
2025-03-12,24,762,N.A.,N.A.,B0D1XHZWGX
2025-03-13,27,644,N.A.,N.A.,B0D1XHZWGX
2025-03-14,28,624,N.A.,N.A.,B0D1XHZWGX
2025-03-15,23,799,N.A.,N.A.,B0D1XHZWGX
2025-03-16,13,1520,N.A.,N.A.,B0D1XHZWGX
2025-03-17,16,1251,N.A.,N.A.,B0D1XHZWGX
2025-03-18,17,1157,N.A.,N.A.,B0D1XHZWGX
2025-03-19,16,1246,N.A.,N.A.,B0D1XHZWGX
2025-03-20,23,816,N.A.,N.A.,B0D1XHZWGX
2025-03-21,27,681,N.A.,N.A.,B0D1XHZWGX
2025-03-22,24,775,N.A.,N.A.,B0D1XHZWGX
2025-03-23,21,906,N.A.,N.A.,B0D1XHZWGX
2025-03-24,10,2046,N.A.,N.A.,B0D1XHZWGX
2025-03-25,6,3775,N.A.,N.A.,B0D1XHZWGX
2025-03-26,4,5801,N.A.,N.A.,B0D1XHZWGX
2025-03-27,3,7346,N.A.,N.A.,B0D1XHZWGX
2025-03-28,2,8800,N.A.,N.A.,B0D1XHZWGX
2025-03-29,2,9577,N.A.,N.A.,B0D1XHZWGX
2025-03-30,2,9955,N.A.,N.A.,B0D1XHZWGX
2025-03-31,2,11195,N.A.,N.A.,B0D1XHZWGX
2025-04-01,1,12958,N.A.,N.A.,B0D1XHZWGX
2025-04-02,1,13891,N.A.,N.A.,B0D1XHZWGX
2025-04-03,1,14825,N.A.,N.A.,B0D1XHZWGX
2025-04-04,1,15758,N.A.,N.A.,B0D1XHZWGX
2025-04-05,1,16692,N.A.,N.A.,B0D1XHZWGX
2025-04-06,1,17625,N.A.,N.A.,B0D1XHZWGX
2025-04-07,1,18559,N.A.,N.A.,B0D1XHZWGX
2025-04-08,1,19492,N.A.,N.A.,B0D1XHZWGX
2025-04-09,1,20272,N.A.,N.A.,B0D1XHZWGX
2025-04-10,1,21052,N.A.,N.A.,B0D1XHZWGX
2025-04-11,1,21832,N.A.,N.A.,B0D1XHZWGX
2025-04-12,1,22612,N.A.,N.A.,B0D1XHZWGX
2025-04-13,1,23392,N.A.,N.A.,B0D1XHZWGX
2025-04-14,1,24172,N.A.,N.A.,B0D1XHZWGX
2025-04-15,1,24952,4.3,87,B0D1XHZWGX
2025-04-16,1,25298,N.A.,N.A.,B0D1XHZWGX
2025-04-17,1,25643,N.A.,N.A.,B0D1XHZWGX
2025-04-18,1,25989,N.A.,N.A.,B0D1XHZWGX
2025-04-19,1,26334,N.A.,N.A.,B0D1XHZWGX
2025-04-20,1,26680,N.A.,N.A.,B0D1XHZWGX
2025-04-21,1,27025,N.A.,N.A.,B0D1XHZWGX
2025-04-22,1,27371,N.A.,N.A.,B0D1XHZWGX
2025-04-23,1,27819,N.A.,N.A.,B0D1XHZWGX
2025-04-24,0,28268,N.A.,N.A.,B0D1XHZWGX
2025-04-25,0,28716,N.A.,N.A.,B0D1XHZWGX
2025-04-26,0,29164,N.A.,N.A.,B0D1XHZWGX
2025-04-27,0,29612,N.A.,N.A.,B0D1XHZWGX
2025-04-28,0,30061,N.A.,N.A.,B0D1XHZWGX
2025-04-29,0,30509,N.A.,N.A.,B0D1XHZWGX
2025-04-30,0,30961,N.A.,N.A.,B0D1XHZWGX
2025-05-01,0,31413,N.A.,N.A.,B0D1XHZWGX
2025-05-02,0,31865,N.A.,N.A.,B0D1XHZWGX
2025-05-03,0,32317,N.A.,N.A.,B0D1XHZWGX
2025-05-04,0,32769,N.A.,N.A.,B0D1XHZWGX
2025-05-05,0,33221,N.A.,N.A.,B0D1XHZWGX
2025-05-06,0,33673,N.A.,N.A.,B0D1XHZWGX
2025-05-07,0,29354,N.A.,N.A.,B0D1XHZWGX
2025-05-08,1,25036,N.A.,N.A.,B0D1XHZWGX
2025-05-09,1,20717,N.A.,N.A.,B0D1XHZWGX
2025-05-10,1,16398,N.A.,N.A.,B0D1XHZWGX
2025-05-11,2,12079,N.A.,N.A.,B0D1XHZWGX
2025-05-12,3,7761,N.A.,N.A.,B0D1XHZWGX
2025-05-13,6,3442,N.A.,N.A.,B0D1XHZWGX
2025-05-14,9,2242,N.A.,N.A.,B0D1XHZWGX
2025-05-15,6,3224,4.2,98,B0D1XHZWGX
2025-02-17,103,1426,N.A.,N.A.,B0000DZFXZ
2025-02-18,96,1575,N.A.,N.A.,B0000DZFXZ
2025-02-19,95,1592,N.A.,N.A.,B0000DZFXZ
2025-02-20,90,1714,N.A.,N.A.,B0000DZFXZ
2025-02-21,92,1672,N.A.,N.A.,B0000DZFXZ
2025-02-22,89,1744,N.A.,N.A.,B0000DZFXZ
2025-02-23,94,1625,N.A.,N.A.,B0000DZFXZ
2025-02-24,85,1857,4.5,7865,B0000DZFXZ
2025-02-25,95,1604,N.A.,N.A.,B0000DZFXZ
2025-02-26,89,1757,N.A.,N.A.,B0000DZFXZ
2025-02-27,91,1714,N.A.,N.A.,B0000DZFXZ
2025-02-28,81,2031,N.A.,N.A.,B0000DZFXZ
2025-03-01,78,2121,N.A.,N.A.,B0000DZFXZ
2025-03-02,80,2076,N.A.,N.A.,B0000DZFXZ
2025-03-03,82,1997,4.5,7872,B0000DZFXZ
2025-03-04,91,1740,N.A.,N.A.,B0000DZFXZ
2025-03-05,73,2335,N.A.,N.A.,B0000DZFXZ
2025-03-06,76,2207,N.A.,N.A.,B0000DZFXZ
2025-03-07,74,2293,N.A.,N.A.,B0000DZFXZ
2025-03-08,75,2228,N.A.,N.A.,B0000DZFXZ
2025-03-09,80,2268,N.A.,N.A.,B0000DZFXZ
2025-03-10,89,1936,4.5,7876,B0000DZFXZ
2025-03-11,93,1844,N.A.,N.A.,B0000DZFXZ
2025-03-12,82,2182,N.A.,N.A.,B0000DZFXZ
2025-03-13,82,2167,N.A.,N.A.,B0000DZFXZ
2025-03-14,83,2148,N.A.,N.A.,B0000DZFXZ
2025-03-15,80,2240,N.A.,N.A.,B0000DZFXZ
2025-03-16,85,2060,N.A.,N.A.,B0000DZFXZ
2025-03-17,91,1938,N.A.,N.A.,B0000DZFXZ
2025-03-18,83,2225,N.A.,N.A.,B0000DZFXZ
2025-03-19,82,2286,N.A.,N.A.,B0000DZFXZ
2025-03-20,81,2347,N.A.,N.A.,B0000DZFXZ
2025-03-21,80,2388,4.5,7880,B0000DZFXZ
2025-03-22,82,2369,N.A.,N.A.,B0000DZFXZ
2025-03-23,80,2463,N.A.,N.A.,B0000DZFXZ
2025-03-24,82,2368,N.A.,N.A.,B0000DZFXZ
2025-03-25,79,2502,N.A.,N.A.,B0000DZFXZ
2025-03-26,73,2756,N.A.,N.A.,B0000DZFXZ
2025-03-27,74,2748,N.A.,N.A.,B0000DZFXZ
2025-03-28,77,2584,4.5,7884,B0000DZFXZ
2025-03-29,71,2905,N.A.,N.A.,B0000DZFXZ
2025-03-30,67,3212,N.A.,N.A.,B0000DZFXZ
2025-03-31,69,3101,N.A.,N.A.,B0000DZFXZ
2025-04-01,72,2894,N.A.,N.A.,B0000DZFXZ
2025-04-02,75,2747,N.A.,N.A.,B0000DZFXZ
2025-04-03,70,3040,N.A.,N.A.,B0000DZFXZ
2025-04-04,72,2932,N.A.,N.A.,B0000DZFXZ
2025-04-05,68,3149,4.5,7893,B0000DZFXZ
2025-04-06,68,3162,N.A.,N.A.,B0000DZFXZ
2025-04-07,67,3187,N.A.,N.A.,B0000DZFXZ
2025-04-08,66,3300,N.A.,N.A.,B0000DZFXZ
2025-04-09,76,2723,N.A.,N.A.,B0000DZFXZ
2025-04-10,73,2876,N.A.,N.A.,B0000DZFXZ
2025-04-11,73,2882,N.A.,N.A.,B0000DZFXZ
2025-04-12,66,3308,N.A.,N.A.,B0000DZFXZ
2025-04-13,70,3021,4.5,7906,B0000DZFXZ
2025-04-14,70,3056,N.A.,N.A.,B0000DZFXZ
2025-04-15,71,3039,N.A.,N.A.,B0000DZFXZ
2025-04-16,62,3607,N.A.,N.A.,B0000DZFXZ
2025-04-17,62,3624,N.A.,N.A.,B0000DZFXZ
2025-04-18,60,3787,N.A.,N.A.,B0000DZFXZ
2025-04-19,65,3465,N.A.,N.A.,B0000DZFXZ
2025-04-20,75,2844,N.A.,N.A.,B0000DZFXZ
2025-04-21,76,2806,4.5,7909,B0000DZFXZ
2025-04-22,69,3229,N.A.,N.A.,B0000DZFXZ
2025-04-23,76,2840,N.A.,N.A.,B0000DZFXZ
2025-04-24,65,3471,N.A.,N.A.,B0000DZFXZ
2025-04-25,67,3392,N.A.,N.A.,B0000DZFXZ
2025-04-26,66,3454,N.A.,N.A.,B0000DZFXZ
2025-04-27,75,2931,N.A.,N.A.,B0000DZFXZ
2025-04-28,64,3614,4.5,7917,B0000DZFXZ
2025-04-29,69,3279,N.A.,N.A.,B0000DZFXZ
2025-04-30,57,4154,N.A.,N.A.,B0000DZFXZ
2025-05-01,56,4264,N.A.,N.A.,B0000DZFXZ
2025-05-02,49,4973,N.A.,N.A.,B0000DZFXZ
2025-05-03,69,3262,N.A.,N.A.,B0000DZFXZ
2025-05-04,68,3347,N.A.,N.A.,B0000DZFXZ
2025-05-05,79,2730,4.5,7920,B0000DZFXZ
2025-05-06,75,2954,N.A.,N.A.,B0000DZFXZ
2025-05-07,80,2672,N.A.,N.A.,B0000DZFXZ
2025-05-08,78,2801,N.A.,N.A.,B0000DZFXZ
2025-05-09,77,2854,N.A.,N.A.,B0000DZFXZ
2025-05-10,74,2964,N.A.,N.A.,B0000DZFXZ
2025-05-11,75,2941,N.A.,N.A.,B0000DZFXZ
2025-05-12,66,3440,N.A.,N.A.,B0000DZFXZ
2025-05-13,62,3716,4.5,7925,B0000DZFXZ
2025-05-14,57,4215,N.A.,N.A.,B0000DZFXZ
2025-05-15,71,3157,N.A.,N.A.,B0000DZFXZ
2025-02-17,10,2035,N.A.,N.A.,B0D7NVS6RV
2025-02-18,10,1973,N.A.,N.A.,B0D7NVS6RV
2025-02-19,15,1277,N.A.,N.A.,B0D7NVS6RV
2025-02-20,8,2579,N.A.,N.A.,B0D7NVS6RV
2025-02-21,4,4633,N.A.,N.A.,B0D7NVS6RV
2025-02-22,5,3902,N.A.,N.A.,B0D7NVS6RV
2025-02-23,8,2556,N.A.,N.A.,B0D7NVS6RV
2025-02-24,9,2229,N.A.,N.A.,B0D7NVS6RV
2025-02-25,10,1901,N.A.,N.A.,B0D7NVS6RV
2025-02-26,13,1537,N.A.,N.A.,B0D7NVS6RV
2025-02-27,13,1445,N.A.,N.A.,B0D7NVS6RV
2025-02-28,14,1353,N.A.,N.A.,B0D7NVS6RV
2025-03-01,7,2698,N.A.,N.A.,B0D7NVS6RV
2025-03-02,8,2464,N.A.,N.A.,B0D7NVS6RV
2025-03-03,9,2295,N.A.,N.A.,B0D7NVS6RV
2025-03-04,8,2384,N.A.,N.A.,B0D7NVS6RV
2025-03-05,16,1155,N.A.,N.A.,B0D7NVS6RV
2025-03-06,13,1488,N.A.,N.A.,B0D7NVS6RV
2025-03-07,11,1820,N.A.,N.A.,B0D7NVS6RV
2025-03-08,13,1471,N.A.,N.A.,B0D7NVS6RV
2025-03-09,9,2203,N.A.,N.A.,B0D7NVS6RV
2025-03-10,12,1628,N.A.,N.A.,B0D7NVS6RV
2025-03-11,16,1234,N.A.,N.A.,B0D7NVS6RV
2025-03-12,11,1850,N.A.,N.A.,B0D7NVS6RV
2025-03-13,10,1956,N.A.,N.A.,B0D7NVS6RV
2025-03-14,10,2062,N.A.,N.A.,B0D7NVS6RV
2025-03-15,9,2263,N.A.,N.A.,B0D7NVS6RV
2025-03-16,11,1833,N.A.,N.A.,B0D7NVS6RV
2025-03-17,10,1967,N.A.,N.A.,B0D7NVS6RV
2025-03-18,7,2801,N.A.,N.A.,B0D7NVS6RV
2025-03-19,9,2344,4.2,31,B0D7NVS6RV
2025-03-20,10,2123,N.A.,N.A.,B0D7NVS6RV
2025-03-21,9,2380,N.A.,N.A.,B0D7NVS6RV
2025-03-22,8,2647,N.A.,N.A.,B0D7NVS6RV
2025-03-23,6,3630,N.A.,N.A.,B0D7NVS6RV
2025-03-24,7,3175,N.A.,N.A.,B0D7NVS6RV
2025-03-25,12,1736,N.A.,N.A.,B0D7NVS6RV
2025-03-26,6,3383,N.A.,N.A.,B0D7NVS6RV
2025-03-27,10,2004,N.A.,N.A.,B0D7NVS6RV
2025-03-28,10,2186,N.A.,N.A.,B0D7NVS6RV
2025-03-29,8,2726,N.A.,N.A.,B0D7NVS6RV
2025-03-30,10,2050,N.A.,N.A.,B0D7NVS6RV
2025-03-31,10,2215,N.A.,N.A.,B0D7NVS6RV
2025-04-01,10,2084,N.A.,N.A.,B0D7NVS6RV
2025-04-02,14,1454,N.A.,N.A.,B0D7NVS6RV
2025-04-03,7,3037,N.A.,N.A.,B0D7NVS6RV
2025-04-04,9,2429,N.A.,N.A.,B0D7NVS6RV
2025-04-05,11,1948,N.A.,N.A.,B0D7NVS6RV
2025-04-06,7,3048,N.A.,N.A.,B0D7NVS6RV
2025-04-07,7,3075,N.A.,N.A.,B0D7NVS6RV
2025-04-08,12,1782,N.A.,N.A.,B0D7NVS6RV
2025-04-09,19,1089,N.A.,N.A.,B0D7NVS6RV
2025-04-10,14,1478,N.A.,N.A.,B0D7NVS6RV
2025-04-11,16,1341,N.A.,N.A.,B0D7NVS6RV
2025-04-12,12,1796,N.A.,N.A.,B0D7NVS6RV
2025-04-13,17,1225,N.A.,N.A.,B0D7NVS6RV
2025-04-14,15,1396,N.A.,N.A.,B0D7NVS6RV
2025-04-15,9,2279,N.A.,N.A.,B0D7NVS6RV
2025-04-16,8,2698,N.A.,N.A.,B0D7NVS6RV
2025-04-17,6,3702,N.A.,N.A.,B0D7NVS6RV
2025-04-18,9,2379,4.3,39,B0D7NVS6RV
2025-04-19,8,2483,N.A.,N.A.,B0D7NVS6RV
2025-04-20,4,4606,N.A.,N.A.,B0D7NVS6RV
2025-04-21,6,3520,N.A.,N.A.,B0D7NVS6RV
2025-04-22,6,3536,N.A.,N.A.,B0D7NVS6RV
2025-04-23,9,2280,N.A.,N.A.,B0D7NVS6RV
2025-04-24,9,2232,N.A.,N.A.,B0D7NVS6RV
2025-04-25,11,1975,N.A.,N.A.,B0D7NVS6RV
2025-04-26,12,1740,N.A.,N.A.,B0D7NVS6RV
2025-04-27,12,1806,N.A.,N.A.,B0D7NVS6RV
2025-04-28,13,1587,N.A.,N.A.,B0D7NVS6RV
2025-04-29,7,2854,N.A.,N.A.,B0D7NVS6RV
2025-04-30,6,3743,N.A.,N.A.,B0D7NVS6RV
2025-05-01,7,2853,N.A.,N.A.,B0D7NVS6RV
2025-05-02,4,5140,N.A.,N.A.,B0D7NVS6RV
2025-05-03,3,6708,N.A.,N.A.,B0D7NVS6RV
2025-05-04,6,3332,N.A.,N.A.,B0D7NVS6RV
2025-05-05,6,3299,N.A.,N.A.,B0D7NVS6RV
2025-05-06,7,2866,N.A.,N.A.,B0D7NVS6RV
2025-05-07,11,1995,N.A.,N.A.,B0D7NVS6RV
2025-05-08,7,3116,N.A.,N.A.,B0D7NVS6RV
2025-05-09,8,2477,N.A.,N.A.,B0D7NVS6RV
2025-05-10,16,1298,N.A.,N.A.,B0D7NVS6RV
2025-05-11,11,1865,N.A.,N.A.,B0D7NVS6RV
2025-05-12,10,2124,N.A.,N.A.,B0D7NVS6RV
2025-05-13,10,2205,N.A.,N.A.,B0D7NVS6RV
2025-05-14,8,2722,N.A.,N.A.,B0D7NVS6RV
2025-05-15,10,2167,N.A.,N.A.,B0D7NVS6RV
2025-02-17,673,195,N.A.,N.A.,B0BV9WN93J
2025-02-18,536,352,N.A.,N.A.,B0BV9WN93J
2025-02-19,471,481,N.A.,N.A.,B0BV9WN93J
2025-02-20,416,636,N.A.,N.A.,B0BV9WN93J
2025-02-21,409,660,N.A.,N.A.,B0BV9WN93J
2025-02-22,428,598,4.5,1368,B0BV9WN93J
2025-02-23,434,652,N.A.,N.A.,B0BV9WN93J
2025-02-24,418,709,N.A.,N.A.,B0BV9WN93J
2025-02-25,381,865,N.A.,N.A.,B0BV9WN93J
2025-02-26,387,838,N.A.,N.A.,B0BV9WN93J
2025-02-27,425,683,N.A.,N.A.,B0BV9WN93J
2025-02-28,421,698,N.A.,N.A.,B0BV9WN93J
2025-03-01,392,814,N.A.,N.A.,B0BV9WN93J
2025-03-02,375,897,N.A.,N.A.,B0BV9WN93J
2025-03-03,350,1023,N.A.,N.A.,B0BV9WN93J
2025-03-04,352,1009,N.A.,N.A.,B0BV9WN93J
2025-03-05,335,1117,N.A.,N.A.,B0BV9WN93J
2025-03-06,355,984,N.A.,N.A.,B0BV9WN93J
2025-03-07,356,970,N.A.,N.A.,B0BV9WN93J
2025-03-08,360,938,N.A.,N.A.,B0BV9WN93J
2025-03-09,354,978,N.A.,N.A.,B0BV9WN93J
2025-03-10,350,1052,N.A.,N.A.,B0BV9WN93J
2025-03-11,313,1363,N.A.,N.A.,B0BV9WN93J
2025-03-12,307,1442,N.A.,N.A.,B0BV9WN93J
2025-03-13,306,1472,N.A.,N.A.,B0BV9WN93J
2025-03-14,306,1502,N.A.,N.A.,B0BV9WN93J
2025-03-15,355,1175,N.A.,N.A.,B0BV9WN93J
2025-03-16,310,1520,N.A.,N.A.,B0BV9WN93J
2025-03-17,332,1373,N.A.,N.A.,B0BV9WN93J
2025-03-18,334,1371,N.A.,N.A.,B0BV9WN93J
2025-03-19,376,1104,N.A.,N.A.,B0BV9WN93J
2025-03-20,333,1403,N.A.,N.A.,B0BV9WN93J
2025-03-21,330,1445,N.A.,N.A.,B0BV9WN93J
2025-03-22,320,1569,N.A.,N.A.,B0BV9WN93J
2025-03-23,300,1766,N.A.,N.A.,B0BV9WN93J
2025-03-24,300,1766,N.A.,N.A.,B0BV9WN93J
2025-03-25,327,1512,4.5,1534,B0BV9WN93J
2025-03-26,534,547,N.A.,N.A.,B0BV9WN93J
2025-03-27,563,482,N.A.,N.A.,B0BV9WN93J
2025-03-28,552,502,N.A.,N.A.,B0BV9WN93J
2025-03-29,526,556,N.A.,N.A.,B0BV9WN93J
2025-03-30,506,611,N.A.,N.A.,B0BV9WN93J
2025-03-31,516,582,N.A.,N.A.,B0BV9WN93J
2025-04-01,504,615,N.A.,N.A.,B0BV9WN93J
2025-04-02,430,877,N.A.,N.A.,B0BV9WN93J
2025-04-03,374,1177,N.A.,N.A.,B0BV9WN93J
2025-04-04,348,1356,N.A.,N.A.,B0BV9WN93J
2025-04-05,322,1578,N.A.,N.A.,B0BV9WN93J
2025-04-06,316,1578,N.A.,N.A.,B0BV9WN93J
2025-04-07,312,1620,N.A.,N.A.,B0BV9WN93J
2025-04-08,290,1876,N.A.,N.A.,B0BV9WN93J
2025-04-09,267,2186,N.A.,N.A.,B0BV9WN93J
2025-04-10,260,2306,N.A.,N.A.,B0BV9WN93J
2025-04-11,280,2000,N.A.,N.A.,B0BV9WN93J
2025-04-12,258,2330,N.A.,N.A.,B0BV9WN93J
2025-04-13,238,2694,N.A.,N.A.,B0BV9WN93J
2025-04-14,250,2485,N.A.,N.A.,B0BV9WN93J
2025-04-15,314,1633,N.A.,N.A.,B0BV9WN93J
2025-04-16,346,1353,N.A.,N.A.,B0BV9WN93J
2025-04-17,389,1062,N.A.,N.A.,B0BV9WN93J
2025-04-18,426,879,N.A.,N.A.,B0BV9WN93J
2025-04-19,421,924,N.A.,N.A.,B0BV9WN93J
2025-04-20,420,928,N.A.,N.A.,B0BV9WN93J
2025-04-21,414,956,N.A.,N.A.,B0BV9WN93J
2025-04-22,339,1452,N.A.,N.A.,B0BV9WN93J
2025-04-23,293,1920,N.A.,N.A.,B0BV9WN93J
2025-04-24,279,2109,N.A.,N.A.,B0BV9WN93J
2025-04-25,242,2697,4.5,1649,B0BV9WN93J
2025-04-26,256,2459,N.A.,N.A.,B0BV9WN93J
2025-04-27,248,2958,N.A.,N.A.,B0BV9WN93J
2025-04-28,244,3030,N.A.,N.A.,B0BV9WN93J
2025-04-29,230,3341,N.A.,N.A.,B0BV9WN93J
2025-04-30,212,3798,N.A.,N.A.,B0BV9WN93J
2025-05-01,198,4216,N.A.,N.A.,B0BV9WN93J
2025-05-02,196,4286,N.A.,N.A.,B0BV9WN93J
2025-05-03,220,3596,N.A.,N.A.,B0BV9WN93J
2025-05-04,196,4280,N.A.,N.A.,B0BV9WN93J
2025-05-05,220,3581,N.A.,N.A.,B0BV9WN93J
2025-05-06,240,3111,N.A.,N.A.,B0BV9WN93J
2025-05-07,205,3994,N.A.,N.A.,B0BV9WN93J
2025-05-08,203,4067,N.A.,N.A.,B0BV9WN93J
2025-05-09,191,4471,N.A.,N.A.,B0BV9WN93J
2025-05-10,189,4548,N.A.,N.A.,B0BV9WN93J
2025-05-11,174,5142,N.A.,N.A.,B0BV9WN93J
2025-05-12,157,5986,N.A.,N.A.,B0BV9WN93J
2025-05-13,177,5022,N.A.,N.A.,B0BV9WN93J
2025-05-14,177,4997,N.A.,N.A.,B0BV9WN93J
2025-05-15,234,3250,N.A.,N.A.,B0BV9WN93J
2025-02-17,198,543,N.A.,N.A.,B09WF2LLWP
2025-02-18,213,486,N.A.,N.A.,B09WF2LLWP
2025-02-19,228,433,N.A.,N.A.,B09WF2LLWP
2025-02-20,197,551,N.A.,N.A.,B09WF2LLWP
2025-02-21,203,523,N.A.,N.A.,B09WF2LLWP
2025-02-22,200,534,N.A.,N.A.,B09WF2LLWP
2025-02-23,198,544,4.7,21147,B09WF2LLWP
2025-02-24,207,509,N.A.,N.A.,B09WF2LLWP
2025-02-25,187,597,N.A.,N.A.,B09WF2LLWP
2025-02-26,157,781,N.A.,N.A.,B09WF2LLWP
2025-02-27,152,825,N.A.,N.A.,B09WF2LLWP
2025-02-28,183,619,N.A.,N.A.,B09WF2LLWP
2025-03-01,169,700,N.A.,N.A.,B09WF2LLWP
2025-03-02,196,555,N.A.,N.A.,B09WF2LLWP
2025-03-03,178,647,4.7,21166,B09WF2LLWP
2025-03-04,193,567,N.A.,N.A.,B09WF2LLWP
2025-03-05,176,657,N.A.,N.A.,B09WF2LLWP
2025-03-06,194,566,N.A.,N.A.,B09WF2LLWP
2025-03-07,202,530,N.A.,N.A.,B09WF2LLWP
2025-03-08,195,561,N.A.,N.A.,B09WF2LLWP
2025-03-09,210,526,N.A.,N.A.,B09WF2LLWP
2025-03-10,220,487,N.A.,N.A.,B09WF2LLWP
2025-03-11,211,521,4.7,21175,B09WF2LLWP
2025-03-12,223,473,N.A.,N.A.,B09WF2LLWP
2025-03-13,212,515,N.A.,N.A.,B09WF2LLWP
2025-03-14,198,578,N.A.,N.A.,B09WF2LLWP
2025-03-15,229,455,N.A.,N.A.,B09WF2LLWP
2025-03-16,215,503,N.A.,N.A.,B09WF2LLWP
2025-03-17,281,327,N.A.,N.A.,B09WF2LLWP
2025-03-18,268,362,4.7,21195,B09WF2LLWP
2025-03-19,270,362,N.A.,N.A.,B09WF2LLWP
2025-03-20,294,316,N.A.,N.A.,B09WF2LLWP
2025-03-21,298,314,N.A.,N.A.,B09WF2LLWP
2025-03-22,262,404,N.A.,N.A.,B09WF2LLWP
2025-03-23,254,428,N.A.,N.A.,B09WF2LLWP
2025-03-24,288,343,N.A.,N.A.,B09WF2LLWP
2025-03-25,276,369,4.7,21208,B09WF2LLWP
2025-03-26,274,374,N.A.,N.A.,B09WF2LLWP
2025-03-27,285,350,N.A.,N.A.,B09WF2LLWP
2025-03-28,325,277,N.A.,N.A.,B09WF2LLWP
2025-03-29,349,242,N.A.,N.A.,B09WF2LLWP
2025-03-30,372,184,N.A.,N.A.,B09WF2LLWP
2025-03-31,421,140,N.A.,N.A.,B09WF2LLWP
2025-04-01,387,169,4.7,21221,B09WF2LLWP
2025-04-02,299,287,N.A.,N.A.,B09WF2LLWP
2025-04-03,278,331,N.A.,N.A.,B09WF2LLWP
2025-04-04,265,363,N.A.,N.A.,B09WF2LLWP
2025-04-05,258,384,N.A.,N.A.,B09WF2LLWP
2025-04-06,258,384,N.A.,N.A.,B09WF2LLWP
2025-04-07,248,413,N.A.,N.A.,B09WF2LLWP
2025-04-08,246,420,N.A.,N.A.,B09WF2LLWP
2025-04-09,214,541,4.7,21251,B09WF2LLWP
2025-04-10,211,553,N.A.,N.A.,B09WF2LLWP
2025-04-11,206,578,N.A.,N.A.,B09WF2LLWP
2025-04-12,204,588,N.A.,N.A.,B09WF2LLWP
2025-04-13,188,687,N.A.,N.A.,B09WF2LLWP
2025-04-14,182,733,N.A.,N.A.,B09WF2LLWP
2025-04-15,181,744,N.A.,N.A.,B09WF2LLWP
2025-04-16,175,792,4.7,21284,B09WF2LLWP
2025-04-17,168,855,N.A.,N.A.,B09WF2LLWP
2025-04-18,167,870,N.A.,N.A.,B09WF2LLWP
2025-04-19,161,930,N.A.,N.A.,B09WF2LLWP
2025-04-20,175,823,N.A.,N.A.,B09WF2LLWP
2025-04-21,200,663,N.A.,N.A.,B09WF2LLWP
2025-04-22,192,714,N.A.,N.A.,B09WF2LLWP
2025-04-23,197,695,N.A.,N.A.,B09WF2LLWP
2025-04-24,171,875,4.7,21303,B09WF2LLWP
2025-04-25,183,795,N.A.,N.A.,B09WF2LLWP
2025-04-26,176,852,N.A.,N.A.,B09WF2LLWP
2025-04-27,167,934,N.A.,N.A.,B09WF2LLWP
2025-04-28,190,761,N.A.,N.A.,B09WF2LLWP
2025-04-29,175,869,N.A.,N.A.,B09WF2LLWP
2025-04-30,190,762,N.A.,N.A.,B09WF2LLWP
2025-05-01,233,544,4.7,21321,B09WF2LLWP
2025-05-02,231,550,N.A.,N.A.,B09WF2LLWP
2025-05-03,220,599,N.A.,N.A.,B09WF2LLWP
2025-05-04,227,567,N.A.,N.A.,B09WF2LLWP
2025-05-05,248,487,N.A.,N.A.,B09WF2LLWP
2025-05-06,266,432,N.A.,N.A.,B09WF2LLWP
2025-05-07,274,409,N.A.,N.A.,B09WF2LLWP
2025-05-08,277,402,N.A.,N.A.,B09WF2LLWP
2025-05-09,286,380,4.7,21342,B09WF2LLWP
2025-05-10,260,448,N.A.,N.A.,B09WF2LLWP
2025-05-11,266,432,N.A.,N.A.,B09WF2LLWP
2025-05-12,264,437,N.A.,N.A.,B09WF2LLWP
2025-05-13,253,470,N.A.,N.A.,B09WF2LLWP
2025-05-14,263,442,N.A.,N.A.,B09WF2LLWP
2025-05-15,254,468,N.A.,N.A.,B09WF2LLWP
2025-02-17,181,628,N.A.,N.A.,B08ZCZG1QZ
2025-02-18,201,532,N.A.,N.A.,B08ZCZG1QZ
2025-02-19,193,567,N.A.,N.A.,B08ZCZG1QZ
2025-02-20,217,471,N.A.,N.A.,B08ZCZG1QZ
2025-02-21,260,349,N.A.,N.A.,B08ZCZG1QZ
2025-02-22,272,323,N.A.,N.A.,B08ZCZG1QZ
2025-02-23,308,262,4.6,4299,B08ZCZG1QZ
2025-02-24,306,264,N.A.,N.A.,B08ZCZG1QZ
2025-02-25,306,264,N.A.,N.A.,B08ZCZG1QZ
2025-02-26,303,269,N.A.,N.A.,B08ZCZG1QZ
2025-02-27,337,223,N.A.,N.A.,B08ZCZG1QZ
2025-02-28,328,234,N.A.,N.A.,B08ZCZG1QZ
2025-03-01,278,312,N.A.,N.A.,B08ZCZG1QZ
2025-03-02,256,358,4.6,4303,B08ZCZG1QZ
2025-03-03,313,254,N.A.,N.A.,B08ZCZG1QZ
2025-03-04,377,182,N.A.,N.A.,B08ZCZG1QZ
2025-03-05,465,123,N.A.,N.A.,B08ZCZG1QZ
2025-03-06,493,110,N.A.,N.A.,B08ZCZG1QZ
2025-03-07,473,119,N.A.,N.A.,B08ZCZG1QZ
2025-03-08,452,130,N.A.,N.A.,B08ZCZG1QZ
2025-03-09,429,141,4.6,4314,B08ZCZG1QZ
2025-03-10,404,159,N.A.,N.A.,B08ZCZG1QZ
2025-03-11,363,196,N.A.,N.A.,B08ZCZG1QZ
2025-03-12,354,206,N.A.,N.A.,B08ZCZG1QZ
2025-03-13,322,246,N.A.,N.A.,B08ZCZG1QZ
2025-03-14,295,289,N.A.,N.A.,B08ZCZG1QZ
2025-03-15,318,253,N.A.,N.A.,B08ZCZG1QZ
2025-03-16,284,311,N.A.,N.A.,B08ZCZG1QZ
2025-03-17,293,304,4.6,4334,B08ZCZG1QZ
2025-03-18,280,335,N.A.,N.A.,B08ZCZG1QZ
2025-03-19,295,310,N.A.,N.A.,B08ZCZG1QZ
2025-03-20,290,323,N.A.,N.A.,B08ZCZG1QZ
2025-03-21,285,339,N.A.,N.A.,B08ZCZG1QZ
2025-03-22,303,314,N.A.,N.A.,B08ZCZG1QZ
2025-03-23,290,339,N.A.,N.A.,B08ZCZG1QZ
2025-03-24,300,319,4.6,4348,B08ZCZG1QZ
2025-03-25,289,342,N.A.,N.A.,B08ZCZG1QZ
2025-03-26,263,401,N.A.,N.A.,B08ZCZG1QZ
2025-03-27,228,513,N.A.,N.A.,B08ZCZG1QZ
2025-03-28,230,505,N.A.,N.A.,B08ZCZG1QZ
2025-03-29,231,501,N.A.,N.A.,B08ZCZG1QZ
2025-03-30,205,581,N.A.,N.A.,B08ZCZG1QZ
2025-03-31,177,750,4.6,4368,B08ZCZG1QZ
2025-04-01,174,777,N.A.,N.A.,B08ZCZG1QZ
2025-04-02,199,612,N.A.,N.A.,B08ZCZG1QZ
2025-04-03,212,551,N.A.,N.A.,B08ZCZG1QZ
2025-04-04,226,490,N.A.,N.A.,B08ZCZG1QZ
2025-04-05,198,619,N.A.,N.A.,B08ZCZG1QZ
2025-04-06,185,698,N.A.,N.A.,B08ZCZG1QZ
2025-04-07,189,673,N.A.,N.A.,B08ZCZG1QZ
2025-04-08,223,503,4.6,4386,B08ZCZG1QZ
2025-04-09,252,400,N.A.,N.A.,B08ZCZG1QZ
2025-04-10,259,379,N.A.,N.A.,B08ZCZG1QZ
2025-04-11,241,434,N.A.,N.A.,B08ZCZG1QZ
2025-04-12,231,472,N.A.,N.A.,B08ZCZG1QZ
2025-04-13,217,533,N.A.,N.A.,B08ZCZG1QZ
2025-04-14,207,584,N.A.,N.A.,B08ZCZG1QZ
2025-04-15,209,583,4.6,4410,B08ZCZG1QZ
2025-04-16,182,742,N.A.,N.A.,B08ZCZG1QZ
2025-04-17,217,554,N.A.,N.A.,B08ZCZG1QZ
2025-04-18,182,754,N.A.,N.A.,B08ZCZG1QZ
2025-04-19,174,822,N.A.,N.A.,B08ZCZG1QZ
2025-04-20,145,1106,N.A.,N.A.,B08ZCZG1QZ
2025-04-21,140,1171,N.A.,N.A.,B08ZCZG1QZ
2025-04-22,177,822,N.A.,N.A.,B08ZCZG1QZ
2025-04-23,193,715,4.6,4423,B08ZCZG1QZ
2025-04-24,227,552,N.A.,N.A.,B08ZCZG1QZ
2025-04-25,210,632,N.A.,N.A.,B08ZCZG1QZ
2025-04-26,210,640,N.A.,N.A.,B08ZCZG1QZ
2025-04-27,198,711,N.A.,N.A.,B08ZCZG1QZ
2025-04-28,199,705,N.A.,N.A.,B08ZCZG1QZ
2025-04-29,251,478,N.A.,N.A.,B08ZCZG1QZ
2025-04-30,267,428,4.6,4437,B08ZCZG1QZ
2025-05-01,300,348,N.A.,N.A.,B08ZCZG1QZ
2025-05-02,373,232,N.A.,N.A.,B08ZCZG1QZ
2025-05-03,379,225,N.A.,N.A.,B08ZCZG1QZ
2025-05-04,353,258,N.A.,N.A.,B08ZCZG1QZ
2025-05-05,354,257,N.A.,N.A.,B08ZCZG1QZ
2025-05-06,401,202,N.A.,N.A.,B08ZCZG1QZ
2025-05-07,424,181,4.6,4445,B08ZCZG1QZ
2025-05-08,483,139,N.A.,N.A.,B08ZCZG1QZ
2025-05-09,522,118,N.A.,N.A.,B08ZCZG1QZ
2025-05-10,522,118,N.A.,N.A.,B08ZCZG1QZ
2025-05-11,419,185,N.A.,N.A.,B08ZCZG1QZ
2025-05-12,384,220,N.A.,N.A.,B08ZCZG1QZ
2025-05-13,514,122,N.A.,N.A.,B08ZCZG1QZ
2025-05-14,653,72,N.A.,N.A.,B08ZCZG1QZ
2025-05-15,522,118,4.6,4461,B08ZCZG1QZ
2025-02-17,571,301,N.A.,N.A.,B07FQL68WH
2025-02-18,525,372,N.A.,N.A.,B07FQL68WH
2025-02-19,497,423,N.A.,N.A.,B07FQL68WH
2025-02-20,475,472,N.A.,N.A.,B07FQL68WH
2025-02-21,490,438,4.6,43762,B07FQL68WH
2025-02-22,472,479,N.A.,N.A.,B07FQL68WH
2025-02-23,472,539,N.A.,N.A.,B07FQL68WH
2025-02-24,496,478,N.A.,N.A.,B07FQL68WH
2025-02-25,534,401,N.A.,N.A.,B07FQL68WH
2025-02-26,515,438,N.A.,N.A.,B07FQL68WH
2025-02-27,493,485,N.A.,N.A.,B07FQL68WH
2025-02-28,475,531,4.6,43811,B07FQL68WH
2025-03-01,481,515,N.A.,N.A.,B07FQL68WH
2025-03-02,490,493,N.A.,N.A.,B07FQL68WH
2025-03-03,484,497,N.A.,N.A.,B07FQL68WH
2025-03-04,519,414,N.A.,N.A.,B07FQL68WH
2025-03-05,488,477,N.A.,N.A.,B07FQL68WH
2025-03-06,480,494,N.A.,N.A.,B07FQL68WH
2025-03-07,471,510,N.A.,N.A.,B07FQL68WH
2025-03-08,433,615,N.A.,N.A.,B07FQL68WH
2025-03-09,405,719,4.6,43868,B07FQL68WH
2025-03-10,409,750,N.A.,N.A.,B07FQL68WH
2025-03-11,446,642,N.A.,N.A.,B07FQL68WH
2025-03-12,440,678,N.A.,N.A.,B07FQL68WH
2025-03-13,442,689,N.A.,N.A.,B07FQL68WH
2025-03-14,514,509,N.A.,N.A.,B07FQL68WH
2025-03-15,472,656,N.A.,N.A.,B07FQL68WH
2025-03-16,435,783,4.6,43906,B07FQL68WH
2025-03-17,406,922,N.A.,N.A.,B07FQL68WH
2025-03-18,453,746,N.A.,N.A.,B07FQL68WH
2025-03-19,474,686,N.A.,N.A.,B07FQL68WH
2025-03-20,476,686,N.A.,N.A.,B07FQL68WH
2025-03-21,456,764,N.A.,N.A.,B07FQL68WH
2025-03-22,452,796,N.A.,N.A.,B07FQL68WH
2025-03-23,425,904,4.6,43950,B07FQL68WH
2025-03-24,520,586,N.A.,N.A.,B07FQL68WH
2025-03-25,589,436,N.A.,N.A.,B07FQL68WH
2025-03-26,570,469,N.A.,N.A.,B07FQL68WH
2025-03-27,555,497,N.A.,N.A.,B07FQL68WH
2025-03-28,544,520,N.A.,N.A.,B07FQL68WH
2025-03-29,554,493,N.A.,N.A.,B07FQL68WH
2025-03-30,540,523,4.6,43980,B07FQL68WH
2025-03-31,521,569,N.A.,N.A.,B07FQL68WH
2025-04-01,544,515,N.A.,N.A.,B07FQL68WH
2025-04-02,516,584,N.A.,N.A.,B07FQL68WH
2025-04-03,474,710,N.A.,N.A.,B07FQL68WH
2025-04-04,465,739,N.A.,N.A.,B07FQL68WH
2025-04-05,457,770,N.A.,N.A.,B07FQL68WH
2025-04-06,401,943,N.A.,N.A.,B07FQL68WH
2025-04-07,377,1086,4.6,44026,B07FQL68WH
2025-04-08,400,951,N.A.,N.A.,B07FQL68WH
2025-04-09,380,1065,N.A.,N.A.,B07FQL68WH
2025-04-10,373,1111,N.A.,N.A.,B07FQL68WH
2025-04-11,356,1227,N.A.,N.A.,B07FQL68WH
2025-04-12,384,1040,N.A.,N.A.,B07FQL68WH
2025-04-13,367,1151,N.A.,N.A.,B07FQL68WH
2025-04-14,333,1438,4.6,44077,B07FQL68WH
2025-04-15,321,1562,N.A.,N.A.,B07FQL68WH
2025-04-16,341,1389,N.A.,N.A.,B07FQL68WH
2025-04-17,351,1324,N.A.,N.A.,B07FQL68WH
2025-04-18,344,1391,N.A.,N.A.,B07FQL68WH
2025-04-19,344,1414,N.A.,N.A.,B07FQL68WH
2025-04-20,349,1367,N.A.,N.A.,B07FQL68WH
2025-04-21,333,1503,N.A.,N.A.,B07FQL68WH
2025-04-22,357,1308,4.6,44114,B07FQL68WH
2025-04-23,383,1135,N.A.,N.A.,B07FQL68WH
2025-04-24,387,1109,N.A.,N.A.,B07FQL68WH
2025-04-25,373,1195,N.A.,N.A.,B07FQL68WH
2025-04-26,369,1221,N.A.,N.A.,B07FQL68WH
2025-04-27,400,1257,N.A.,N.A.,B07FQL68WH
2025-04-28,404,1235,N.A.,N.A.,B07FQL68WH
2025-04-29,392,1306,4.6,44148,B07FQL68WH
2025-04-30,405,1227,N.A.,N.A.,B07FQL68WH
2025-05-01,387,1340,N.A.,N.A.,B07FQL68WH
2025-05-02,382,1375,N.A.,N.A.,B07FQL68WH
2025-05-03,352,1603,N.A.,N.A.,B07FQL68WH
2025-05-04,340,1706,N.A.,N.A.,B07FQL68WH
2025-05-05,356,1567,N.A.,N.A.,B07FQL68WH
2025-05-06,431,1085,N.A.,N.A.,B07FQL68WH
2025-05-07,445,1018,4.6,44187,B07FQL68WH
2025-05-08,442,1030,N.A.,N.A.,B07FQL68WH
2025-05-09,433,1075,N.A.,N.A.,B07FQL68WH
2025-05-10,425,1115,N.A.,N.A.,B07FQL68WH
2025-05-11,422,1133,N.A.,N.A.,B07FQL68WH
2025-05-12,385,1353,N.A.,N.A.,B07FQL68WH
2025-05-13,377,1406,N.A.,N.A.,B07FQL68WH
2025-05-14,453,982,4.6,44229,B07FQL68WH
2025-05-15,398,1269,N.A.,N.A.,B07FQL68WH
2025-02-17,1,19649,N.A.,N.A.,B0BCQ83YYB
2025-02-18,1,23512,N.A.,N.A.,B0BCQ83YYB
2025-02-19,1,27375,N.A.,N.A.,B0BCQ83YYB
2025-02-20,0,31238,N.A.,N.A.,B0BCQ83YYB
2025-02-21,0,35100,N.A.,N.A.,B0BCQ83YYB
2025-02-22,0,38963,N.A.,N.A.,B0BCQ83YYB
2025-02-23,0,42826,N.A.,N.A.,B0BCQ83YYB
2025-02-24,0,46689,4.3,27,B0BCQ83YYB
2025-02-25,0,45293,N.A.,N.A.,B0BCQ83YYB
2025-02-26,0,43896,N.A.,N.A.,B0BCQ83YYB
2025-02-27,0,42500,N.A.,N.A.,B0BCQ83YYB
2025-02-28,0,41103,N.A.,N.A.,B0BCQ83YYB
2025-03-01,0,39707,N.A.,N.A.,B0BCQ83YYB
2025-03-02,0,38310,N.A.,N.A.,B0BCQ83YYB
2025-03-03,0,36914,N.A.,N.A.,B0BCQ83YYB
2025-03-04,0,35517,N.A.,N.A.,B0BCQ83YYB
2025-03-05,0,34121,N.A.,N.A.,B0BCQ83YYB
2025-03-06,0,32724,N.A.,N.A.,B0BCQ83YYB
2025-03-07,0,31328,N.A.,N.A.,B0BCQ83YYB
2025-03-08,0,29931,N.A.,N.A.,B0BCQ83YYB
2025-03-09,1,28535,N.A.,N.A.,B0BCQ83YYB
2025-03-10,1,27138,N.A.,N.A.,B0BCQ83YYB
2025-03-11,0,30856,N.A.,N.A.,B0BCQ83YYB
2025-03-12,0,34575,N.A.,N.A.,B0BCQ83YYB
2025-03-13,0,38293,N.A.,N.A.,B0BCQ83YYB
2025-03-14,0,42012,N.A.,N.A.,B0BCQ83YYB
2025-03-15,0,45730,N.A.,N.A.,B0BCQ83YYB
2025-03-16,0,49449,N.A.,N.A.,B0BCQ83YYB
2025-03-17,0,53167,N.A.,N.A.,B0BCQ83YYB
2025-03-18,0,51684,N.A.,N.A.,B0BCQ83YYB
2025-03-19,0,50202,N.A.,N.A.,B0BCQ83YYB
2025-03-20,0,48719,N.A.,N.A.,B0BCQ83YYB
2025-03-21,0,47237,N.A.,N.A.,B0BCQ83YYB
2025-03-22,0,45754,N.A.,N.A.,B0BCQ83YYB
2025-03-23,0,44272,N.A.,N.A.,B0BCQ83YYB
2025-03-24,0,42789,N.A.,N.A.,B0BCQ83YYB
2025-03-25,0,41306,N.A.,N.A.,B0BCQ83YYB
2025-03-26,0,39824,N.A.,N.A.,B0BCQ83YYB
2025-03-27,0,38341,N.A.,N.A.,B0BCQ83YYB
2025-03-28,0,36859,N.A.,N.A.,B0BCQ83YYB
2025-03-29,0,35376,N.A.,N.A.,B0BCQ83YYB
2025-03-30,0,33894,N.A.,N.A.,B0BCQ83YYB
2025-03-31,0,32411,N.A.,N.A.,B0BCQ83YYB
2025-04-01,0,33965,N.A.,N.A.,B0BCQ83YYB
2025-04-02,0,35519,N.A.,N.A.,B0BCQ83YYB
2025-04-03,0,37073,N.A.,N.A.,B0BCQ83YYB
2025-04-04,0,38626,N.A.,N.A.,B0BCQ83YYB
2025-04-05,0,40180,N.A.,N.A.,B0BCQ83YYB
2025-04-06,0,41734,N.A.,N.A.,B0BCQ83YYB
2025-04-07,0,43288,4.4,29,B0BCQ83YYB
2025-04-08,0,44330,N.A.,N.A.,B0BCQ83YYB
2025-04-09,0,45372,N.A.,N.A.,B0BCQ83YYB
2025-04-10,0,46414,N.A.,N.A.,B0BCQ83YYB
2025-04-11,0,47456,N.A.,N.A.,B0BCQ83YYB
2025-04-12,0,48498,N.A.,N.A.,B0BCQ83YYB
2025-04-13,0,49540,N.A.,N.A.,B0BCQ83YYB
2025-04-14,0,50582,N.A.,N.A.,B0BCQ83YYB
2025-04-15,0,51623,N.A.,N.A.,B0BCQ83YYB
2025-04-16,0,52665,N.A.,N.A.,B0BCQ83YYB
2025-04-17,0,53707,N.A.,N.A.,B0BCQ83YYB
2025-04-18,0,54749,N.A.,N.A.,B0BCQ83YYB
2025-04-19,0,55791,N.A.,N.A.,B0BCQ83YYB
2025-04-20,0,56833,N.A.,N.A.,B0BCQ83YYB
2025-04-21,0,57875,N.A.,N.A.,B0BCQ83YYB
2025-04-22,0,58458,N.A.,N.A.,B0BCQ83YYB
2025-04-23,0,59041,N.A.,N.A.,B0BCQ83YYB
2025-04-24,0,59624,N.A.,N.A.,B0BCQ83YYB
2025-04-25,0,60208,N.A.,N.A.,B0BCQ83YYB
2025-04-26,0,60791,N.A.,N.A.,B0BCQ83YYB
2025-04-27,0,61374,N.A.,N.A.,B0BCQ83YYB
2025-04-28,0,61957,N.A.,N.A.,B0BCQ83YYB
2025-04-29,0,62540,N.A.,N.A.,B0BCQ83YYB
2025-04-30,0,63123,N.A.,N.A.,B0BCQ83YYB
2025-05-01,0,63706,N.A.,N.A.,B0BCQ83YYB
2025-05-02,0,64290,N.A.,N.A.,B0BCQ83YYB
2025-05-03,0,64873,N.A.,N.A.,B0BCQ83YYB
2025-05-04,0,65456,N.A.,N.A.,B0BCQ83YYB
2025-05-05,0,66039,N.A.,N.A.,B0BCQ83YYB
2025-05-06,0,66622,N.A.,N.A.,B0BCQ83YYB
2025-05-07,0,67205,N.A.,N.A.,B0BCQ83YYB
2025-05-08,0,67788,N.A.,N.A.,B0BCQ83YYB
2025-05-09,0,68372,N.A.,N.A.,B0BCQ83YYB
2025-05-10,0,68955,N.A.,N.A.,B0BCQ83YYB
2025-05-11,0,69538,N.A.,N.A.,B0BCQ83YYB
2025-05-12,0,70121,N.A.,N.A.,B0BCQ83YYB
2025-05-13,0,70704,N.A.,N.A.,B0BCQ83YYB
2025-05-14,0,71287,N.A.,N.A.,B0BCQ83YYB
2025-05-15,0,71870,N.A.,N.A.,B0BCQ83YYB
2025-02-17,N.A.,N.A.,N.A.,N.A.,B0F39S3Y79
2025-02-18,N.A.,N.A.,N.A.,N.A.,B0F39S3Y79
2025-02-19,N.A.,N.A.,N.A.,N.A.,B0F39S3Y79
2025-02-20,N.A.,N.A.,N.A.,N.A.,B0F39S3Y79
2025-02-21,N.A.,N.A.,N.A.,N.A.,B0F39S3Y79
2025-02-22,N.A.,N.A.,N.A.,N.A.,B0F39S3Y79
2025-02-23,N.A.,N.A.,N.A.,N.A.,B0F39S3Y79
2025-02-24,N.A.,N.A.,N.A.,N.A.,B0F39S3Y79
2025-02-25,N.A.,N.A.,N.A.,N.A.,B0F39S3Y79
2025-02-26,N.A.,N.A.,N.A.,N.A.,B0F39S3Y79
2025-02-27,N.A.,N.A.,N.A.,N.A.,B0F39S3Y79
2025-02-28,N.A.,N.A.,N.A.,N.A.,B0F39S3Y79
2025-03-01,N.A.,N.A.,N.A.,N.A.,B0F39S3Y79
2025-03-02,N.A.,N.A.,N.A.,N.A.,B0F39S3Y79
2025-03-03,N.A.,N.A.,N.A.,N.A.,B0F39S3Y79
2025-03-04,N.A.,N.A.,N.A.,N.A.,B0F39S3Y79
2025-03-05,N.A.,N.A.,N.A.,N.A.,B0F39S3Y79
2025-03-06,N.A.,N.A.,N.A.,N.A.,B0F39S3Y79
2025-03-07,N.A.,N.A.,N.A.,N.A.,B0F39S3Y79
2025-03-08,N.A.,N.A.,N.A.,N.A.,B0F39S3Y79
2025-03-09,N.A.,N.A.,N.A.,N.A.,B0F39S3Y79
2025-03-10,N.A.,N.A.,N.A.,N.A.,B0F39S3Y79
2025-03-11,N.A.,N.A.,N.A.,N.A.,B0F39S3Y79
2025-03-12,N.A.,N.A.,N.A.,N.A.,B0F39S3Y79
2025-03-13,N.A.,N.A.,N.A.,N.A.,B0F39S3Y79
2025-03-14,N.A.,N.A.,N.A.,N.A.,B0F39S3Y79
2025-03-15,N.A.,N.A.,N.A.,N.A.,B0F39S3Y79
2025-03-16,N.A.,N.A.,N.A.,N.A.,B0F39S3Y79
2025-03-17,N.A.,N.A.,N.A.,N.A.,B0F39S3Y79
2025-03-18,N.A.,N.A.,N.A.,N.A.,B0F39S3Y79
2025-03-19,N.A.,N.A.,N.A.,N.A.,B0F39S3Y79
2025-03-20,N.A.,N.A.,N.A.,N.A.,B0F39S3Y79
2025-03-21,N.A.,N.A.,N.A.,N.A.,B0F39S3Y79
2025-03-22,N.A.,N.A.,N.A.,N.A.,B0F39S3Y79
2025-03-23,N.A.,N.A.,N.A.,N.A.,B0F39S3Y79
2025-03-24,N.A.,N.A.,N.A.,N.A.,B0F39S3Y79
2025-03-25,N.A.,N.A.,N.A.,N.A.,B0F39S3Y79
2025-03-26,N.A.,N.A.,N.A.,N.A.,B0F39S3Y79
2025-03-27,N.A.,N.A.,N.A.,N.A.,B0F39S3Y79
2025-03-28,N.A.,N.A.,N.A.,N.A.,B0F39S3Y79
2025-03-29,N.A.,N.A.,N.A.,N.A.,B0F39S3Y79
2025-03-30,N.A.,N.A.,N.A.,N.A.,B0F39S3Y79
2025-03-31,N.A.,N.A.,N.A.,N.A.,B0F39S3Y79
2025-04-01,N.A.,N.A.,N.A.,N.A.,B0F39S3Y79
2025-04-02,N.A.,N.A.,N.A.,N.A.,B0F39S3Y79
2025-04-03,N.A.,N.A.,N.A.,N.A.,B0F39S3Y79
2025-04-04,N.A.,N.A.,N.A.,N.A.,B0F39S3Y79
2025-04-05,N.A.,N.A.,N.A.,N.A.,B0F39S3Y79
2025-04-06,N.A.,N.A.,N.A.,N.A.,B0F39S3Y79
2025-04-07,N.A.,N.A.,N.A.,N.A.,B0F39S3Y79
2025-04-08,N.A.,N.A.,N.A.,N.A.,B0F39S3Y79
2025-04-09,N.A.,N.A.,N.A.,N.A.,B0F39S3Y79
2025-04-10,N.A.,N.A.,N.A.,N.A.,B0F39S3Y79
2025-04-11,N.A.,N.A.,N.A.,N.A.,B0F39S3Y79
2025-04-12,N.A.,N.A.,N.A.,N.A.,B0F39S3Y79
2025-04-13,N.A.,N.A.,N.A.,N.A.,B0F39S3Y79
2025-04-14,N.A.,N.A.,N.A.,N.A.,B0F39S3Y79
2025-04-15,N.A.,N.A.,N.A.,N.A.,B0F39S3Y79
2025-04-16,N.A.,N.A.,N.A.,N.A.,B0F39S3Y79
2025-04-17,N.A.,N.A.,N.A.,N.A.,B0F39S3Y79
2025-04-18,N.A.,N.A.,N.A.,N.A.,B0F39S3Y79
2025-04-19,N.A.,N.A.,N.A.,N.A.,B0F39S3Y79
2025-04-20,N.A.,N.A.,N.A.,N.A.,B0F39S3Y79
2025-04-21,N.A.,N.A.,N.A.,N.A.,B0F39S3Y79
2025-04-22,N.A.,N.A.,N.A.,N.A.,B0F39S3Y79
2025-04-23,N.A.,N.A.,N.A.,N.A.,B0F39S3Y79
2025-04-24,N.A.,N.A.,N.A.,N.A.,B0F39S3Y79
2025-04-25,1,15245,N.A.,N.A.,B0F39S3Y79
2025-04-26,1,14115,N.A.,N.A.,B0F39S3Y79
2025-04-27,1,12986,N.A.,N.A.,B0F39S3Y79
2025-04-28,2,11856,N.A.,N.A.,B0F39S3Y79
2025-04-29,2,10727,N.A.,N.A.,B0F39S3Y79
2025-04-30,2,9597,N.A.,N.A.,B0F39S3Y79
2025-05-01,2,8468,N.A.,N.A.,B0F39S3Y79
2025-05-02,3,7338,N.A.,N.A.,B0F39S3Y79
2025-05-03,1,16946,N.A.,N.A.,B0F39S3Y79
2025-05-04,1,21201,N.A.,N.A.,B0F39S3Y79
2025-05-05,1,25456,N.A.,N.A.,B0F39S3Y79
2025-05-06,0,29711,N.A.,N.A.,B0F39S3Y79
2025-05-07,0,33967,N.A.,N.A.,B0F39S3Y79
2025-05-08,0,38222,N.A.,N.A.,B0F39S3Y79
2025-05-09,0,42477,N.A.,N.A.,B0F39S3Y79
2025-05-10,0,46732,N.A.,N.A.,B0F39S3Y79
2025-05-11,0,50987,N.A.,N.A.,B0F39S3Y79
2025-05-12,0,55242,N.A.,N.A.,B0F39S3Y79
2025-05-13,0,59497,N.A.,N.A.,B0F39S3Y79
2025-05-14,0,63753,N.A.,N.A.,B0F39S3Y79
2025-05-15,0,68008,N.A.,N.A.,B0F39S3Y79
2025-02-17,384,176,N.A.,N.A.,B0CGLSCRVK
2025-02-18,351,207,N.A.,N.A.,B0CGLSCRVK
2025-02-19,363,195,N.A.,N.A.,B0CGLSCRVK
2025-02-20,376,183,N.A.,N.A.,B0CGLSCRVK
2025-02-21,382,178,N.A.,N.A.,B0CGLSCRVK
2025-02-22,373,186,N.A.,N.A.,B0CGLSCRVK
2025-02-23,335,226,4.5,1803,B0CGLSCRVK
2025-02-24,333,228,N.A.,N.A.,B0CGLSCRVK
2025-02-25,332,229,N.A.,N.A.,B0CGLSCRVK
2025-02-26,331,231,N.A.,N.A.,B0CGLSCRVK
2025-02-27,328,234,N.A.,N.A.,B0CGLSCRVK
2025-02-28,325,238,N.A.,N.A.,B0CGLSCRVK
2025-03-01,323,241,N.A.,N.A.,B0CGLSCRVK
2025-03-02,279,311,4.5,1823,B0CGLSCRVK
2025-03-03,434,140,N.A.,N.A.,B0CGLSCRVK
2025-03-04,542,91,N.A.,N.A.,B0CGLSCRVK
2025-03-05,635,66,N.A.,N.A.,B0CGLSCRVK
2025-03-06,681,57,N.A.,N.A.,B0CGLSCRVK
2025-03-07,738,48,N.A.,N.A.,B0CGLSCRVK
2025-03-08,831,37,N.A.,N.A.,B0CGLSCRVK
2025-03-09,919,25,N.A.,N.A.,B0CGLSCRVK
2025-03-10,1000,20,4.5,1847,B0CGLSCRVK
2025-03-11,965,22,N.A.,N.A.,B0CGLSCRVK
2025-03-12,813,34,N.A.,N.A.,B0CGLSCRVK
2025-03-13,724,45,N.A.,N.A.,B0CGLSCRVK
2025-03-14,777,38,N.A.,N.A.,B0CGLSCRVK
2025-03-15,711,47,N.A.,N.A.,B0CGLSCRVK
2025-03-16,533,90,N.A.,N.A.,B0CGLSCRVK
2025-03-17,484,115,4.5,1887,B0CGLSCRVK
2025-03-18,587,78,N.A.,N.A.,B0CGLSCRVK
2025-03-19,610,73,N.A.,N.A.,B0CGLSCRVK
2025-03-20,671,60,N.A.,N.A.,B0CGLSCRVK
2025-03-21,674,61,N.A.,N.A.,B0CGLSCRVK
2025-03-22,681,62,N.A.,N.A.,B0CGLSCRVK
2025-03-23,560,95,N.A.,N.A.,B0CGLSCRVK
2025-03-24,471,136,4.5,1937,B0CGLSCRVK
2025-03-25,527,108,N.A.,N.A.,B0CGLSCRVK
2025-03-26,672,64,N.A.,N.A.,B0CGLSCRVK
2025-03-27,663,66,N.A.,N.A.,B0CGLSCRVK
2025-03-28,697,59,N.A.,N.A.,B0CGLSCRVK
2025-03-29,663,66,N.A.,N.A.,B0CGLSCRVK
2025-03-30,525,84,N.A.,N.A.,B0CGLSCRVK
2025-03-31,549,75,N.A.,N.A.,B0CGLSCRVK
2025-04-01,484,102,4.5,1972,B0CGLSCRVK
2025-04-02,565,70,N.A.,N.A.,B0CGLSCRVK
2025-04-03,538,79,N.A.,N.A.,B0CGLSCRVK
2025-04-04,515,88,N.A.,N.A.,B0CGLSCRVK
2025-04-05,505,92,N.A.,N.A.,B0CGLSCRVK
2025-04-06,445,124,N.A.,N.A.,B0CGLSCRVK
2025-04-07,416,144,N.A.,N.A.,B0CGLSCRVK
2025-04-08,459,115,4.5,2034,B0CGLSCRVK
2025-04-09,478,105,N.A.,N.A.,B0CGLSCRVK
2025-04-10,445,124,N.A.,N.A.,B0CGLSCRVK
2025-04-11,421,140,N.A.,N.A.,B0CGLSCRVK
2025-04-12,420,141,N.A.,N.A.,B0CGLSCRVK
2025-04-13,369,190,N.A.,N.A.,B0CGLSCRVK
2025-04-14,357,207,N.A.,N.A.,B0CGLSCRVK
2025-04-15,577,72,N.A.,N.A.,B0CGLSCRVK
2025-04-16,757,37,4.5,2078,B0CGLSCRVK
2025-04-17,809,32,N.A.,N.A.,B0CGLSCRVK
2025-04-18,908,24,N.A.,N.A.,B0CGLSCRVK
2025-04-19,998,19,N.A.,N.A.,B0CGLSCRVK
2025-04-20,977,21,N.A.,N.A.,B0CGLSCRVK
2025-04-21,1087,16,N.A.,N.A.,B0CGLSCRVK
2025-04-22,871,31,N.A.,N.A.,B0CGLSCRVK
2025-04-23,824,37,N.A.,N.A.,B0CGLSCRVK
2025-04-24,638,71,4.5,2159,B0CGLSCRVK
2025-04-25,633,74,N.A.,N.A.,B0CGLSCRVK
2025-04-26,621,79,N.A.,N.A.,B0CGLSCRVK
2025-04-27,528,115,N.A.,N.A.,B0CGLSCRVK
2025-04-28,468,148,N.A.,N.A.,B0CGLSCRVK
2025-04-29,556,103,N.A.,N.A.,B0CGLSCRVK
2025-04-30,530,114,N.A.,N.A.,B0CGLSCRVK
2025-05-01,588,91,N.A.,N.A.,B0CGLSCRVK
2025-05-02,577,95,4.5,2218,B0CGLSCRVK
2025-05-03,607,85,N.A.,N.A.,B0CGLSCRVK
2025-05-04,508,125,N.A.,N.A.,B0CGLSCRVK
2025-05-05,484,138,N.A.,N.A.,B0CGLSCRVK
2025-05-06,544,108,N.A.,N.A.,B0CGLSCRVK
2025-05-07,561,101,N.A.,N.A.,B0CGLSCRVK
2025-05-08,542,109,N.A.,N.A.,B0CGLSCRVK
2025-05-09,564,100,4.5,2331,B0CGLSCRVK
2025-05-10,551,105,N.A.,N.A.,B0CGLSCRVK
2025-05-11,483,139,N.A.,N.A.,B0CGLSCRVK
2025-05-12,423,182,N.A.,N.A.,B0CGLSCRVK
2025-05-13,901,33,N.A.,N.A.,B0CGLSCRVK
2025-05-14,960,28,N.A.,N.A.,B0CGLSCRVK
2025-05-15,789,46,N.A.,N.A.,B0CGLSCRVK
2025-02-17,207,2450,N.A.,N.A.,B0B2ZL6PYZ
2025-02-18,205,2486,N.A.,N.A.,B0B2ZL6PYZ
2025-02-19,203,2544,N.A.,N.A.,B0B2ZL6PYZ
2025-02-20,209,2402,N.A.,N.A.,B0B2ZL6PYZ
2025-02-21,201,2569,N.A.,N.A.,B0B2ZL6PYZ
2025-02-22,183,3025,4.7,1257,B0B2ZL6PYZ
2025-02-23,197,2985,N.A.,N.A.,B0B2ZL6PYZ
2025-02-24,236,2196,N.A.,N.A.,B0B2ZL6PYZ
2025-02-25,240,2130,N.A.,N.A.,B0B2ZL6PYZ
2025-02-26,250,1980,N.A.,N.A.,B0B2ZL6PYZ
2025-02-27,249,1983,N.A.,N.A.,B0B2ZL6PYZ
2025-02-28,245,2052,N.A.,N.A.,B0B2ZL6PYZ
2025-03-01,240,2118,N.A.,N.A.,B0B2ZL6PYZ
2025-03-02,243,2077,N.A.,N.A.,B0B2ZL6PYZ
2025-03-03,247,2026,N.A.,N.A.,B0B2ZL6PYZ
2025-03-04,256,1898,N.A.,N.A.,B0B2ZL6PYZ
2025-03-05,264,1786,N.A.,N.A.,B0B2ZL6PYZ
2025-03-06,239,2142,N.A.,N.A.,B0B2ZL6PYZ
2025-03-07,230,2297,N.A.,N.A.,B0B2ZL6PYZ
2025-03-08,241,2120,N.A.,N.A.,B0B2ZL6PYZ
2025-03-09,242,2100,N.A.,N.A.,B0B2ZL6PYZ
2025-03-10,258,1932,N.A.,N.A.,B0B2ZL6PYZ
2025-03-11,277,1722,N.A.,N.A.,B0B2ZL6PYZ
2025-03-12,287,1641,N.A.,N.A.,B0B2ZL6PYZ
2025-03-13,290,1624,N.A.,N.A.,B0B2ZL6PYZ
2025-03-14,292,1640,N.A.,N.A.,B0B2ZL6PYZ
2025-03-15,309,1530,N.A.,N.A.,B0B2ZL6PYZ
2025-03-16,287,1755,N.A.,N.A.,B0B2ZL6PYZ
2025-03-17,324,1432,N.A.,N.A.,B0B2ZL6PYZ
2025-03-18,355,1220,N.A.,N.A.,B0B2ZL6PYZ
2025-03-19,368,1150,N.A.,N.A.,B0B2ZL6PYZ
2025-03-20,364,1189,N.A.,N.A.,B0B2ZL6PYZ
2025-03-21,368,1176,N.A.,N.A.,B0B2ZL6PYZ
2025-03-22,344,1369,N.A.,N.A.,B0B2ZL6PYZ
2025-03-23,330,1484,N.A.,N.A.,B0B2ZL6PYZ
2025-03-24,326,1523,N.A.,N.A.,B0B2ZL6PYZ
2025-03-25,374,1169,4.7,1300,B0B2ZL6PYZ
2025-03-26,508,612,N.A.,N.A.,B0B2ZL6PYZ
2025-03-27,539,533,N.A.,N.A.,B0B2ZL6PYZ
2025-03-28,500,630,N.A.,N.A.,B0B2ZL6PYZ
2025-03-29,514,587,N.A.,N.A.,B0B2ZL6PYZ
2025-03-30,472,714,N.A.,N.A.,B0B2ZL6PYZ
2025-03-31,536,533,N.A.,N.A.,B0B2ZL6PYZ
2025-04-01,580,440,N.A.,N.A.,B0B2ZL6PYZ
2025-04-02,503,618,N.A.,N.A.,B0B2ZL6PYZ
2025-04-03,471,719,N.A.,N.A.,B0B2ZL6PYZ
2025-04-04,451,793,N.A.,N.A.,B0B2ZL6PYZ
2025-04-05,424,904,N.A.,N.A.,B0B2ZL6PYZ
2025-04-06,386,1033,N.A.,N.A.,B0B2ZL6PYZ
2025-04-07,403,932,N.A.,N.A.,B0B2ZL6PYZ
2025-04-08,392,995,N.A.,N.A.,B0B2ZL6PYZ
2025-04-09,406,918,N.A.,N.A.,B0B2ZL6PYZ
2025-04-10,399,957,N.A.,N.A.,B0B2ZL6PYZ
2025-04-11,405,922,N.A.,N.A.,B0B2ZL6PYZ
2025-04-12,399,958,N.A.,N.A.,B0B2ZL6PYZ
2025-04-13,357,1222,N.A.,N.A.,B0B2ZL6PYZ
2025-04-14,384,1061,N.A.,N.A.,B0B2ZL6PYZ
2025-04-15,407,948,N.A.,N.A.,B0B2ZL6PYZ
2025-04-16,430,844,N.A.,N.A.,B0B2ZL6PYZ
2025-04-17,434,833,N.A.,N.A.,B0B2ZL6PYZ
2025-04-18,413,944,N.A.,N.A.,B0B2ZL6PYZ
2025-04-19,416,947,N.A.,N.A.,B0B2ZL6PYZ
2025-04-20,402,1022,N.A.,N.A.,B0B2ZL6PYZ
2025-04-21,424,910,N.A.,N.A.,B0B2ZL6PYZ
2025-04-22,455,776,N.A.,N.A.,B0B2ZL6PYZ
2025-04-23,488,659,N.A.,N.A.,B0B2ZL6PYZ
2025-04-24,476,697,4.7,1338,B0B2ZL6PYZ
2025-04-25,478,692,N.A.,N.A.,B0B2ZL6PYZ
2025-04-26,58,19357,N.A.,N.A.,B0B2ZL6PYZ
2025-04-27,49,25284,N.A.,N.A.,B0B2ZL6PYZ
2025-04-28,42,29828,N.A.,N.A.,B0B2ZL6PYZ
2025-04-29,484,858,N.A.,N.A.,B0B2ZL6PYZ
2025-04-30,503,790,N.A.,N.A.,B0B2ZL6PYZ
2025-05-01,545,665,N.A.,N.A.,B0B2ZL6PYZ
2025-05-02,512,759,N.A.,N.A.,B0B2ZL6PYZ
2025-05-03,543,668,N.A.,N.A.,B0B2ZL6PYZ
2025-05-04,504,785,N.A.,N.A.,B0B2ZL6PYZ
2025-05-05,570,602,N.A.,N.A.,B0B2ZL6PYZ
2025-05-06,521,733,N.A.,N.A.,B0B2ZL6PYZ
2025-05-07,548,655,N.A.,N.A.,B0B2ZL6PYZ
2025-05-08,535,692,N.A.,N.A.,B0B2ZL6PYZ
2025-05-09,547,658,N.A.,N.A.,B0B2ZL6PYZ
2025-05-10,531,704,N.A.,N.A.,B0B2ZL6PYZ
2025-05-11,494,819,N.A.,N.A.,B0B2ZL6PYZ
2025-05-12,532,700,N.A.,N.A.,B0B2ZL6PYZ
2025-05-13,548,655,N.A.,N.A.,B0B2ZL6PYZ
2025-05-14,589,558,N.A.,N.A.,B0B2ZL6PYZ
2025-05-15,548,655,N.A.,N.A.,B0B2ZL6PYZ
2025-02-17,147,4258,N.A.,N.A.,B0BLRBS6NP
2025-02-18,128,5248,N.A.,N.A.,B0BLRBS6NP
2025-02-19,129,5214,N.A.,N.A.,B0BLRBS6NP
2025-02-20,127,5290,N.A.,N.A.,B0BLRBS6NP
2025-02-21,125,5464,4.7,887,B0BLRBS6NP
2025-02-22,115,6129,N.A.,N.A.,B0BLRBS6NP
2025-02-23,130,5715,N.A.,N.A.,B0BLRBS6NP
2025-02-24,142,5042,N.A.,N.A.,B0BLRBS6NP
2025-02-25,144,4936,N.A.,N.A.,B0BLRBS6NP
2025-02-26,150,4625,N.A.,N.A.,B0BLRBS6NP
2025-02-27,137,5281,N.A.,N.A.,B0BLRBS6NP
2025-02-28,134,5501,N.A.,N.A.,B0BLRBS6NP
2025-03-01,140,5130,N.A.,N.A.,B0BLRBS6NP
2025-03-02,12,86296,N.A.,N.A.,B0BLRBS6NP
2025-03-03,64,15032,N.A.,N.A.,B0BLRBS6NP
2025-03-04,12,81930,N.A.,N.A.,B0BLRBS6NP
2025-03-05,117,6808,N.A.,N.A.,B0BLRBS6NP
2025-03-06,147,4835,N.A.,N.A.,B0BLRBS6NP
2025-03-07,136,5522,N.A.,N.A.,B0BLRBS6NP
2025-03-08,174,3755,N.A.,N.A.,B0BLRBS6NP
2025-03-09,159,4369,N.A.,N.A.,B0BLRBS6NP
2025-03-10,190,3307,N.A.,N.A.,B0BLRBS6NP
2025-03-11,198,3133,N.A.,N.A.,B0BLRBS6NP
2025-03-12,195,3229,N.A.,N.A.,B0BLRBS6NP
2025-03-13,182,3637,N.A.,N.A.,B0BLRBS6NP
2025-03-14,195,3310,N.A.,N.A.,B0BLRBS6NP
2025-03-15,167,4301,N.A.,N.A.,B0BLRBS6NP
2025-03-16,185,3664,N.A.,N.A.,B0BLRBS6NP
2025-03-17,214,2965,N.A.,N.A.,B0BLRBS6NP
2025-03-18,214,2997,N.A.,N.A.,B0BLRBS6NP
2025-03-19,201,3321,N.A.,N.A.,B0BLRBS6NP
2025-03-20,191,3635,N.A.,N.A.,B0BLRBS6NP
2025-03-21,202,3359,N.A.,N.A.,B0BLRBS6NP
2025-03-22,202,3438,N.A.,N.A.,B0BLRBS6NP
2025-03-23,201,3452,N.A.,N.A.,B0BLRBS6NP
2025-03-24,205,3382,4.7,927,B0BLRBS6NP
2025-03-25,243,2576,N.A.,N.A.,B0BLRBS6NP
2025-03-26,331,1484,N.A.,N.A.,B0BLRBS6NP
2025-03-27,344,1377,N.A.,N.A.,B0BLRBS6NP
2025-03-28,322,1569,N.A.,N.A.,B0BLRBS6NP
2025-03-29,344,1389,N.A.,N.A.,B0BLRBS6NP
2025-03-30,347,1366,N.A.,N.A.,B0BLRBS6NP
2025-03-31,369,1208,N.A.,N.A.,B0BLRBS6NP
2025-04-01,355,1307,N.A.,N.A.,B0BLRBS6NP
2025-04-02,297,1841,N.A.,N.A.,B0BLRBS6NP
2025-04-03,284,1996,N.A.,N.A.,B0BLRBS6NP
2025-04-04,241,2666,N.A.,N.A.,B0BLRBS6NP
2025-04-05,243,2624,N.A.,N.A.,B0BLRBS6NP
2025-04-06,256,2361,N.A.,N.A.,B0BLRBS6NP
2025-04-07,238,2709,N.A.,N.A.,B0BLRBS6NP
2025-04-08,315,1592,N.A.,N.A.,B0BLRBS6NP
2025-04-09,308,1661,N.A.,N.A.,B0BLRBS6NP
2025-04-10,296,1794,N.A.,N.A.,B0BLRBS6NP
2025-04-11,349,1281,N.A.,N.A.,B0BLRBS6NP
2025-04-12,315,1586,N.A.,N.A.,B0BLRBS6NP
2025-04-13,336,1391,N.A.,N.A.,B0BLRBS6NP
2025-04-14,363,1204,N.A.,N.A.,B0BLRBS6NP
2025-04-15,312,1651,N.A.,N.A.,B0BLRBS6NP
2025-04-16,306,1733,N.A.,N.A.,B0BLRBS6NP
2025-04-17,290,1922,N.A.,N.A.,B0BLRBS6NP
2025-04-18,277,2113,N.A.,N.A.,B0BLRBS6NP
2025-04-19,300,1835,N.A.,N.A.,B0BLRBS6NP
2025-04-20,277,2135,N.A.,N.A.,B0BLRBS6NP
2025-04-21,308,1747,N.A.,N.A.,B0BLRBS6NP
2025-04-22,282,2056,N.A.,N.A.,B0BLRBS6NP
2025-04-23,282,2065,4.7,967,B0BLRBS6NP
2025-04-24,242,2702,N.A.,N.A.,B0BLRBS6NP
2025-04-25,227,3012,N.A.,N.A.,B0BLRBS6NP
2025-04-26,214,3321,N.A.,N.A.,B0BLRBS6NP
2025-04-27,218,3631,N.A.,N.A.,B0BLRBS6NP
2025-04-28,269,2573,N.A.,N.A.,B0BLRBS6NP
2025-04-29,256,2807,N.A.,N.A.,B0BLRBS6NP
2025-04-30,272,2535,N.A.,N.A.,B0BLRBS6NP
2025-05-01,234,3254,N.A.,N.A.,B0BLRBS6NP
2025-05-02,266,2633,N.A.,N.A.,B0BLRBS6NP
2025-05-03,253,2862,N.A.,N.A.,B0BLRBS6NP
2025-05-04,272,2532,N.A.,N.A.,B0BLRBS6NP
2025-05-05,245,3010,N.A.,N.A.,B0BLRBS6NP
2025-05-06,282,2383,N.A.,N.A.,B0BLRBS6NP
2025-05-07,248,2943,N.A.,N.A.,B0BLRBS6NP
2025-05-08,273,2515,N.A.,N.A.,B0BLRBS6NP
2025-05-09,254,2834,N.A.,N.A.,B0BLRBS6NP
2025-05-10,259,2751,N.A.,N.A.,B0BLRBS6NP
2025-05-11,301,2124,N.A.,N.A.,B0BLRBS6NP
2025-05-12,290,2262,N.A.,N.A.,B0BLRBS6NP
2025-05-13,299,2148,N.A.,N.A.,B0BLRBS6NP
2025-05-14,304,2092,N.A.,N.A.,B0BLRBS6NP
2025-05-15,293,2229,N.A.,N.A.,B0BLRBS6NP
2025-02-17,411,653,N.A.,N.A.,B0B2BWC8GM
2025-02-18,475,472,N.A.,N.A.,B0B2BWC8GM
2025-02-19,533,358,N.A.,N.A.,B0B2BWC8GM
2025-02-20,537,351,N.A.,N.A.,B0B2BWC8GM
2025-02-21,535,354,N.A.,N.A.,B0B2BWC8GM
2025-02-22,553,327,4.4,3626,B0B2BWC8GM
2025-02-23,595,305,N.A.,N.A.,B0B2BWC8GM
2025-02-24,525,418,N.A.,N.A.,B0B2BWC8GM
2025-02-25,434,653,N.A.,N.A.,B0B2BWC8GM
2025-02-26,397,793,N.A.,N.A.,B0B2BWC8GM
2025-02-27,390,823,N.A.,N.A.,B0B2BWC8GM
2025-02-28,384,853,N.A.,N.A.,B0B2BWC8GM
2025-03-01,355,1005,N.A.,N.A.,B0B2BWC8GM
2025-03-02,356,998,N.A.,N.A.,B0B2BWC8GM
2025-03-03,328,1170,N.A.,N.A.,B0B2BWC8GM
2025-03-04,333,1134,N.A.,N.A.,B0B2BWC8GM
2025-03-05,330,1147,N.A.,N.A.,B0B2BWC8GM
2025-03-06,329,1152,N.A.,N.A.,B0B2BWC8GM
2025-03-07,341,1064,N.A.,N.A.,B0B2BWC8GM
2025-03-08,366,906,N.A.,N.A.,B0B2BWC8GM
2025-03-09,313,1270,N.A.,N.A.,B0B2BWC8GM
2025-03-10,402,780,N.A.,N.A.,B0B2BWC8GM
2025-03-11,407,790,N.A.,N.A.,B0B2BWC8GM
2025-03-12,357,1063,N.A.,N.A.,B0B2BWC8GM
2025-03-13,308,1451,N.A.,N.A.,B0B2BWC8GM
2025-03-14,313,1444,N.A.,N.A.,B0B2BWC8GM
2025-03-15,335,1318,N.A.,N.A.,B0B2BWC8GM
2025-03-16,341,1275,N.A.,N.A.,B0B2BWC8GM
2025-03-17,312,1540,N.A.,N.A.,B0B2BWC8GM
2025-03-18,328,1424,N.A.,N.A.,B0B2BWC8GM
2025-03-19,314,1554,N.A.,N.A.,B0B2BWC8GM
2025-03-20,316,1549,N.A.,N.A.,B0B2BWC8GM
2025-03-21,330,1452,N.A.,N.A.,B0B2BWC8GM
2025-03-22,431,877,N.A.,N.A.,B0B2BWC8GM
2025-03-23,361,1247,N.A.,N.A.,B0B2BWC8GM
2025-03-24,351,1320,4.4,3846,B0B2BWC8GM
2025-03-25,404,1000,N.A.,N.A.,B0B2BWC8GM
2025-03-26,416,944,N.A.,N.A.,B0B2BWC8GM
2025-03-27,439,843,N.A.,N.A.,B0B2BWC8GM
2025-03-28,408,984,N.A.,N.A.,B0B2BWC8GM
2025-03-29,405,995,N.A.,N.A.,B0B2BWC8GM
2025-03-30,372,1190,N.A.,N.A.,B0B2BWC8GM
2025-03-31,393,1064,N.A.,N.A.,B0B2BWC8GM
2025-04-01,343,1399,N.A.,N.A.,B0B2BWC8GM
2025-04-02,320,1595,N.A.,N.A.,B0B2BWC8GM
2025-04-03,301,1788,N.A.,N.A.,B0B2BWC8GM
2025-04-04,290,1915,N.A.,N.A.,B0B2BWC8GM
2025-04-05,409,976,N.A.,N.A.,B0B2BWC8GM
2025-04-06,345,1316,N.A.,N.A.,B0B2BWC8GM
2025-04-07,308,1658,N.A.,N.A.,B0B2BWC8GM
2025-04-08,267,2191,N.A.,N.A.,B0B2BWC8GM
2025-04-09,271,2133,N.A.,N.A.,B0B2BWC8GM
2025-04-10,279,2008,N.A.,N.A.,B0B2BWC8GM
2025-04-11,350,1273,N.A.,N.A.,B0B2BWC8GM
2025-04-12,298,1770,N.A.,N.A.,B0B2BWC8GM
2025-04-13,271,2134,N.A.,N.A.,B0B2BWC8GM
2025-04-14,223,3059,N.A.,N.A.,B0B2BWC8GM
2025-04-15,226,2997,N.A.,N.A.,B0B2BWC8GM
2025-04-16,229,2925,N.A.,N.A.,B0B2BWC8GM
2025-04-17,247,2570,N.A.,N.A.,B0B2BWC8GM
2025-04-18,358,1282,N.A.,N.A.,B0B2BWC8GM
2025-04-19,332,1517,N.A.,N.A.,B0B2BWC8GM
2025-04-20,299,1852,N.A.,N.A.,B0B2BWC8GM
2025-04-21,403,1017,N.A.,N.A.,B0B2BWC8GM
2025-04-22,452,786,N.A.,N.A.,B0B2BWC8GM
2025-04-23,446,810,4.4,4076,B0B2BWC8GM
2025-04-24,469,724,N.A.,N.A.,B0B2BWC8GM
2025-04-25,509,595,N.A.,N.A.,B0B2BWC8GM
2025-04-26,528,542,N.A.,N.A.,B0B2BWC8GM
2025-04-27,579,580,N.A.,N.A.,B0B2BWC8GM
2025-04-28,451,992,N.A.,N.A.,B0B2BWC8GM
2025-04-29,364,1505,N.A.,N.A.,B0B2BWC8GM
2025-04-30,325,1849,N.A.,N.A.,B0B2BWC8GM
2025-05-01,427,1107,N.A.,N.A.,B0B2BWC8GM
2025-05-02,336,1741,N.A.,N.A.,B0B2BWC8GM
2025-05-03,298,2167,N.A.,N.A.,B0B2BWC8GM
2025-05-04,393,1303,N.A.,N.A.,B0B2BWC8GM
2025-05-05,336,1743,N.A.,N.A.,B0B2BWC8GM
2025-05-06,271,2547,N.A.,N.A.,B0B2BWC8GM
2025-05-07,249,2938,N.A.,N.A.,B0B2BWC8GM
2025-05-08,240,3112,N.A.,N.A.,B0B2BWC8GM
2025-05-09,259,2756,N.A.,N.A.,B0B2BWC8GM
2025-05-10,229,3351,N.A.,N.A.,B0B2BWC8GM
2025-05-11,290,2262,N.A.,N.A.,B0B2BWC8GM
2025-05-12,269,2581,N.A.,N.A.,B0B2BWC8GM
2025-05-13,340,1708,N.A.,N.A.,B0B2BWC8GM
2025-05-14,316,1954,N.A.,N.A.,B0B2BWC8GM
2025-05-15,354,1586,N.A.,N.A.,B0B2BWC8GM
2025-02-17,33,31890,N.A.,N.A.,B0BJTGLYTT
2025-02-18,27,38788,N.A.,N.A.,B0BJTGLYTT
2025-02-19,25,41366,N.A.,N.A.,B0BJTGLYTT
2025-02-20,30,34552,N.A.,N.A.,B0BJTGLYTT
2025-02-21,37,27737,N.A.,N.A.,B0BJTGLYTT
2025-02-22,36,29063,N.A.,N.A.,B0BJTGLYTT
2025-02-23,34,30388,4.7,1054,B0BJTGLYTT
2025-02-24,37,28351,N.A.,N.A.,B0BJTGLYTT
2025-02-25,38,27502,N.A.,N.A.,B0BJTGLYTT
2025-02-26,36,29024,N.A.,N.A.,B0BJTGLYTT
2025-02-27,34,30545,N.A.,N.A.,B0BJTGLYTT
2025-02-28,34,30975,N.A.,N.A.,B0BJTGLYTT
2025-03-01,38,27301,N.A.,N.A.,B0BJTGLYTT
2025-03-02,44,23626,N.A.,N.A.,B0BJTGLYTT
2025-03-03,44,23915,N.A.,N.A.,B0BJTGLYTT
2025-03-04,40,26350,N.A.,N.A.,B0BJTGLYTT
2025-03-05,50,20747,N.A.,N.A.,B0BJTGLYTT
2025-03-06,38,27760,N.A.,N.A.,B0BJTGLYTT
2025-03-07,39,26861,N.A.,N.A.,B0BJTGLYTT
2025-03-08,44,24069,N.A.,N.A.,B0BJTGLYTT
2025-03-09,41,25564,N.A.,N.A.,B0BJTGLYTT
2025-03-10,36,29882,N.A.,N.A.,B0BJTGLYTT
2025-03-11,41,25547,N.A.,N.A.,B0BJTGLYTT
2025-03-12,46,22687,N.A.,N.A.,B0BJTGLYTT
2025-03-13,52,19935,N.A.,N.A.,B0BJTGLYTT
2025-03-14,44,23562,N.A.,N.A.,B0BJTGLYTT
2025-03-15,39,26854,N.A.,N.A.,B0BJTGLYTT
2025-03-16,36,29737,N.A.,N.A.,B0BJTGLYTT
2025-03-17,39,27390,N.A.,N.A.,B0BJTGLYTT
2025-03-18,45,23811,N.A.,N.A.,B0BJTGLYTT
2025-03-19,43,25363,N.A.,N.A.,B0BJTGLYTT
2025-03-20,52,20383,N.A.,N.A.,B0BJTGLYTT
2025-03-21,49,22198,N.A.,N.A.,B0BJTGLYTT
2025-03-22,51,21446,N.A.,N.A.,B0BJTGLYTT
2025-03-23,50,21719,N.A.,N.A.,B0BJTGLYTT
2025-03-24,59,18450,N.A.,N.A.,B0BJTGLYTT
2025-03-25,64,16845,4.7,1059,B0BJTGLYTT
2025-03-26,71,14852,N.A.,N.A.,B0BJTGLYTT
2025-03-27,83,12465,N.A.,N.A.,B0BJTGLYTT
2025-03-28,84,12368,N.A.,N.A.,B0BJTGLYTT
2025-03-29,93,10900,N.A.,N.A.,B0BJTGLYTT
2025-03-30,86,12085,N.A.,N.A.,B0BJTGLYTT
2025-03-31,90,11388,N.A.,N.A.,B0BJTGLYTT
2025-04-01,98,10308,N.A.,N.A.,B0BJTGLYTT
2025-04-02,68,15859,N.A.,N.A.,B0BJTGLYTT
2025-04-03,53,21088,N.A.,N.A.,B0BJTGLYTT
2025-04-04,49,22933,N.A.,N.A.,B0BJTGLYTT
2025-04-05,45,25025,N.A.,N.A.,B0BJTGLYTT
2025-04-06,53,20878,N.A.,N.A.,B0BJTGLYTT
2025-04-07,57,19253,N.A.,N.A.,B0BJTGLYTT
2025-04-08,56,19653,N.A.,N.A.,B0BJTGLYTT
2025-04-09,48,23258,N.A.,N.A.,B0BJTGLYTT
2025-04-10,56,19554,N.A.,N.A.,B0BJTGLYTT
2025-04-11,51,21778,N.A.,N.A.,B0BJTGLYTT
2025-04-12,64,16899,N.A.,N.A.,B0BJTGLYTT
2025-04-13,68,15765,N.A.,N.A.,B0BJTGLYTT
2025-04-14,87,11865,N.A.,N.A.,B0BJTGLYTT
2025-04-15,76,13929,N.A.,N.A.,B0BJTGLYTT
2025-04-16,91,11331,N.A.,N.A.,B0BJTGLYTT
2025-04-17,86,12214,N.A.,N.A.,B0BJTGLYTT
2025-04-18,66,16737,N.A.,N.A.,B0BJTGLYTT
2025-04-19,80,13506,N.A.,N.A.,B0BJTGLYTT
2025-04-20,60,19013,N.A.,N.A.,B0BJTGLYTT
2025-04-21,71,15586,N.A.,N.A.,B0BJTGLYTT
2025-04-22,65,17236,N.A.,N.A.,B0BJTGLYTT
2025-04-23,59,19244,N.A.,N.A.,B0BJTGLYTT
2025-04-24,59,19477,4.8,1073,B0BJTGLYTT
2025-04-25,50,23613,N.A.,N.A.,B0BJTGLYTT
2025-04-26,44,27210,N.A.,N.A.,B0BJTGLYTT
2025-04-27,43,27459,N.A.,N.A.,B0BJTGLYTT
2025-04-28,57,20855,N.A.,N.A.,B0BJTGLYTT
2025-04-29,63,19031,N.A.,N.A.,B0BJTGLYTT
2025-04-30,55,22298,N.A.,N.A.,B0BJTGLYTT
2025-05-01,61,19973,N.A.,N.A.,B0BJTGLYTT
2025-05-02,57,22041,N.A.,N.A.,B0BJTGLYTT
2025-05-03,52,25032,N.A.,N.A.,B0BJTGLYTT
2025-05-04,73,17109,N.A.,N.A.,B0BJTGLYTT
2025-05-05,87,14133,N.A.,N.A.,B0BJTGLYTT
2025-05-06,92,13234,N.A.,N.A.,B0BJTGLYTT
2025-05-07,103,11516,N.A.,N.A.,B0BJTGLYTT
2025-05-08,114,10285,N.A.,N.A.,B0BJTGLYTT
2025-05-09,108,10911,N.A.,N.A.,B0BJTGLYTT
2025-05-10,106,11162,N.A.,N.A.,B0BJTGLYTT
2025-05-11,129,8792,N.A.,N.A.,B0BJTGLYTT
2025-05-12,112,10530,N.A.,N.A.,B0BJTGLYTT
2025-05-13,96,12615,N.A.,N.A.,B0BJTGLYTT
2025-05-14,98,12264,N.A.,N.A.,B0BJTGLYTT
2025-05-15,92,13141,N.A.,N.A.,B0BJTGLYTT
2025-02-17,620,243,N.A.,N.A.,B0B7H4T9LD
2025-02-18,668,199,N.A.,N.A.,B0B7H4T9LD
2025-02-19,691,181,N.A.,N.A.,B0B7H4T9LD
2025-02-20,670,197,N.A.,N.A.,B0B7H4T9LD
2025-02-21,668,199,4.6,4015,B0B7H4T9LD
2025-02-22,629,234,N.A.,N.A.,B0B7H4T9LD
2025-02-23,624,269,N.A.,N.A.,B0B7H4T9LD
2025-02-24,602,295,N.A.,N.A.,B0B7H4T9LD
2025-02-25,665,226,N.A.,N.A.,B0B7H4T9LD
2025-02-26,652,239,N.A.,N.A.,B0B7H4T9LD
2025-02-27,640,251,N.A.,N.A.,B0B7H4T9LD
2025-02-28,609,287,N.A.,N.A.,B0B7H4T9LD
2025-03-01,587,316,N.A.,N.A.,B0B7H4T9LD
2025-03-02,567,344,N.A.,N.A.,B0B7H4T9LD
2025-03-03,534,390,N.A.,N.A.,B0B7H4T9LD
2025-03-04,580,311,N.A.,N.A.,B0B7H4T9LD
2025-03-05,583,303,N.A.,N.A.,B0B7H4T9LD
2025-03-06,578,305,N.A.,N.A.,B0B7H4T9LD
2025-03-07,573,307,N.A.,N.A.,B0B7H4T9LD
2025-03-08,525,377,N.A.,N.A.,B0B7H4T9LD
2025-03-09,493,446,N.A.,N.A.,B0B7H4T9LD
2025-03-10,549,368,N.A.,N.A.,B0B7H4T9LD
2025-03-11,590,323,N.A.,N.A.,B0B7H4T9LD
2025-03-12,564,377,N.A.,N.A.,B0B7H4T9LD
2025-03-13,569,381,N.A.,N.A.,B0B7H4T9LD
2025-03-14,524,486,N.A.,N.A.,B0B7H4T9LD
2025-03-15,556,454,N.A.,N.A.,B0B7H4T9LD
2025-03-16,497,586,N.A.,N.A.,B0B7H4T9LD
2025-03-17,515,556,N.A.,N.A.,B0B7H4T9LD
2025-03-18,535,519,N.A.,N.A.,B0B7H4T9LD
2025-03-19,581,435,N.A.,N.A.,B0B7H4T9LD
2025-03-20,583,435,N.A.,N.A.,B0B7H4T9LD
2025-03-21,589,432,N.A.,N.A.,B0B7H4T9LD
2025-03-22,580,460,N.A.,N.A.,B0B7H4T9LD
2025-03-23,558,502,4.6,4196,B0B7H4T9LD
2025-03-24,556,503,N.A.,N.A.,B0B7H4T9LD
2025-03-25,506,620,N.A.,N.A.,B0B7H4T9LD
2025-03-26,728,253,N.A.,N.A.,B0B7H4T9LD
2025-03-27,719,259,N.A.,N.A.,B0B7H4T9LD
2025-03-28,691,284,N.A.,N.A.,B0B7H4T9LD
2025-03-29,759,214,N.A.,N.A.,B0B7H4T9LD
2025-03-30,673,299,N.A.,N.A.,B0B7H4T9LD
2025-03-31,643,338,N.A.,N.A.,B0B7H4T9LD
2025-04-01,630,356,N.A.,N.A.,B0B7H4T9LD
2025-04-02,602,400,N.A.,N.A.,B0B7H4T9LD
2025-04-03,517,581,N.A.,N.A.,B0B7H4T9LD
2025-04-04,458,766,N.A.,N.A.,B0B7H4T9LD
2025-04-05,452,789,N.A.,N.A.,B0B7H4T9LD
2025-04-06,406,918,N.A.,N.A.,B0B7H4T9LD
2025-04-07,383,1048,N.A.,N.A.,B0B7H4T9LD
2025-04-08,383,1046,N.A.,N.A.,B0B7H4T9LD
2025-04-09,375,1102,N.A.,N.A.,B0B7H4T9LD
2025-04-10,382,1056,N.A.,N.A.,B0B7H4T9LD
2025-04-11,373,1113,N.A.,N.A.,B0B7H4T9LD
2025-04-12,328,1464,N.A.,N.A.,B0B7H4T9LD
2025-04-13,325,1492,N.A.,N.A.,B0B7H4T9LD
2025-04-14,324,1518,N.A.,N.A.,B0B7H4T9LD
2025-04-15,314,1637,N.A.,N.A.,B0B7H4T9LD
2025-04-16,310,1680,N.A.,N.A.,B0B7H4T9LD
2025-04-17,335,1452,N.A.,N.A.,B0B7H4T9LD
2025-04-18,332,1496,N.A.,N.A.,B0B7H4T9LD
2025-04-19,301,1823,N.A.,N.A.,B0B7H4T9LD
2025-04-20,305,1783,N.A.,N.A.,B0B7H4T9LD
2025-04-21,314,1687,N.A.,N.A.,B0B7H4T9LD
2025-04-22,328,1547,4.6,4323,B0B7H4T9LD
2025-04-23,339,1451,N.A.,N.A.,B0B7H4T9LD
2025-04-24,336,1481,N.A.,N.A.,B0B7H4T9LD
2025-04-25,316,1662,N.A.,N.A.,B0B7H4T9LD
2025-04-26,299,1845,N.A.,N.A.,B0B7H4T9LD
2025-04-27,309,2028,N.A.,N.A.,B0B7H4T9LD
2025-04-28,317,1941,N.A.,N.A.,B0B7H4T9LD
2025-04-29,309,2032,N.A.,N.A.,B0B7H4T9LD
2025-04-30,296,2184,N.A.,N.A.,B0B7H4T9LD
2025-05-01,331,1797,N.A.,N.A.,B0B7H4T9LD
2025-05-02,309,2028,N.A.,N.A.,B0B7H4T9LD
2025-05-03,306,2059,N.A.,N.A.,B0B7H4T9LD
2025-05-04,293,2226,N.A.,N.A.,B0B7H4T9LD
2025-05-05,325,1854,N.A.,N.A.,B0B7H4T9LD
2025-05-06,339,1715,N.A.,N.A.,B0B7H4T9LD
2025-05-07,311,2000,N.A.,N.A.,B0B7H4T9LD
2025-05-08,295,2205,N.A.,N.A.,B0B7H4T9LD
2025-05-09,299,2144,N.A.,N.A.,B0B7H4T9LD
2025-05-10,284,2352,N.A.,N.A.,B0B7H4T9LD
2025-05-11,268,2595,N.A.,N.A.,B0B7H4T9LD
2025-05-12,272,2528,N.A.,N.A.,B0B7H4T9LD
2025-05-13,290,2265,N.A.,N.A.,B0B7H4T9LD
2025-05-14,275,2481,N.A.,N.A.,B0B7H4T9LD
2025-05-15,336,1748,N.A.,N.A.,B0B7H4T9LD
2025-02-17,158,3811,N.A.,N.A.,B0CHFM2SVS
2025-02-18,153,3995,N.A.,N.A.,B0CHFM2SVS
2025-02-19,171,3376,N.A.,N.A.,B0CHFM2SVS
2025-02-20,139,4646,N.A.,N.A.,B0CHFM2SVS
2025-02-21,148,4210,N.A.,N.A.,B0CHFM2SVS
2025-02-22,142,4516,N.A.,N.A.,B0CHFM2SVS
2025-02-23,170,3810,N.A.,N.A.,B0CHFM2SVS
2025-02-24,149,4650,N.A.,N.A.,B0CHFM2SVS
2025-02-25,163,4052,N.A.,N.A.,B0CHFM2SVS
2025-02-26,180,3454,N.A.,N.A.,B0CHFM2SVS
2025-02-27,177,3546,N.A.,N.A.,B0CHFM2SVS
2025-02-28,175,3639,N.A.,N.A.,B0CHFM2SVS
2025-03-01,172,3731,N.A.,N.A.,B0CHFM2SVS
2025-03-02,207,2739,N.A.,N.A.,B0CHFM2SVS
2025-03-03,263,1803,N.A.,N.A.,B0CHFM2SVS
2025-03-04,258,1866,N.A.,N.A.,B0CHFM2SVS
2025-03-05,250,1981,N.A.,N.A.,B0CHFM2SVS
2025-03-06,246,2031,N.A.,N.A.,B0CHFM2SVS
2025-03-07,264,1780,N.A.,N.A.,B0CHFM2SVS
2025-03-08,273,1666,N.A.,N.A.,B0CHFM2SVS
2025-03-09,288,1503,N.A.,N.A.,B0CHFM2SVS
2025-03-10,295,1498,N.A.,N.A.,B0CHFM2SVS
2025-03-11,358,1040,N.A.,N.A.,B0CHFM2SVS
2025-03-12,365,1019,4.6,396,B0CHFM2SVS
2025-03-13,344,1166,N.A.,N.A.,B0CHFM2SVS
2025-03-14,329,1312,N.A.,N.A.,B0CHFM2SVS
2025-03-15,305,1566,N.A.,N.A.,B0CHFM2SVS
2025-03-16,355,1178,N.A.,N.A.,B0CHFM2SVS
2025-03-17,329,1390,N.A.,N.A.,B0CHFM2SVS
2025-03-18,339,1331,N.A.,N.A.,B0CHFM2SVS
2025-03-19,336,1373,N.A.,N.A.,B0CHFM2SVS
2025-03-20,347,1302,N.A.,N.A.,B0CHFM2SVS
2025-03-21,311,1615,N.A.,N.A.,B0CHFM2SVS
2025-03-22,319,1571,N.A.,N.A.,B0CHFM2SVS
2025-03-23,349,1329,N.A.,N.A.,B0CHFM2SVS
2025-03-24,342,1392,N.A.,N.A.,B0CHFM2SVS
2025-03-25,333,1465,N.A.,N.A.,B0CHFM2SVS
2025-03-26,306,1718,N.A.,N.A.,B0CHFM2SVS
2025-03-27,300,1790,N.A.,N.A.,B0CHFM2SVS
2025-03-28,301,1776,N.A.,N.A.,B0CHFM2SVS
2025-03-29,269,2196,N.A.,N.A.,B0CHFM2SVS
2025-03-30,279,2062,N.A.,N.A.,B0CHFM2SVS
2025-03-31,260,2339,N.A.,N.A.,B0CHFM2SVS
2025-04-01,274,2123,N.A.,N.A.,B0CHFM2SVS
2025-04-02,245,2591,N.A.,N.A.,B0CHFM2SVS
2025-04-03,247,2554,N.A.,N.A.,B0CHFM2SVS
2025-04-04,251,2485,N.A.,N.A.,B0CHFM2SVS
2025-04-05,236,2754,N.A.,N.A.,B0CHFM2SVS
2025-04-06,243,2601,N.A.,N.A.,B0CHFM2SVS
2025-04-07,237,2723,N.A.,N.A.,B0CHFM2SVS
2025-04-08,220,3111,N.A.,N.A.,B0CHFM2SVS
2025-04-09,204,3516,N.A.,N.A.,B0CHFM2SVS
2025-04-10,210,3370,N.A.,N.A.,B0CHFM2SVS
2025-04-11,198,3694,N.A.,N.A.,B0CHFM2SVS
2025-04-12,189,3996,4.6,474,B0CHFM2SVS
2025-04-13,177,4462,N.A.,N.A.,B0CHFM2SVS
2025-04-14,182,4274,N.A.,N.A.,B0CHFM2SVS
2025-04-15,193,3888,N.A.,N.A.,B0CHFM2SVS
2025-04-16,240,2702,N.A.,N.A.,B0CHFM2SVS
2025-04-17,209,3438,N.A.,N.A.,B0CHFM2SVS
2025-04-18,204,3575,N.A.,N.A.,B0CHFM2SVS
2025-04-19,187,4112,N.A.,N.A.,B0CHFM2SVS
2025-04-20,203,3610,N.A.,N.A.,B0CHFM2SVS
2025-04-21,204,3594,N.A.,N.A.,B0CHFM2SVS
2025-04-22,222,3132,N.A.,N.A.,B0CHFM2SVS
2025-04-23,212,3380,N.A.,N.A.,B0CHFM2SVS
2025-04-24,220,3180,N.A.,N.A.,B0CHFM2SVS
2025-04-25,220,3179,N.A.,N.A.,B0CHFM2SVS
2025-04-26,220,3178,N.A.,N.A.,B0CHFM2SVS
2025-04-27,237,3177,N.A.,N.A.,B0CHFM2SVS
2025-04-28,226,3441,N.A.,N.A.,B0CHFM2SVS
2025-04-29,206,3966,N.A.,N.A.,B0CHFM2SVS
2025-04-30,227,3403,N.A.,N.A.,B0CHFM2SVS
2025-05-01,184,4708,N.A.,N.A.,B0CHFM2SVS
2025-05-02,216,3691,N.A.,N.A.,B0CHFM2SVS
2025-05-03,235,3223,N.A.,N.A.,B0CHFM2SVS
2025-05-04,214,3731,N.A.,N.A.,B0CHFM2SVS
2025-05-05,225,3468,N.A.,N.A.,B0CHFM2SVS
2025-05-06,203,4057,N.A.,N.A.,B0CHFM2SVS
2025-05-07,206,3970,N.A.,N.A.,B0CHFM2SVS
2025-05-08,225,3463,N.A.,N.A.,B0CHFM2SVS
2025-05-09,209,3898,N.A.,N.A.,B0CHFM2SVS
2025-05-10,210,3862,N.A.,N.A.,B0CHFM2SVS
2025-05-11,223,3516,N.A.,N.A.,B0CHFM2SVS
2025-05-12,219,3620,N.A.,N.A.,B0CHFM2SVS
2025-05-13,207,3933,4.6,538,B0CHFM2SVS
2025-05-14,220,3591,N.A.,N.A.,B0CHFM2SVS
2025-05-15,216,3692,N.A.,N.A.,B0CHFM2SVS
2025-02-17,203,2529,N.A.,N.A.,B07P89X2CB
2025-02-18,164,3585,N.A.,N.A.,B07P89X2CB
2025-02-19,154,3985,N.A.,N.A.,B07P89X2CB
2025-02-20,129,5219,N.A.,N.A.,B07P89X2CB
2025-02-21,120,5742,N.A.,N.A.,B07P89X2CB
2025-02-22,124,5474,N.A.,N.A.,B07P89X2CB
2025-02-23,139,5206,4.5,40602,B07P89X2CB
2025-02-24,141,5067,N.A.,N.A.,B07P89X2CB
2025-02-25,164,4002,N.A.,N.A.,B07P89X2CB
2025-02-26,161,4145,N.A.,N.A.,B07P89X2CB
2025-02-27,157,4288,N.A.,N.A.,B07P89X2CB
2025-02-28,160,4188,N.A.,N.A.,B07P89X2CB
2025-03-01,166,3960,N.A.,N.A.,B07P89X2CB
2025-03-02,172,3731,4.5,40603,B07P89X2CB
2025-03-03,177,3591,N.A.,N.A.,B07P89X2CB
2025-03-04,161,4168,N.A.,N.A.,B07P89X2CB
2025-03-05,150,4696,N.A.,N.A.,B07P89X2CB
2025-03-06,170,3859,N.A.,N.A.,B07P89X2CB
2025-03-07,169,3914,N.A.,N.A.,B07P89X2CB
2025-03-08,170,3894,N.A.,N.A.,B07P89X2CB
2025-03-09,171,3874,4.6,40611,B07P89X2CB
2025-03-10,168,4042,N.A.,N.A.,B07P89X2CB
2025-03-11,189,3373,N.A.,N.A.,B07P89X2CB
2025-03-12,182,3627,N.A.,N.A.,B07P89X2CB
2025-03-13,182,3663,N.A.,N.A.,B07P89X2CB
2025-03-14,178,3828,N.A.,N.A.,B07P89X2CB
2025-03-15,219,2782,N.A.,N.A.,B07P89X2CB
2025-03-16,194,3389,4.6,40620,B07P89X2CB
2025-03-17,204,3190,N.A.,N.A.,B07P89X2CB
2025-03-18,200,3327,N.A.,N.A.,B07P89X2CB
2025-03-19,196,3466,N.A.,N.A.,B07P89X2CB
2025-03-20,210,3134,N.A.,N.A.,B07P89X2CB
2025-03-21,221,2923,N.A.,N.A.,B07P89X2CB
2025-03-22,242,2549,N.A.,N.A.,B07P89X2CB
2025-03-23,236,2662,N.A.,N.A.,B07P89X2CB
2025-03-24,223,2945,4.6,40631,B07P89X2CB
2025-03-25,231,2792,N.A.,N.A.,B07P89X2CB
2025-03-26,351,1328,N.A.,N.A.,B07P89X2CB
2025-03-27,348,1349,N.A.,N.A.,B07P89X2CB
2025-03-28,346,1369,N.A.,N.A.,B07P89X2CB
2025-03-29,385,1108,N.A.,N.A.,B07P89X2CB
2025-03-30,389,1082,N.A.,N.A.,B07P89X2CB
2025-03-31,413,956,4.6,40645,B07P89X2CB
2025-04-01,437,849,N.A.,N.A.,B07P89X2CB
2025-04-02,376,1160,N.A.,N.A.,B07P89X2CB
2025-04-03,324,1555,N.A.,N.A.,B07P89X2CB
2025-04-04,327,1529,N.A.,N.A.,B07P89X2CB
2025-04-05,317,1621,N.A.,N.A.,B07P89X2CB
2025-04-06,307,1669,N.A.,N.A.,B07P89X2CB
2025-04-07,284,1949,N.A.,N.A.,B07P89X2CB
2025-04-08,275,2074,4.6,40664,B07P89X2CB
2025-04-09,236,2744,N.A.,N.A.,B07P89X2CB
2025-04-10,250,2479,N.A.,N.A.,B07P89X2CB
2025-04-11,245,2566,N.A.,N.A.,B07P89X2CB
2025-04-12,247,2524,N.A.,N.A.,B07P89X2CB
2025-04-13,259,2315,N.A.,N.A.,B07P89X2CB
2025-04-14,250,2493,N.A.,N.A.,B07P89X2CB
2025-04-15,237,2750,4.6,40669,B07P89X2CB
2025-04-16,271,2166,N.A.,N.A.,B07P89X2CB
2025-04-17,273,2147,N.A.,N.A.,B07P89X2CB
2025-04-18,242,2681,N.A.,N.A.,B07P89X2CB
2025-04-19,296,1888,N.A.,N.A.,B07P89X2CB
2025-04-20,272,2199,N.A.,N.A.,B07P89X2CB
2025-04-21,295,1893,N.A.,N.A.,B07P89X2CB
2025-04-22,265,2313,N.A.,N.A.,B07P89X2CB
2025-04-23,263,2340,4.6,40680,B07P89X2CB
2025-04-24,288,1985,N.A.,N.A.,B07P89X2CB
2025-04-25,335,1485,N.A.,N.A.,B07P89X2CB
2025-04-26,324,1588,N.A.,N.A.,B07P89X2CB
2025-04-27,333,1772,N.A.,N.A.,B07P89X2CB
2025-04-28,308,2039,N.A.,N.A.,B07P89X2CB
2025-04-29,545,664,N.A.,N.A.,B07P89X2CB
2025-04-30,551,649,N.A.,N.A.,B07P89X2CB
2025-05-01,623,491,4.6,40691,B07P89X2CB
2025-05-02,687,389,N.A.,N.A.,B07P89X2CB
2025-05-03,744,319,N.A.,N.A.,B07P89X2CB
2025-05-04,786,277,N.A.,N.A.,B07P89X2CB
2025-05-05,795,269,N.A.,N.A.,B07P89X2CB
2025-05-06,620,496,N.A.,N.A.,B07P89X2CB
2025-05-07,527,714,N.A.,N.A.,B07P89X2CB
2025-05-08,467,923,N.A.,N.A.,B07P89X2CB
2025-05-09,457,964,4.6,40707,B07P89X2CB
2025-05-10,437,1055,N.A.,N.A.,B07P89X2CB
2025-05-11,464,935,N.A.,N.A.,B07P89X2CB
2025-05-12,436,1059,N.A.,N.A.,B07P89X2CB
2025-05-13,413,1183,N.A.,N.A.,B07P89X2CB
2025-05-14,429,1097,N.A.,N.A.,B07P89X2CB
2025-05-15,427,1103,N.A.,N.A.,B07P89X2CB
2025-02-17,1685,6,N.A.,N.A.,B076142XF4
2025-02-18,1793,5,N.A.,N.A.,B076142XF4
2025-02-19,1793,5,N.A.,N.A.,B076142XF4
2025-02-20,1931,4,N.A.,N.A.,B076142XF4
2025-02-21,1931,4,4.6,112498,B076142XF4
2025-02-22,1931,4,N.A.,N.A.,B076142XF4
2025-02-23,1932,4,N.A.,N.A.,B076142XF4
2025-02-24,1605,7,N.A.,N.A.,B076142XF4
2025-02-25,1811,5,N.A.,N.A.,B076142XF4
2025-02-26,1958,4,N.A.,N.A.,B076142XF4
2025-02-27,1708,6,N.A.,N.A.,B076142XF4
2025-02-28,1714,6,4.6,112588,B076142XF4
2025-03-01,1724,6,N.A.,N.A.,B076142XF4
2025-03-02,1724,6,N.A.,N.A.,B076142XF4
2025-03-03,1631,7,N.A.,N.A.,B076142XF4
2025-03-04,1631,7,N.A.,N.A.,B076142XF4
2025-03-05,1631,7,N.A.,N.A.,B076142XF4
2025-03-06,1724,6,N.A.,N.A.,B076142XF4
2025-03-07,1724,6,N.A.,N.A.,B076142XF4
2025-03-08,1724,6,4.6,112686,B076142XF4
2025-03-09,1606,5,N.A.,N.A.,B076142XF4
2025-03-10,1719,4,N.A.,N.A.,B076142XF4
2025-03-11,1719,4,N.A.,N.A.,B076142XF4
2025-03-12,1870,3,N.A.,N.A.,B076142XF4
2025-03-13,1606,5,N.A.,N.A.,B076142XF4
2025-03-14,1606,5,N.A.,N.A.,B076142XF4
2025-03-15,1606,5,N.A.,N.A.,B076142XF4
2025-03-16,1606,5,4.6,112787,B076142XF4
2025-03-17,1644,5,N.A.,N.A.,B076142XF4
2025-03-18,1784,4,N.A.,N.A.,B076142XF4
2025-03-19,1587,6,N.A.,N.A.,B076142XF4
2025-03-20,1817,4,N.A.,N.A.,B076142XF4
2025-03-21,1719,5,N.A.,N.A.,B076142XF4
2025-03-22,1756,5,N.A.,N.A.,B076142XF4
2025-03-23,1658,6,4.6,112885,B076142XF4
2025-03-24,1508,8,N.A.,N.A.,B076142XF4
2025-03-25,1449,9,N.A.,N.A.,B076142XF4
2025-03-26,1449,9,N.A.,N.A.,B076142XF4
2025-03-27,1449,9,N.A.,N.A.,B076142XF4
2025-03-28,1508,8,N.A.,N.A.,B076142XF4
2025-03-29,1508,8,N.A.,N.A.,B076142XF4
2025-03-30,1097,10,N.A.,N.A.,B076142XF4
2025-03-31,1097,10,4.6,113004,B076142XF4
2025-04-01,1067,11,N.A.,N.A.,B076142XF4
2025-04-02,1169,8,N.A.,N.A.,B076142XF4
2025-04-03,1169,8,N.A.,N.A.,B076142XF4
2025-04-04,1213,7,N.A.,N.A.,B076142XF4
2025-04-05,1213,7,N.A.,N.A.,B076142XF4
2025-04-06,1131,9,N.A.,N.A.,B076142XF4
2025-04-07,1067,11,N.A.,N.A.,B076142XF4
2025-04-08,1040,12,N.A.,N.A.,B076142XF4
2025-04-09,1015,13,N.A.,N.A.,B076142XF4
2025-04-10,1040,12,N.A.,N.A.,B076142XF4
2025-04-11,1040,12,N.A.,N.A.,B076142XF4
2025-04-12,1097,10,N.A.,N.A.,B076142XF4
2025-04-13,1032,13,N.A.,N.A.,B076142XF4
2025-04-14,946,18,N.A.,N.A.,B076142XF4
2025-04-15,1041,14,4.6,113205,B076142XF4
2025-04-16,1082,13,N.A.,N.A.,B076142XF4
2025-04-17,1098,13,N.A.,N.A.,B076142XF4
2025-04-18,1115,13,N.A.,N.A.,B076142XF4
2025-04-19,1132,13,N.A.,N.A.,B076142XF4
2025-04-20,1248,10,N.A.,N.A.,B076142XF4
2025-04-21,1195,12,N.A.,N.A.,B076142XF4
2025-04-22,1247,11,N.A.,N.A.,B076142XF4
2025-04-23,1304,10,4.6,113308,B076142XF4
2025-04-24,1419,8,N.A.,N.A.,B076142XF4
2025-04-25,1572,6,N.A.,N.A.,B076142XF4
2025-04-26,1523,7,N.A.,N.A.,B076142XF4
2025-04-27,1482,8,N.A.,N.A.,B076142XF4
2025-04-28,1264,13,N.A.,N.A.,B076142XF4
2025-04-29,1380,10,N.A.,N.A.,B076142XF4
2025-04-30,1427,9,4.6,113416,B076142XF4
2025-05-01,1482,8,N.A.,N.A.,B076142XF4
2025-05-02,1545,7,N.A.,N.A.,B076142XF4
2025-05-03,1620,6,N.A.,N.A.,B076142XF4
2025-05-04,1620,6,N.A.,N.A.,B076142XF4
2025-05-05,1482,8,N.A.,N.A.,B076142XF4
2025-05-06,1482,8,N.A.,N.A.,B076142XF4
2025-05-07,1427,9,N.A.,N.A.,B076142XF4
2025-05-08,1545,7,4.6,113529,B076142XF4
2025-05-09,1620,6,N.A.,N.A.,B076142XF4
2025-05-10,1620,6,N.A.,N.A.,B076142XF4
2025-05-11,1427,9,N.A.,N.A.,B076142XF4
2025-05-12,1380,10,N.A.,N.A.,B076142XF4
2025-05-13,1545,7,N.A.,N.A.,B076142XF4
2025-05-14,1482,8,N.A.,N.A.,B076142XF4
2025-05-15,1482,8,4.6,113628,B076142XF4
2025-02-17,360,866,N.A.,N.A.,B0CHMSKB8M
2025-02-18,349,922,N.A.,N.A.,B0CHMSKB8M
2025-02-19,347,936,N.A.,N.A.,B0CHMSKB8M
2025-02-20,366,837,N.A.,N.A.,B0CHMSKB8M
2025-02-21,394,715,N.A.,N.A.,B0CHMSKB8M
2025-02-22,378,784,4.6,1049,B0CHMSKB8M
2025-02-23,400,781,N.A.,N.A.,B0CHMSKB8M
2025-02-24,398,789,N.A.,N.A.,B0CHMSKB8M
2025-02-25,389,828,N.A.,N.A.,B0CHMSKB8M
2025-02-26,38,27239,N.A.,N.A.,B0CHMSKB8M
2025-02-27,36,28694,N.A.,N.A.,B0CHMSKB8M
2025-02-28,34,30149,N.A.,N.A.,B0CHMSKB8M
2025-03-01,33,31604,N.A.,N.A.,B0CHMSKB8M
2025-03-02,31,33059,4.6,182,B0CHMSKB8M
2025-03-03,27,38743,N.A.,N.A.,B0CHMSKB8M
2025-03-04,35,30061,N.A.,N.A.,B0CHMSKB8M
2025-03-05,211,2677,N.A.,N.A.,B0CHMSKB8M
2025-03-06,225,2396,N.A.,N.A.,B0CHMSKB8M
2025-03-07,221,2470,N.A.,N.A.,B0CHMSKB8M
2025-03-08,223,2446,N.A.,N.A.,B0CHMSKB8M
2025-03-09,224,2421,4.6,931,B0CHMSKB8M
2025-03-10,299,1455,N.A.,N.A.,B0CHMSKB8M
2025-03-11,346,1115,N.A.,N.A.,B0CHMSKB8M
2025-03-12,324,1290,N.A.,N.A.,B0CHMSKB8M
2025-03-13,299,1534,N.A.,N.A.,B0CHMSKB8M
2025-03-14,301,1551,N.A.,N.A.,B0CHMSKB8M
2025-03-15,343,1260,N.A.,N.A.,B0CHMSKB8M
2025-03-16,261,2066,4.6,1158,B0CHMSKB8M
2025-03-17,277,1906,N.A.,N.A.,B0CHMSKB8M
2025-03-18,278,1915,N.A.,N.A.,B0CHMSKB8M
2025-03-19,292,1778,N.A.,N.A.,B0CHMSKB8M
2025-03-20,298,1719,N.A.,N.A.,B0CHMSKB8M
2025-03-21,292,1816,N.A.,N.A.,B0CHMSKB8M
2025-03-22,282,1966,N.A.,N.A.,B0CHMSKB8M
2025-03-23,299,1777,4.6,1193,B0CHMSKB8M
2025-03-24,277,2037,N.A.,N.A.,B0CHMSKB8M
2025-03-25,310,1669,N.A.,N.A.,B0CHMSKB8M
2025-03-26,479,699,N.A.,N.A.,B0CHMSKB8M
2025-03-27,436,856,N.A.,N.A.,B0CHMSKB8M
2025-03-28,452,788,N.A.,N.A.,B0CHMSKB8M
2025-03-29,441,831,N.A.,N.A.,B0CHMSKB8M
2025-03-30,391,1074,N.A.,N.A.,B0CHMSKB8M
2025-03-31,390,1077,4.6,1224,B0CHMSKB8M
2025-04-01,403,1006,N.A.,N.A.,B0CHMSKB8M
2025-04-02,338,1434,N.A.,N.A.,B0CHMSKB8M
2025-04-03,302,1781,N.A.,N.A.,B0CHMSKB8M
2025-04-04,281,2029,N.A.,N.A.,B0CHMSKB8M
2025-04-05,275,2114,N.A.,N.A.,B0CHMSKB8M
2025-04-06,252,2430,N.A.,N.A.,B0CHMSKB8M
2025-04-07,267,2192,4.6,1246,B0CHMSKB8M
2025-04-08,245,2564,N.A.,N.A.,B0CHMSKB8M
2025-04-09,234,2777,N.A.,N.A.,B0CHMSKB8M
2025-04-10,220,3107,N.A.,N.A.,B0CHMSKB8M
2025-04-11,208,3402,N.A.,N.A.,B0CHMSKB8M
2025-04-12,206,3479,N.A.,N.A.,B0CHMSKB8M
2025-04-13,206,3475,N.A.,N.A.,B0CHMSKB8M
2025-04-14,204,3538,N.A.,N.A.,B0CHMSKB8M
2025-04-15,213,3295,4.6,1269,B0CHMSKB8M
2025-04-16,197,3783,N.A.,N.A.,B0CHMSKB8M
2025-04-17,196,3819,N.A.,N.A.,B0CHMSKB8M
2025-04-18,201,3675,N.A.,N.A.,B0CHMSKB8M
2025-04-19,204,3595,N.A.,N.A.,B0CHMSKB8M
2025-04-20,203,3624,N.A.,N.A.,B0CHMSKB8M
2025-04-21,225,3053,N.A.,N.A.,B0CHMSKB8M
2025-04-22,210,3414,N.A.,N.A.,B0CHMSKB8M
2025-04-23,206,3544,4.6,1290,B0CHMSKB8M
2025-04-24,194,3894,N.A.,N.A.,B0CHMSKB8M
2025-04-25,197,3811,N.A.,N.A.,B0CHMSKB8M
2025-04-26,133,6813,N.A.,N.A.,B0CHMSKB8M
2025-04-27,167,5436,N.A.,N.A.,B0CHMSKB8M
2025-04-28,190,4486,N.A.,N.A.,B0CHMSKB8M
2025-04-29,167,5431,N.A.,N.A.,B0CHMSKB8M
2025-04-30,176,5042,N.A.,N.A.,B0CHMSKB8M
2025-05-01,161,5728,4.6,1325,B0CHMSKB8M
2025-05-02,170,5325,N.A.,N.A.,B0CHMSKB8M
2025-05-03,169,5380,N.A.,N.A.,B0CHMSKB8M
2025-05-04,171,5279,N.A.,N.A.,B0CHMSKB8M
2025-05-05,181,4840,N.A.,N.A.,B0CHMSKB8M
2025-05-06,166,5505,N.A.,N.A.,B0CHMSKB8M
2025-05-07,172,5243,N.A.,N.A.,B0CHMSKB8M
2025-05-08,167,5431,4.6,1348,B0CHMSKB8M
2025-05-09,166,5488,N.A.,N.A.,B0CHMSKB8M
2025-05-10,169,5344,N.A.,N.A.,B0CHMSKB8M
2025-05-11,163,5631,N.A.,N.A.,B0CHMSKB8M
2025-05-12,154,6155,N.A.,N.A.,B0CHMSKB8M
2025-05-13,162,5687,N.A.,N.A.,B0CHMSKB8M
2025-05-14,165,5535,N.A.,N.A.,B0CHMSKB8M
2025-05-15,187,4600,N.A.,N.A.,B0CHMSKB8M
2025-02-17,299,1257,4.4,19916,B07P5LKLP5
2025-02-18,304,1215,N.A.,N.A.,B07P5LKLP5
2025-02-19,280,1426,N.A.,N.A.,B07P5LKLP5
2025-02-20,284,1391,N.A.,N.A.,B07P5LKLP5
2025-02-21,279,1434,N.A.,N.A.,B07P5LKLP5
2025-02-22,300,1251,N.A.,N.A.,B07P5LKLP5
2025-02-23,337,1114,N.A.,N.A.,B07P5LKLP5
2025-02-24,365,945,N.A.,N.A.,B07P5LKLP5
2025-02-25,401,776,N.A.,N.A.,B07P5LKLP5
2025-02-26,448,607,N.A.,N.A.,B07P5LKLP5
2025-02-27,515,438,N.A.,N.A.,B07P5LKLP5
2025-02-28,624,269,4.4,19941,B07P5LKLP5
2025-03-01,662,229,N.A.,N.A.,B07P5LKLP5
2025-03-02,691,203,N.A.,N.A.,B07P5LKLP5
2025-03-03,683,202,N.A.,N.A.,B07P5LKLP5
2025-03-04,546,363,N.A.,N.A.,B07P5LKLP5
2025-03-05,471,521,N.A.,N.A.,B07P5LKLP5
2025-03-06,430,642,N.A.,N.A.,B07P5LKLP5
2025-03-07,425,654,N.A.,N.A.,B07P5LKLP5
2025-03-08,419,665,4.4,19981,B07P5LKLP5
2025-03-09,444,578,N.A.,N.A.,B07P5LKLP5
2025-03-10,455,589,N.A.,N.A.,B07P5LKLP5
2025-03-11,476,552,N.A.,N.A.,B07P5LKLP5
2025-03-12,506,492,N.A.,N.A.,B07P5LKLP5
2025-03-13,524,465,N.A.,N.A.,B07P5LKLP5
2025-03-14,538,458,N.A.,N.A.,B07P5LKLP5
2025-03-15,557,453,N.A.,N.A.,B07P5LKLP5
2025-03-16,546,474,4.4,20011,B07P5LKLP5
2025-03-17,547,485,N.A.,N.A.,B07P5LKLP5
2025-03-18,555,477,N.A.,N.A.,B07P5LKLP5
2025-03-19,561,472,N.A.,N.A.,B07P5LKLP5
2025-03-20,565,468,N.A.,N.A.,B07P5LKLP5
2025-03-21,547,513,N.A.,N.A.,B07P5LKLP5
2025-03-22,549,521,N.A.,N.A.,B07P5LKLP5
2025-03-23,584,453,4.4,20035,B07P5LKLP5
2025-03-24,580,456,N.A.,N.A.,B07P5LKLP5
2025-03-25,550,513,N.A.,N.A.,B07P5LKLP5
2025-03-26,729,252,N.A.,N.A.,B07P5LKLP5
2025-03-27,763,220,N.A.,N.A.,B07P5LKLP5
2025-03-28,750,227,N.A.,N.A.,B07P5LKLP5
2025-03-29,736,234,N.A.,N.A.,B07P5LKLP5
2025-03-30,758,215,N.A.,N.A.,B07P5LKLP5
2025-03-31,773,203,4.4,20059,B07P5LKLP5
2025-04-01,731,238,N.A.,N.A.,B07P5LKLP5
2025-04-02,658,318,N.A.,N.A.,B07P5LKLP5
2025-04-03,619,373,N.A.,N.A.,B07P5LKLP5
2025-04-04,611,386,N.A.,N.A.,B07P5LKLP5
2025-04-05,629,357,N.A.,N.A.,B07P5LKLP5
2025-04-06,565,397,N.A.,N.A.,B07P5LKLP5
2025-04-07,530,474,4.4,20108,B07P5LKLP5
2025-04-08,646,266,N.A.,N.A.,B07P5LKLP5
2025-04-09,699,207,N.A.,N.A.,B07P5LKLP5
2025-04-10,696,210,N.A.,N.A.,B07P5LKLP5
2025-04-11,728,180,N.A.,N.A.,B07P5LKLP5
2025-04-12,785,138,N.A.,N.A.,B07P5LKLP5
2025-04-13,764,152,N.A.,N.A.,B07P5LKLP5
2025-04-14,740,180,4.4,20138,B07P5LKLP5
2025-04-15,633,304,N.A.,N.A.,B07P5LKLP5
2025-04-16,595,369,N.A.,N.A.,B07P5LKLP5
2025-04-17,576,411,N.A.,N.A.,B07P5LKLP5
2025-04-18,540,497,N.A.,N.A.,B07P5LKLP5
2025-04-19,520,564,N.A.,N.A.,B07P5LKLP5
2025-04-20,534,528,N.A.,N.A.,B07P5LKLP5
2025-04-21,530,538,N.A.,N.A.,B07P5LKLP5
2025-04-22,521,560,4.4,20189,B07P5LKLP5
2025-04-23,562,463,N.A.,N.A.,B07P5LKLP5
2025-04-24,569,449,N.A.,N.A.,B07P5LKLP5
2025-04-25,585,416,N.A.,N.A.,B07P5LKLP5
2025-04-26,572,442,N.A.,N.A.,B07P5LKLP5
2025-04-27,653,440,N.A.,N.A.,B07P5LKLP5
2025-04-28,625,488,N.A.,N.A.,B07P5LKLP5
2025-04-29,649,445,4.4,20234,B07P5LKLP5
2025-04-30,645,452,N.A.,N.A.,B07P5LKLP5
2025-05-01,639,463,N.A.,N.A.,B07P5LKLP5
2025-05-02,666,419,N.A.,N.A.,B07P5LKLP5
2025-05-03,679,400,N.A.,N.A.,B07P5LKLP5
2025-05-04,659,430,N.A.,N.A.,B07P5LKLP5
2025-05-05,643,456,N.A.,N.A.,B07P5LKLP5
2025-05-06,874,209,N.A.,N.A.,B07P5LKLP5
2025-05-07,957,162,4.4,20296,B07P5LKLP5
2025-05-08,978,152,N.A.,N.A.,B07P5LKLP5
2025-05-09,1018,135,N.A.,N.A.,B07P5LKLP5
2025-05-10,1026,132,N.A.,N.A.,B07P5LKLP5
2025-05-11,1036,128,N.A.,N.A.,B07P5LKLP5
2025-05-12,987,148,N.A.,N.A.,B07P5LKLP5
2025-05-13,802,263,N.A.,N.A.,B07P5LKLP5
2025-05-14,727,338,4.4,20348,B07P5LKLP5
2025-05-15,825,244,N.A.,N.A.,B07P5LKLP5
2025-02-17,31,6532,N.A.,N.A.,B082HNFVVZ
2025-02-18,34,5898,4.5,14490,B082HNFVVZ
2025-02-19,34,5834,N.A.,N.A.,B082HNFVVZ
2025-02-20,30,6792,N.A.,N.A.,B082HNFVVZ
2025-02-21,31,6358,N.A.,N.A.,B082HNFVVZ
2025-02-22,27,7576,N.A.,N.A.,B082HNFVVZ
2025-02-23,26,7917,N.A.,N.A.,B082HNFVVZ
2025-02-24,25,8150,N.A.,N.A.,B082HNFVVZ
2025-02-25,29,7119,N.A.,N.A.,B082HNFVVZ
2025-02-26,27,7702,4.5,14500,B082HNFVVZ
2025-02-27,30,6888,N.A.,N.A.,B082HNFVVZ
2025-02-28,32,6390,N.A.,N.A.,B082HNFVVZ
2025-03-01,29,7418,N.A.,N.A.,B082HNFVVZ
2025-03-02,30,6899,N.A.,N.A.,B082HNFVVZ
2025-03-03,31,6692,N.A.,N.A.,B082HNFVVZ
2025-03-04,30,6916,N.A.,N.A.,B082HNFVVZ
2025-03-05,37,5552,N.A.,N.A.,B082HNFVVZ
2025-03-06,41,4861,4.5,14508,B082HNFVVZ
2025-03-07,39,5204,N.A.,N.A.,B082HNFVVZ
2025-03-08,46,4207,N.A.,N.A.,B082HNFVVZ
2025-03-09,47,4453,N.A.,N.A.,B082HNFVVZ
2025-03-10,48,4363,N.A.,N.A.,B082HNFVVZ
2025-03-11,52,3955,N.A.,N.A.,B082HNFVVZ
2025-03-12,47,4498,N.A.,N.A.,B082HNFVVZ
2025-03-13,45,4753,4.5,14514,B082HNFVVZ
2025-03-14,50,4182,N.A.,N.A.,B082HNFVVZ
2025-03-15,51,4029,N.A.,N.A.,B082HNFVVZ
2025-03-16,52,3964,N.A.,N.A.,B082HNFVVZ
2025-03-17,61,3327,N.A.,N.A.,B082HNFVVZ
2025-03-18,57,3624,N.A.,N.A.,B082HNFVVZ
2025-03-19,67,2972,N.A.,N.A.,B082HNFVVZ
2025-03-20,68,2941,N.A.,N.A.,B082HNFVVZ
2025-03-21,67,3025,4.5,14525,B082HNFVVZ
2025-03-22,83,2348,N.A.,N.A.,B082HNFVVZ
2025-03-23,72,2812,N.A.,N.A.,B082HNFVVZ
2025-03-24,75,2674,N.A.,N.A.,B082HNFVVZ
2025-03-25,87,2195,N.A.,N.A.,B082HNFVVZ
2025-03-26,75,2689,N.A.,N.A.,B082HNFVVZ
2025-03-27,62,3418,N.A.,N.A.,B082HNFVVZ
2025-03-28,83,2347,4.5,14528,B082HNFVVZ
2025-03-29,72,2837,N.A.,N.A.,B082HNFVVZ
2025-03-30,82,2435,N.A.,N.A.,B082HNFVVZ
2025-03-31,80,2519,N.A.,N.A.,B082HNFVVZ
2025-04-01,78,2616,N.A.,N.A.,B082HNFVVZ
2025-04-02,86,2290,N.A.,N.A.,B082HNFVVZ
2025-04-03,94,2022,N.A.,N.A.,B082HNFVVZ
2025-04-04,107,1670,N.A.,N.A.,B082HNFVVZ
2025-04-05,110,1589,4.5,14536,B082HNFVVZ
2025-04-06,131,1230,N.A.,N.A.,B082HNFVVZ
2025-04-07,123,1358,N.A.,N.A.,B082HNFVVZ
2025-04-08,134,1187,N.A.,N.A.,B082HNFVVZ
2025-04-09,142,1083,N.A.,N.A.,B082HNFVVZ
2025-04-10,190,666,N.A.,N.A.,B082HNFVVZ
2025-04-11,215,534,N.A.,N.A.,B082HNFVVZ
2025-04-12,216,531,N.A.,N.A.,B082HNFVVZ
2025-04-13,213,550,4.5,14553,B082HNFVVZ
2025-04-14,212,559,N.A.,N.A.,B082HNFVVZ
2025-04-15,183,732,N.A.,N.A.,B082HNFVVZ
2025-04-16,154,975,N.A.,N.A.,B082HNFVVZ
2025-04-17,147,1058,N.A.,N.A.,B082HNFVVZ
2025-04-18,147,1069,N.A.,N.A.,B082HNFVVZ
2025-04-19,156,974,N.A.,N.A.,B082HNFVVZ
2025-04-20,164,912,4.5,14560,B082HNFVVZ
2025-04-21,176,816,N.A.,N.A.,B082HNFVVZ
2025-04-22,207,634,N.A.,N.A.,B082HNFVVZ
2025-04-23,210,622,N.A.,N.A.,B082HNFVVZ
2025-04-24,240,500,N.A.,N.A.,B082HNFVVZ
2025-04-25,241,502,N.A.,N.A.,B082HNFVVZ
2025-04-26,227,562,N.A.,N.A.,B082HNFVVZ
2025-04-27,241,514,N.A.,N.A.,B082HNFVVZ
2025-04-28,248,488,4.5,14565,B082HNFVVZ
2025-04-29,248,487,N.A.,N.A.,B082HNFVVZ
2025-04-30,272,415,N.A.,N.A.,B082HNFVVZ
2025-05-01,256,463,N.A.,N.A.,B082HNFVVZ
2025-05-02,249,484,N.A.,N.A.,B082HNFVVZ
2025-05-03,286,380,N.A.,N.A.,B082HNFVVZ
2025-05-04,307,334,N.A.,N.A.,B082HNFVVZ
2025-05-05,343,273,N.A.,N.A.,B082HNFVVZ
2025-05-06,350,263,4.5,14577,B082HNFVVZ
2025-05-07,382,222,N.A.,N.A.,B082HNFVVZ
2025-05-08,420,184,N.A.,N.A.,B082HNFVVZ
2025-05-09,473,145,N.A.,N.A.,B082HNFVVZ
2025-05-10,544,108,N.A.,N.A.,B082HNFVVZ
2025-05-11,634,77,N.A.,N.A.,B082HNFVVZ
2025-05-12,630,78,N.A.,N.A.,B082HNFVVZ
2025-05-13,561,101,N.A.,N.A.,B082HNFVVZ
2025-05-14,620,81,4.5,14585,B082HNFVVZ
2025-05-15,512,123,N.A.,N.A.,B082HNFVVZ
2025-02-17,N.A.,N.A.,N.A.,N.A.,B0CK3ZK7WT
2025-02-18,N.A.,N.A.,N.A.,N.A.,B0CK3ZK7WT
2025-02-19,0,39209,N.A.,N.A.,B0CK3ZK7WT
2025-02-20,0,39158,N.A.,N.A.,B0CK3ZK7WT
2025-02-21,0,39106,N.A.,N.A.,B0CK3ZK7WT
2025-02-22,0,39055,N.A.,N.A.,B0CK3ZK7WT
2025-02-23,0,39003,N.A.,N.A.,B0CK3ZK7WT
2025-02-24,0,38952,N.A.,N.A.,B0CK3ZK7WT
2025-02-25,0,38900,N.A.,N.A.,B0CK3ZK7WT
2025-02-26,0,38849,N.A.,N.A.,B0CK3ZK7WT
2025-02-27,0,38798,N.A.,N.A.,B0CK3ZK7WT
2025-02-28,0,38746,N.A.,N.A.,B0CK3ZK7WT
2025-03-01,0,38695,N.A.,N.A.,B0CK3ZK7WT
2025-03-02,0,38643,N.A.,N.A.,B0CK3ZK7WT
2025-03-03,0,38592,N.A.,N.A.,B0CK3ZK7WT
2025-03-04,0,38540,N.A.,N.A.,B0CK3ZK7WT
2025-03-05,0,38489,N.A.,N.A.,B0CK3ZK7WT
2025-03-06,0,38574,N.A.,N.A.,B0CK3ZK7WT
2025-03-07,0,38659,N.A.,N.A.,B0CK3ZK7WT
2025-03-08,0,38744,N.A.,N.A.,B0CK3ZK7WT
2025-03-09,0,38829,N.A.,N.A.,B0CK3ZK7WT
2025-03-10,0,38914,N.A.,N.A.,B0CK3ZK7WT
2025-03-11,0,38999,N.A.,N.A.,B0CK3ZK7WT
2025-03-12,0,39084,N.A.,N.A.,B0CK3ZK7WT
2025-03-13,0,39169,N.A.,N.A.,B0CK3ZK7WT
2025-03-14,0,39254,N.A.,N.A.,B0CK3ZK7WT
2025-03-15,0,39339,N.A.,N.A.,B0CK3ZK7WT
2025-03-16,0,39424,N.A.,N.A.,B0CK3ZK7WT
2025-03-17,0,39509,N.A.,N.A.,B0CK3ZK7WT
2025-03-18,0,39594,N.A.,N.A.,B0CK3ZK7WT
2025-03-19,0,39679,N.A.,N.A.,B0CK3ZK7WT
2025-03-20,0,38270,N.A.,N.A.,B0CK3ZK7WT
2025-03-21,0,36862,N.A.,N.A.,B0CK3ZK7WT
2025-03-22,0,35453,N.A.,N.A.,B0CK3ZK7WT
2025-03-23,0,34045,N.A.,N.A.,B0CK3ZK7WT
2025-03-24,0,32636,N.A.,N.A.,B0CK3ZK7WT
2025-03-25,0,31228,N.A.,N.A.,B0CK3ZK7WT
2025-03-26,0,29819,N.A.,N.A.,B0CK3ZK7WT
2025-03-27,1,28410,N.A.,N.A.,B0CK3ZK7WT
2025-03-28,1,27002,N.A.,N.A.,B0CK3ZK7WT
2025-03-29,1,25593,N.A.,N.A.,B0CK3ZK7WT
2025-03-30,1,24185,N.A.,N.A.,B0CK3ZK7WT
2025-03-31,1,22776,N.A.,N.A.,B0CK3ZK7WT
2025-04-01,1,21368,N.A.,N.A.,B0CK3ZK7WT
2025-04-02,1,19959,N.A.,N.A.,B0CK3ZK7WT
2025-04-03,1,20789,N.A.,N.A.,B0CK3ZK7WT
2025-04-04,1,21618,N.A.,N.A.,B0CK3ZK7WT
2025-04-05,1,22448,N.A.,N.A.,B0CK3ZK7WT
2025-04-06,1,23278,N.A.,N.A.,B0CK3ZK7WT
2025-04-07,1,24108,N.A.,N.A.,B0CK3ZK7WT
2025-04-08,1,24937,N.A.,N.A.,B0CK3ZK7WT
2025-04-09,1,25767,N.A.,N.A.,B0CK3ZK7WT
2025-04-10,1,26597,N.A.,N.A.,B0CK3ZK7WT
2025-04-11,1,27426,N.A.,N.A.,B0CK3ZK7WT
2025-04-12,1,28256,N.A.,N.A.,B0CK3ZK7WT
2025-04-13,1,29086,N.A.,N.A.,B0CK3ZK7WT
2025-04-14,0,29916,N.A.,N.A.,B0CK3ZK7WT
2025-04-15,0,30745,N.A.,N.A.,B0CK3ZK7WT
2025-04-16,0,31575,4.2,35,B0CK3ZK7WT
2025-04-17,1,28310,N.A.,N.A.,B0CK3ZK7WT
2025-04-18,1,25044,N.A.,N.A.,B0CK3ZK7WT
2025-04-19,1,21779,N.A.,N.A.,B0CK3ZK7WT
2025-04-20,1,18513,N.A.,N.A.,B0CK3ZK7WT
2025-04-21,1,15248,N.A.,N.A.,B0CK3ZK7WT
2025-04-22,1,11982,N.A.,N.A.,B0CK3ZK7WT
2025-04-23,2,8717,N.A.,N.A.,B0CK3ZK7WT
2025-04-24,1,12434,N.A.,N.A.,B0CK3ZK7WT
2025-04-25,1,14732,N.A.,N.A.,B0CK3ZK7WT
2025-04-26,1,17030,N.A.,N.A.,B0CK3ZK7WT
2025-04-27,1,19328,N.A.,N.A.,B0CK3ZK7WT
2025-04-28,1,21627,N.A.,N.A.,B0CK3ZK7WT
2025-04-29,1,23925,N.A.,N.A.,B0CK3ZK7WT
2025-04-30,1,26223,N.A.,N.A.,B0CK3ZK7WT
2025-05-01,1,28521,N.A.,N.A.,B0CK3ZK7WT
2025-05-02,1,26896,N.A.,N.A.,B0CK3ZK7WT
2025-05-03,1,25271,N.A.,N.A.,B0CK3ZK7WT
2025-05-04,1,23646,N.A.,N.A.,B0CK3ZK7WT
2025-05-05,1,22021,N.A.,N.A.,B0CK3ZK7WT
2025-05-06,1,20396,N.A.,N.A.,B0CK3ZK7WT
2025-05-07,1,18771,N.A.,N.A.,B0CK3ZK7WT
2025-05-08,1,17146,N.A.,N.A.,B0CK3ZK7WT
2025-05-09,1,17059,N.A.,N.A.,B0CK3ZK7WT
2025-05-10,1,16973,N.A.,N.A.,B0CK3ZK7WT
2025-05-11,1,16886,N.A.,N.A.,B0CK3ZK7WT
2025-05-12,1,16799,N.A.,N.A.,B0CK3ZK7WT
2025-05-13,1,16712,N.A.,N.A.,B0CK3ZK7WT
2025-05-14,1,16626,N.A.,N.A.,B0CK3ZK7WT
2025-05-15,1,16539,N.A.,N.A.,B0CK3ZK7WT
2025-02-17,3,6404,N.A.,N.A.,B0CX8CFGQY
2025-02-18,2,9680,N.A.,N.A.,B0CX8CFGQY
2025-02-19,2,12085,N.A.,N.A.,B0CX8CFGQY
2025-02-20,2,8416,4.2,265,B0CX8CFGQY
2025-02-21,6,3311,N.A.,N.A.,B0CX8CFGQY
2025-02-22,6,3515,N.A.,N.A.,B0CX8CFGQY
2025-02-23,7,2771,N.A.,N.A.,B0CX8CFGQY
2025-02-24,6,3135,N.A.,N.A.,B0CX8CFGQY
2025-02-25,6,3500,N.A.,N.A.,B0CX8CFGQY
2025-02-26,5,3864,N.A.,N.A.,B0CX8CFGQY
2025-02-27,5,3748,N.A.,N.A.,B0CX8CFGQY
2025-02-28,6,3633,N.A.,N.A.,B0CX8CFGQY
2025-03-01,6,3517,N.A.,N.A.,B0CX8CFGQY
2025-03-02,6,3401,N.A.,N.A.,B0CX8CFGQY
2025-03-03,4,5458,N.A.,N.A.,B0CX8CFGQY
2025-03-04,2,7994,N.A.,N.A.,B0CX8CFGQY
2025-03-05,5,4159,N.A.,N.A.,B0CX8CFGQY
2025-03-06,4,4540,N.A.,N.A.,B0CX8CFGQY
2025-03-07,2,7872,N.A.,N.A.,B0CX8CFGQY
2025-03-08,2,9487,N.A.,N.A.,B0CX8CFGQY
2025-03-09,4,4817,N.A.,N.A.,B0CX8CFGQY
2025-03-10,4,4599,N.A.,N.A.,B0CX8CFGQY
2025-03-11,6,3266,N.A.,N.A.,B0CX8CFGQY
2025-03-12,5,3818,N.A.,N.A.,B0CX8CFGQY
2025-03-13,3,6524,N.A.,N.A.,B0CX8CFGQY
2025-03-14,6,3535,N.A.,N.A.,B0CX8CFGQY
2025-03-15,4,5130,N.A.,N.A.,B0CX8CFGQY
2025-03-16,5,4037,N.A.,N.A.,B0CX8CFGQY
2025-03-17,5,4261,N.A.,N.A.,B0CX8CFGQY
2025-03-18,5,4397,N.A.,N.A.,B0CX8CFGQY
2025-03-19,6,3752,N.A.,N.A.,B0CX8CFGQY
2025-03-20,3,5975,N.A.,N.A.,B0CX8CFGQY
2025-03-21,3,7510,N.A.,N.A.,B0CX8CFGQY
2025-03-22,7,3028,N.A.,N.A.,B0CX8CFGQY
2025-03-23,3,7180,4.2,278,B0CX8CFGQY
2025-03-24,8,2514,N.A.,N.A.,B0CX8CFGQY
2025-03-25,7,2945,N.A.,N.A.,B0CX8CFGQY
2025-03-26,4,5597,N.A.,N.A.,B0CX8CFGQY
2025-03-27,5,4064,N.A.,N.A.,B0CX8CFGQY
2025-03-28,5,4622,N.A.,N.A.,B0CX8CFGQY
2025-03-29,5,4403,N.A.,N.A.,B0CX8CFGQY
2025-03-30,6,3353,N.A.,N.A.,B0CX8CFGQY
2025-03-31,6,3686,N.A.,N.A.,B0CX8CFGQY
2025-04-01,9,2446,N.A.,N.A.,B0CX8CFGQY
2025-04-02,6,3349,N.A.,N.A.,B0CX8CFGQY
2025-04-03,5,4033,N.A.,N.A.,B0CX8CFGQY
2025-04-04,4,4719,N.A.,N.A.,B0CX8CFGQY
2025-04-05,11,1897,N.A.,N.A.,B0CX8CFGQY
2025-04-06,11,2021,N.A.,N.A.,B0CX8CFGQY
2025-04-07,8,2615,N.A.,N.A.,B0CX8CFGQY
2025-04-08,5,4519,N.A.,N.A.,B0CX8CFGQY
2025-04-09,8,2853,N.A.,N.A.,B0CX8CFGQY
2025-04-10,10,2173,N.A.,N.A.,B0CX8CFGQY
2025-04-11,6,3712,N.A.,N.A.,B0CX8CFGQY
2025-04-12,7,3276,N.A.,N.A.,B0CX8CFGQY
2025-04-13,11,1912,N.A.,N.A.,B0CX8CFGQY
2025-04-14,6,3375,N.A.,N.A.,B0CX8CFGQY
2025-04-15,5,4241,N.A.,N.A.,B0CX8CFGQY
2025-04-16,9,2447,N.A.,N.A.,B0CX8CFGQY
2025-04-17,7,3259,N.A.,N.A.,B0CX8CFGQY
2025-04-18,10,2196,N.A.,N.A.,B0CX8CFGQY
2025-04-19,10,2098,N.A.,N.A.,B0CX8CFGQY
2025-04-20,10,2137,N.A.,N.A.,B0CX8CFGQY
2025-04-21,12,1804,N.A.,N.A.,B0CX8CFGQY
2025-04-22,8,2623,4.2,292,B0CX8CFGQY
2025-04-23,13,1645,N.A.,N.A.,B0CX8CFGQY
2025-04-24,11,1874,N.A.,N.A.,B0CX8CFGQY
2025-04-25,9,2405,N.A.,N.A.,B0CX8CFGQY
2025-04-26,6,3459,N.A.,N.A.,B0CX8CFGQY
2025-04-27,10,2138,N.A.,N.A.,B0CX8CFGQY
2025-04-28,9,2434,N.A.,N.A.,B0CX8CFGQY
2025-04-29,5,4194,N.A.,N.A.,B0CX8CFGQY
2025-04-30,6,3286,N.A.,N.A.,B0CX8CFGQY
2025-05-01,4,4824,N.A.,N.A.,B0CX8CFGQY
2025-05-02,4,4805,N.A.,N.A.,B0CX8CFGQY
2025-05-03,5,4102,N.A.,N.A.,B0CX8CFGQY
2025-05-04,8,2719,N.A.,N.A.,B0CX8CFGQY
2025-05-05,8,2783,N.A.,N.A.,B0CX8CFGQY
2025-05-06,7,3201,N.A.,N.A.,B0CX8CFGQY
2025-05-07,3,6078,N.A.,N.A.,B0CX8CFGQY
2025-05-08,6,3513,N.A.,N.A.,B0CX8CFGQY
2025-05-09,6,3417,N.A.,N.A.,B0CX8CFGQY
2025-05-10,8,2760,N.A.,N.A.,B0CX8CFGQY
2025-05-11,10,2039,N.A.,N.A.,B0CX8CFGQY
2025-05-12,11,1861,N.A.,N.A.,B0CX8CFGQY
2025-05-13,7,2914,N.A.,N.A.,B0CX8CFGQY
2025-05-14,6,3556,N.A.,N.A.,B0CX8CFGQY
2025-05-15,7,2995,N.A.,N.A.,B0CX8CFGQY
2025-02-17,296,1286,N.A.,N.A.,B089CLPLPK
2025-02-18,306,1205,N.A.,N.A.,B089CLPLPK
2025-02-19,317,1124,N.A.,N.A.,B089CLPLPK
2025-02-20,310,1170,N.A.,N.A.,B089CLPLPK
2025-02-21,305,1212,4.6,23875,B089CLPLPK
2025-02-22,341,971,N.A.,N.A.,B089CLPLPK
2025-02-23,364,955,N.A.,N.A.,B089CLPLPK
2025-02-24,377,887,N.A.,N.A.,B089CLPLPK
2025-02-25,391,818,N.A.,N.A.,B089CLPLPK
2025-02-26,407,750,N.A.,N.A.,B089CLPLPK
2025-02-27,416,717,N.A.,N.A.,B089CLPLPK
2025-02-28,425,684,N.A.,N.A.,B089CLPLPK
2025-03-01,434,651,N.A.,N.A.,B089CLPLPK
2025-03-02,413,728,N.A.,N.A.,B089CLPLPK
2025-03-03,423,682,N.A.,N.A.,B089CLPLPK
2025-03-04,404,749,N.A.,N.A.,B089CLPLPK
2025-03-05,413,708,N.A.,N.A.,B089CLPLPK
2025-03-06,406,731,N.A.,N.A.,B089CLPLPK
2025-03-07,400,753,N.A.,N.A.,B089CLPLPK
2025-03-08,411,696,N.A.,N.A.,B089CLPLPK
2025-03-09,426,638,N.A.,N.A.,B089CLPLPK
2025-03-10,448,608,N.A.,N.A.,B089CLPLPK
2025-03-11,471,565,N.A.,N.A.,B089CLPLPK
2025-03-12,415,773,N.A.,N.A.,B089CLPLPK
2025-03-13,474,588,N.A.,N.A.,B089CLPLPK
2025-03-14,500,543,N.A.,N.A.,B089CLPLPK
2025-03-15,560,448,N.A.,N.A.,B089CLPLPK
2025-03-16,562,445,N.A.,N.A.,B089CLPLPK
2025-03-17,526,532,N.A.,N.A.,B089CLPLPK
2025-03-18,518,559,N.A.,N.A.,B089CLPLPK
2025-03-19,568,457,N.A.,N.A.,B089CLPLPK
2025-03-20,543,514,N.A.,N.A.,B089CLPLPK
2025-03-21,573,460,N.A.,N.A.,B089CLPLPK
2025-03-22,549,521,N.A.,N.A.,B089CLPLPK
2025-03-23,583,454,N.A.,N.A.,B089CLPLPK
2025-03-24,535,550,4.6,23978,B089CLPLPK
2025-03-25,539,536,N.A.,N.A.,B089CLPLPK
2025-03-26,620,383,N.A.,N.A.,B089CLPLPK
2025-03-27,617,385,N.A.,N.A.,B089CLPLPK
2025-03-28,647,338,N.A.,N.A.,B089CLPLPK
2025-03-29,680,291,N.A.,N.A.,B089CLPLPK
2025-03-30,700,269,N.A.,N.A.,B089CLPLPK
2025-03-31,679,292,N.A.,N.A.,B089CLPLPK
2025-04-01,711,257,N.A.,N.A.,B089CLPLPK
2025-04-02,650,328,N.A.,N.A.,B089CLPLPK
2025-04-03,602,401,N.A.,N.A.,B089CLPLPK
2025-04-04,602,401,N.A.,N.A.,B089CLPLPK
2025-04-05,618,375,N.A.,N.A.,B089CLPLPK
2025-04-06,546,435,N.A.,N.A.,B089CLPLPK
2025-04-07,534,463,N.A.,N.A.,B089CLPLPK
2025-04-08,505,537,N.A.,N.A.,B089CLPLPK
2025-04-09,486,594,N.A.,N.A.,B089CLPLPK
2025-04-10,496,565,N.A.,N.A.,B089CLPLPK
2025-04-11,504,542,N.A.,N.A.,B089CLPLPK
2025-04-12,525,485,N.A.,N.A.,B089CLPLPK
2025-04-13,533,467,N.A.,N.A.,B089CLPLPK
2025-04-14,525,501,N.A.,N.A.,B089CLPLPK
2025-04-15,512,545,N.A.,N.A.,B089CLPLPK
2025-04-16,487,625,N.A.,N.A.,B089CLPLPK
2025-04-17,494,612,N.A.,N.A.,B089CLPLPK
2025-04-18,501,600,N.A.,N.A.,B089CLPLPK
2025-04-19,513,583,N.A.,N.A.,B089CLPLPK
2025-04-20,566,454,N.A.,N.A.,B089CLPLPK
2025-04-21,516,574,N.A.,N.A.,B089CLPLPK
2025-04-22,571,443,N.A.,N.A.,B089CLPLPK
2025-04-23,595,397,4.6,24242,B089CLPLPK
2025-04-24,606,379,N.A.,N.A.,B089CLPLPK
2025-04-25,631,339,N.A.,N.A.,B089CLPLPK
2025-04-26,649,312,N.A.,N.A.,B089CLPLPK
2025-04-27,750,313,N.A.,N.A.,B089CLPLPK
2025-04-28,674,408,N.A.,N.A.,B089CLPLPK
2025-04-29,741,322,N.A.,N.A.,B089CLPLPK
2025-04-30,753,310,N.A.,N.A.,B089CLPLPK
2025-05-01,751,312,N.A.,N.A.,B089CLPLPK
2025-05-02,768,294,N.A.,N.A.,B089CLPLPK
2025-05-03,767,295,N.A.,N.A.,B089CLPLPK
2025-05-04,767,295,N.A.,N.A.,B089CLPLPK
2025-05-05,718,349,N.A.,N.A.,B089CLPLPK
2025-05-06,688,388,N.A.,N.A.,B089CLPLPK
2025-05-07,691,384,N.A.,N.A.,B089CLPLPK
2025-05-08,665,421,N.A.,N.A.,B089CLPLPK
2025-05-09,700,371,N.A.,N.A.,B089CLPLPK
2025-05-10,682,396,N.A.,N.A.,B089CLPLPK
2025-05-11,695,378,N.A.,N.A.,B089CLPLPK
2025-05-12,669,415,N.A.,N.A.,B089CLPLPK
2025-05-13,707,363,N.A.,N.A.,B089CLPLPK
2025-05-14,745,318,N.A.,N.A.,B089CLPLPK
2025-05-15,748,315,N.A.,N.A.,B089CLPLPK
2025-02-17,715,51,N.A.,N.A.,B092XMWXK7
2025-02-18,702,53,N.A.,N.A.,B092XMWXK7
2025-02-19,709,52,N.A.,N.A.,B092XMWXK7
2025-02-20,702,53,N.A.,N.A.,B092XMWXK7
2025-02-21,690,55,N.A.,N.A.,B092XMWXK7
2025-02-22,685,56,N.A.,N.A.,B092XMWXK7
2025-02-23,679,57,4.6,11073,B092XMWXK7
2025-02-24,766,44,N.A.,N.A.,B092XMWXK7
2025-02-25,800,40,N.A.,N.A.,B092XMWXK7
2025-02-26,819,38,N.A.,N.A.,B092XMWXK7
2025-02-27,839,36,N.A.,N.A.,B092XMWXK7
2025-02-28,811,39,N.A.,N.A.,B092XMWXK7
2025-03-01,812,39,N.A.,N.A.,B092XMWXK7
2025-03-02,812,39,4.6,11138,B092XMWXK7
2025-03-03,803,40,N.A.,N.A.,B092XMWXK7
2025-03-04,803,40,N.A.,N.A.,B092XMWXK7
2025-03-05,831,37,N.A.,N.A.,B092XMWXK7
2025-03-06,794,41,N.A.,N.A.,B092XMWXK7
2025-03-07,821,38,N.A.,N.A.,B092XMWXK7
2025-03-08,777,43,N.A.,N.A.,B092XMWXK7
2025-03-09,705,48,4.6,11186,B092XMWXK7
2025-03-10,724,45,N.A.,N.A.,B092XMWXK7
2025-03-11,738,43,N.A.,N.A.,B092XMWXK7
2025-03-12,761,40,N.A.,N.A.,B092XMWXK7
2025-03-13,777,38,N.A.,N.A.,B092XMWXK7
2025-03-14,794,36,N.A.,N.A.,B092XMWXK7
2025-03-15,769,39,N.A.,N.A.,B092XMWXK7
2025-03-16,795,36,N.A.,N.A.,B092XMWXK7
2025-03-17,851,32,4.6,11266,B092XMWXK7
2025-03-18,830,35,N.A.,N.A.,B092XMWXK7
2025-03-19,847,34,N.A.,N.A.,B092XMWXK7
2025-03-20,844,35,N.A.,N.A.,B092XMWXK7
2025-03-21,854,35,N.A.,N.A.,B092XMWXK7
2025-03-22,841,38,N.A.,N.A.,B092XMWXK7
2025-03-23,881,34,N.A.,N.A.,B092XMWXK7
2025-03-24,815,41,4.6,11318,B092XMWXK7
2025-03-25,791,44,N.A.,N.A.,B092XMWXK7
2025-03-26,702,58,N.A.,N.A.,B092XMWXK7
2025-03-27,702,58,N.A.,N.A.,B092XMWXK7
2025-03-28,702,58,N.A.,N.A.,B092XMWXK7
2025-03-29,686,61,N.A.,N.A.,B092XMWXK7
2025-03-30,616,56,N.A.,N.A.,B092XMWXK7
2025-03-31,634,52,4.6,11371,B092XMWXK7
2025-04-01,625,54,N.A.,N.A.,B092XMWXK7
2025-04-02,681,43,N.A.,N.A.,B092XMWXK7
2025-04-03,706,39,N.A.,N.A.,B092XMWXK7
2025-04-04,687,42,N.A.,N.A.,B092XMWXK7
2025-04-05,719,37,N.A.,N.A.,B092XMWXK7
2025-04-06,741,34,N.A.,N.A.,B092XMWXK7
2025-04-07,741,34,N.A.,N.A.,B092XMWXK7
2025-04-08,712,38,4.6,11429,B092XMWXK7
2025-04-09,726,36,N.A.,N.A.,B092XMWXK7
2025-04-10,726,36,N.A.,N.A.,B092XMWXK7
2025-04-11,734,35,N.A.,N.A.,B092XMWXK7
2025-04-12,654,48,N.A.,N.A.,B092XMWXK7
2025-04-13,647,51,N.A.,N.A.,B092XMWXK7
2025-04-14,636,55,N.A.,N.A.,B092XMWXK7
2025-04-15,667,50,N.A.,N.A.,B092XMWXK7
2025-04-16,703,45,4.6,12063,B092XMWXK7
2025-04-17,700,47,N.A.,N.A.,B092XMWXK7
2025-04-18,681,52,N.A.,N.A.,B092XMWXK7
2025-04-19,668,56,N.A.,N.A.,B092XMWXK7
2025-04-20,707,50,N.A.,N.A.,B092XMWXK7
2025-04-21,766,42,N.A.,N.A.,B092XMWXK7
2025-04-22,806,38,N.A.,N.A.,B092XMWXK7
2025-04-23,832,36,N.A.,N.A.,B092XMWXK7
2025-04-24,851,35,4.6,12140,B092XMWXK7
2025-04-25,852,36,N.A.,N.A.,B092XMWXK7
2025-04-26,861,36,N.A.,N.A.,B092XMWXK7
2025-04-27,819,42,N.A.,N.A.,B092XMWXK7
2025-04-28,862,37,N.A.,N.A.,B092XMWXK7
2025-04-29,852,38,N.A.,N.A.,B092XMWXK7
2025-04-30,827,41,N.A.,N.A.,B092XMWXK7
2025-05-01,811,43,N.A.,N.A.,B092XMWXK7
2025-05-02,827,41,4.6,12186,B092XMWXK7
2025-05-03,789,46,N.A.,N.A.,B092XMWXK7
2025-05-04,756,51,N.A.,N.A.,B092XMWXK7
2025-05-05,804,44,N.A.,N.A.,B092XMWXK7
2025-05-06,835,40,N.A.,N.A.,B092XMWXK7
2025-05-07,881,35,N.A.,N.A.,B092XMWXK7
2025-05-08,912,32,N.A.,N.A.,B092XMWXK7
2025-05-09,912,32,4.6,12244,B092XMWXK7
2025-05-10,827,41,N.A.,N.A.,B092XMWXK7
2025-05-11,782,47,N.A.,N.A.,B092XMWXK7
2025-05-12,811,43,N.A.,N.A.,B092XMWXK7
2025-05-13,852,38,N.A.,N.A.,B092XMWXK7
2025-05-14,844,39,N.A.,N.A.,B092XMWXK7
2025-05-15,852,38,N.A.,N.A.,B092XMWXK7
2025-02-17,N.A.,N.A.,N.A.,N.A.,B0D3GVYYCM
2025-02-18,N.A.,N.A.,N.A.,N.A.,B0D3GVYYCM
2025-02-19,N.A.,N.A.,N.A.,N.A.,B0D3GVYYCM
2025-02-20,N.A.,N.A.,N.A.,N.A.,B0D3GVYYCM
2025-02-21,N.A.,N.A.,N.A.,N.A.,B0D3GVYYCM
2025-02-22,N.A.,N.A.,N.A.,N.A.,B0D3GVYYCM
2025-02-23,N.A.,N.A.,N.A.,N.A.,B0D3GVYYCM
2025-02-24,N.A.,N.A.,N.A.,N.A.,B0D3GVYYCM
2025-02-25,N.A.,N.A.,N.A.,N.A.,B0D3GVYYCM
2025-02-26,N.A.,N.A.,N.A.,N.A.,B0D3GVYYCM
2025-02-27,N.A.,N.A.,N.A.,N.A.,B0D3GVYYCM
2025-02-28,N.A.,N.A.,N.A.,N.A.,B0D3GVYYCM
2025-03-01,N.A.,N.A.,N.A.,N.A.,B0D3GVYYCM
2025-03-02,N.A.,N.A.,N.A.,N.A.,B0D3GVYYCM
2025-03-03,N.A.,N.A.,N.A.,N.A.,B0D3GVYYCM
2025-03-04,N.A.,N.A.,N.A.,N.A.,B0D3GVYYCM
2025-03-05,N.A.,N.A.,N.A.,N.A.,B0D3GVYYCM
2025-03-06,N.A.,N.A.,N.A.,N.A.,B0D3GVYYCM
2025-03-07,N.A.,N.A.,N.A.,N.A.,B0D3GVYYCM
2025-03-08,N.A.,N.A.,N.A.,N.A.,B0D3GVYYCM
2025-03-09,N.A.,N.A.,N.A.,N.A.,B0D3GVYYCM
2025-03-10,N.A.,N.A.,N.A.,N.A.,B0D3GVYYCM
2025-03-11,N.A.,N.A.,N.A.,N.A.,B0D3GVYYCM
2025-03-12,N.A.,N.A.,N.A.,N.A.,B0D3GVYYCM
2025-03-13,N.A.,N.A.,N.A.,N.A.,B0D3GVYYCM
2025-03-14,N.A.,N.A.,N.A.,N.A.,B0D3GVYYCM
2025-03-15,N.A.,N.A.,N.A.,N.A.,B0D3GVYYCM
2025-03-16,N.A.,N.A.,N.A.,N.A.,B0D3GVYYCM
2025-03-17,N.A.,N.A.,N.A.,N.A.,B0D3GVYYCM
2025-03-18,N.A.,N.A.,N.A.,N.A.,B0D3GVYYCM
2025-03-19,N.A.,N.A.,N.A.,N.A.,B0D3GVYYCM
2025-03-20,N.A.,N.A.,N.A.,N.A.,B0D3GVYYCM
2025-03-21,N.A.,N.A.,N.A.,N.A.,B0D3GVYYCM
2025-03-22,N.A.,N.A.,N.A.,N.A.,B0D3GVYYCM
2025-03-23,N.A.,N.A.,N.A.,N.A.,B0D3GVYYCM
2025-03-24,N.A.,N.A.,N.A.,N.A.,B0D3GVYYCM
2025-03-25,N.A.,N.A.,N.A.,N.A.,B0D3GVYYCM
2025-03-26,N.A.,N.A.,N.A.,N.A.,B0D3GVYYCM
2025-03-27,N.A.,N.A.,N.A.,N.A.,B0D3GVYYCM
2025-03-28,N.A.,N.A.,N.A.,N.A.,B0D3GVYYCM
2025-03-29,N.A.,N.A.,N.A.,N.A.,B0D3GVYYCM
2025-03-30,N.A.,N.A.,N.A.,N.A.,B0D3GVYYCM
2025-03-31,N.A.,N.A.,N.A.,N.A.,B0D3GVYYCM
2025-04-01,N.A.,N.A.,N.A.,N.A.,B0D3GVYYCM
2025-04-02,N.A.,N.A.,N.A.,N.A.,B0D3GVYYCM
2025-04-03,N.A.,N.A.,N.A.,N.A.,B0D3GVYYCM
2025-04-04,N.A.,N.A.,N.A.,N.A.,B0D3GVYYCM
2025-04-05,N.A.,N.A.,N.A.,N.A.,B0D3GVYYCM
2025-04-06,N.A.,N.A.,N.A.,N.A.,B0D3GVYYCM
2025-04-07,N.A.,N.A.,N.A.,N.A.,B0D3GVYYCM
2025-04-08,N.A.,N.A.,N.A.,N.A.,B0D3GVYYCM
2025-04-09,N.A.,N.A.,N.A.,N.A.,B0D3GVYYCM
2025-04-10,N.A.,N.A.,N.A.,N.A.,B0D3GVYYCM
2025-04-11,N.A.,N.A.,N.A.,N.A.,B0D3GVYYCM
2025-04-12,N.A.,N.A.,N.A.,N.A.,B0D3GVYYCM
2025-04-13,N.A.,N.A.,N.A.,N.A.,B0D3GVYYCM
2025-04-14,N.A.,N.A.,N.A.,N.A.,B0D3GVYYCM
2025-04-15,N.A.,N.A.,N.A.,N.A.,B0D3GVYYCM
2025-04-16,N.A.,N.A.,N.A.,N.A.,B0D3GVYYCM
2025-04-17,N.A.,N.A.,N.A.,N.A.,B0D3GVYYCM
2025-04-18,N.A.,N.A.,N.A.,N.A.,B0D3GVYYCM
2025-04-19,N.A.,N.A.,N.A.,N.A.,B0D3GVYYCM
2025-04-20,N.A.,N.A.,N.A.,N.A.,B0D3GVYYCM
2025-04-21,N.A.,N.A.,N.A.,N.A.,B0D3GVYYCM
2025-04-22,N.A.,N.A.,N.A.,N.A.,B0D3GVYYCM
2025-04-23,281,2074,4.6,13583,B0D3GVYYCM
2025-04-24,303,1802,N.A.,N.A.,B0D3GVYYCM
2025-04-25,305,1783,N.A.,N.A.,B0D3GVYYCM
2025-04-26,304,1788,N.A.,N.A.,B0D3GVYYCM
2025-04-27,313,1979,N.A.,N.A.,B0D3GVYYCM
2025-04-28,315,1962,N.A.,N.A.,B0D3GVYYCM
2025-04-29,349,1630,N.A.,N.A.,B0D3GVYYCM
2025-04-30,399,1264,N.A.,N.A.,B0D3GVYYCM
2025-05-01,392,1307,N.A.,N.A.,B0D3GVYYCM
2025-05-02,359,1548,N.A.,N.A.,B0D3GVYYCM
2025-05-03,412,1188,N.A.,N.A.,B0D3GVYYCM
2025-05-04,444,1022,N.A.,N.A.,B0D3GVYYCM
2025-05-05,394,1296,N.A.,N.A.,B0D3GVYYCM
2025-05-06,356,1565,N.A.,N.A.,B0D3GVYYCM
2025-05-07,357,1560,N.A.,N.A.,B0D3GVYYCM
2025-05-08,337,1735,N.A.,N.A.,B0D3GVYYCM
2025-05-09,316,1949,N.A.,N.A.,B0D3GVYYCM
2025-05-10,326,1847,N.A.,N.A.,B0D3GVYYCM
2025-05-11,361,1532,N.A.,N.A.,B0D3GVYYCM
2025-05-12,370,1459,N.A.,N.A.,B0D3GVYYCM
2025-05-13,358,1553,N.A.,N.A.,B0D3GVYYCM
2025-05-14,379,1397,N.A.,N.A.,B0D3GVYYCM
2025-05-15,372,1441,N.A.,N.A.,B0D3GVYYCM
2025-02-17,204,2511,N.A.,N.A.,B0BY8HMK7W
2025-02-18,201,2581,N.A.,N.A.,B0BY8HMK7W
2025-02-19,225,2127,N.A.,N.A.,B0BY8HMK7W
2025-02-20,189,2847,4.5,1798,B0BY8HMK7W
2025-02-21,188,2892,N.A.,N.A.,B0BY8HMK7W
2025-02-22,179,3111,N.A.,N.A.,B0BY8HMK7W
2025-02-23,200,2903,N.A.,N.A.,B0BY8HMK7W
2025-02-24,222,2431,N.A.,N.A.,B0BY8HMK7W
2025-02-25,220,2466,N.A.,N.A.,B0BY8HMK7W
2025-02-26,233,2231,N.A.,N.A.,B0BY8HMK7W
2025-02-27,238,2149,N.A.,N.A.,B0BY8HMK7W
2025-02-28,244,2067,N.A.,N.A.,B0BY8HMK7W
2025-03-01,257,1879,N.A.,N.A.,B0BY8HMK7W
2025-03-02,256,1890,N.A.,N.A.,B0BY8HMK7W
2025-03-03,244,2062,N.A.,N.A.,B0BY8HMK7W
2025-03-04,246,2042,N.A.,N.A.,B0BY8HMK7W
2025-03-05,244,2062,N.A.,N.A.,B0BY8HMK7W
2025-03-06,234,2232,N.A.,N.A.,B0BY8HMK7W
2025-03-07,228,2340,N.A.,N.A.,B0BY8HMK7W
2025-03-08,230,2319,N.A.,N.A.,B0BY8HMK7W
2025-03-09,225,2404,N.A.,N.A.,B0BY8HMK7W
2025-03-10,261,1892,N.A.,N.A.,B0BY8HMK7W
2025-03-11,281,1683,N.A.,N.A.,B0BY8HMK7W
2025-03-12,291,1595,N.A.,N.A.,B0BY8HMK7W
2025-03-13,284,1693,N.A.,N.A.,B0BY8HMK7W
2025-03-14,284,1731,N.A.,N.A.,B0BY8HMK7W
2025-03-15,301,1610,N.A.,N.A.,B0BY8HMK7W
2025-03-16,290,1717,N.A.,N.A.,B0BY8HMK7W
2025-03-17,299,1661,N.A.,N.A.,B0BY8HMK7W
2025-03-18,293,1744,N.A.,N.A.,B0BY8HMK7W
2025-03-19,290,1796,N.A.,N.A.,B0BY8HMK7W
2025-03-20,292,1786,N.A.,N.A.,B0BY8HMK7W
2025-03-21,277,1988,N.A.,N.A.,B0BY8HMK7W
2025-03-22,290,1872,N.A.,N.A.,B0BY8HMK7W
2025-03-23,287,1905,4.5,1869,B0BY8HMK7W
2025-03-24,303,1740,N.A.,N.A.,B0BY8HMK7W
2025-03-25,307,1709,N.A.,N.A.,B0BY8HMK7W
2025-03-26,586,439,N.A.,N.A.,B0BY8HMK7W
2025-03-27,597,417,N.A.,N.A.,B0BY8HMK7W
2025-03-28,671,308,N.A.,N.A.,B0BY8HMK7W
2025-03-29,678,293,N.A.,N.A.,B0BY8HMK7W
2025-03-30,830,164,N.A.,N.A.,B0BY8HMK7W
2025-03-31,837,160,N.A.,N.A.,B0BY8HMK7W
2025-04-01,824,168,N.A.,N.A.,B0BY8HMK7W
2025-04-02,635,349,N.A.,N.A.,B0BY8HMK7W
2025-04-03,539,525,N.A.,N.A.,B0BY8HMK7W
2025-04-04,474,710,N.A.,N.A.,B0BY8HMK7W
2025-04-05,449,798,N.A.,N.A.,B0BY8HMK7W
2025-04-06,423,837,N.A.,N.A.,B0BY8HMK7W
2025-04-07,427,815,N.A.,N.A.,B0BY8HMK7W
2025-04-08,386,1030,N.A.,N.A.,B0BY8HMK7W
2025-04-09,383,1049,N.A.,N.A.,B0BY8HMK7W
2025-04-10,366,1157,N.A.,N.A.,B0BY8HMK7W
2025-04-11,341,1348,N.A.,N.A.,B0BY8HMK7W
2025-04-12,340,1356,N.A.,N.A.,B0BY8HMK7W
2025-04-13,309,1648,N.A.,N.A.,B0BY8HMK7W
2025-04-14,346,1332,N.A.,N.A.,B0BY8HMK7W
2025-04-15,352,1298,N.A.,N.A.,B0BY8HMK7W
2025-04-16,345,1360,N.A.,N.A.,B0BY8HMK7W
2025-04-17,314,1649,N.A.,N.A.,B0BY8HMK7W
2025-04-18,315,1655,N.A.,N.A.,B0BY8HMK7W
2025-04-19,322,1604,N.A.,N.A.,B0BY8HMK7W
2025-04-20,328,1553,N.A.,N.A.,B0BY8HMK7W
2025-04-21,342,1427,N.A.,N.A.,B0BY8HMK7W
2025-04-22,388,1101,N.A.,N.A.,B0BY8HMK7W
2025-04-23,388,1104,4.5,1953,B0BY8HMK7W
2025-04-24,373,1200,N.A.,N.A.,B0BY8HMK7W
2025-04-25,359,1298,N.A.,N.A.,B0BY8HMK7W
2025-04-26,315,1673,N.A.,N.A.,B0BY8HMK7W
2025-04-27,307,2048,N.A.,N.A.,B0BY8HMK7W
2025-04-28,342,1692,N.A.,N.A.,B0BY8HMK7W
2025-04-29,360,1533,N.A.,N.A.,B0BY8HMK7W
2025-04-30,383,1370,N.A.,N.A.,B0BY8HMK7W
2025-05-01,383,1366,N.A.,N.A.,B0BY8HMK7W
2025-05-02,389,1327,N.A.,N.A.,B0BY8HMK7W
2025-05-03,394,1294,N.A.,N.A.,B0BY8HMK7W
2025-05-04,383,1368,N.A.,N.A.,B0BY8HMK7W
2025-05-05,353,1593,N.A.,N.A.,B0BY8HMK7W
2025-05-06,354,1583,N.A.,N.A.,B0BY8HMK7W
2025-05-07,406,1222,N.A.,N.A.,B0BY8HMK7W
2025-05-08,407,1218,N.A.,N.A.,B0BY8HMK7W
2025-05-09,377,1408,N.A.,N.A.,B0BY8HMK7W
2025-05-10,348,1634,N.A.,N.A.,B0BY8HMK7W
2025-05-11,359,1542,N.A.,N.A.,B0BY8HMK7W
2025-05-12,388,1334,N.A.,N.A.,B0BY8HMK7W
2025-05-13,416,1164,N.A.,N.A.,B0BY8HMK7W
2025-05-14,448,1005,N.A.,N.A.,B0BY8HMK7W
2025-05-15,463,939,N.A.,N.A.,B0BY8HMK7W
2025-02-17,826,37,N.A.,N.A.,B00FO9ZRZ0
2025-02-18,869,33,4.5,92077,B00FO9ZRZ0
2025-02-19,807,39,N.A.,N.A.,B00FO9ZRZ0
2025-02-20,781,42,N.A.,N.A.,B00FO9ZRZ0
2025-02-21,679,57,N.A.,N.A.,B00FO9ZRZ0
2025-02-22,643,64,N.A.,N.A.,B00FO9ZRZ0
2025-02-23,616,70,N.A.,N.A.,B00FO9ZRZ0
2025-02-24,596,75,N.A.,N.A.,B00FO9ZRZ0
2025-02-25,604,73,4.5,92112,B00FO9ZRZ0
2025-02-26,604,73,N.A.,N.A.,B00FO9ZRZ0
2025-02-27,617,70,N.A.,N.A.,B00FO9ZRZ0
2025-02-28,609,72,N.A.,N.A.,B00FO9ZRZ0
2025-03-01,670,59,N.A.,N.A.,B00FO9ZRZ0
2025-03-02,552,88,N.A.,N.A.,B00FO9ZRZ0
2025-03-03,443,135,N.A.,N.A.,B00FO9ZRZ0
2025-03-04,349,210,4.5,92155,B00FO9ZRZ0
2025-03-05,323,241,N.A.,N.A.,B00FO9ZRZ0
2025-03-06,295,282,N.A.,N.A.,B00FO9ZRZ0
2025-03-07,346,213,N.A.,N.A.,B00FO9ZRZ0
2025-03-08,364,194,N.A.,N.A.,B00FO9ZRZ0
2025-03-09,385,175,N.A.,N.A.,B00FO9ZRZ0
2025-03-10,365,194,N.A.,N.A.,B00FO9ZRZ0
2025-03-11,355,205,4.5,92201,B00FO9ZRZ0
2025-03-12,375,184,N.A.,N.A.,B00FO9ZRZ0
2025-03-13,389,172,N.A.,N.A.,B00FO9ZRZ0
2025-03-14,357,203,N.A.,N.A.,B00FO9ZRZ0
2025-03-15,371,188,N.A.,N.A.,B00FO9ZRZ0
2025-03-16,385,175,N.A.,N.A.,B00FO9ZRZ0
2025-03-17,404,165,N.A.,N.A.,B00FO9ZRZ0
2025-03-18,449,137,4.5,92235,B00FO9ZRZ0
2025-03-19,429,152,N.A.,N.A.,B00FO9ZRZ0
2025-03-20,416,164,N.A.,N.A.,B00FO9ZRZ0
2025-03-21,405,177,N.A.,N.A.,B00FO9ZRZ0
2025-03-22,395,192,N.A.,N.A.,B00FO9ZRZ0
2025-03-23,363,225,N.A.,N.A.,B00FO9ZRZ0
2025-03-24,360,229,N.A.,N.A.,B00FO9ZRZ0
2025-03-25,352,239,4.5,92266,B00FO9ZRZ0
2025-03-26,347,245,N.A.,N.A.,B00FO9ZRZ0
2025-03-27,326,274,N.A.,N.A.,B00FO9ZRZ0
2025-03-28,320,284,N.A.,N.A.,B00FO9ZRZ0
2025-03-29,342,252,N.A.,N.A.,B00FO9ZRZ0
2025-03-30,329,238,N.A.,N.A.,B00FO9ZRZ0
2025-03-31,303,280,N.A.,N.A.,B00FO9ZRZ0
2025-04-01,283,320,4.5,92303,B00FO9ZRZ0
2025-04-02,298,289,N.A.,N.A.,B00FO9ZRZ0
2025-04-03,363,194,N.A.,N.A.,B00FO9ZRZ0
2025-04-04,401,156,N.A.,N.A.,B00FO9ZRZ0
2025-04-05,435,130,N.A.,N.A.,B00FO9ZRZ0
2025-04-06,354,204,N.A.,N.A.,B00FO9ZRZ0
2025-04-07,298,290,N.A.,N.A.,B00FO9ZRZ0
2025-04-08,380,175,4.5,92330,B00FO9ZRZ0
2025-04-09,406,152,N.A.,N.A.,B00FO9ZRZ0
2025-04-10,399,158,N.A.,N.A.,B00FO9ZRZ0
2025-04-11,430,134,N.A.,N.A.,B00FO9ZRZ0
2025-04-12,416,144,N.A.,N.A.,B00FO9ZRZ0
2025-04-13,440,130,N.A.,N.A.,B00FO9ZRZ0
2025-04-14,455,123,N.A.,N.A.,B00FO9ZRZ0
2025-04-15,499,102,N.A.,N.A.,B00FO9ZRZ0
2025-04-16,537,88,4.5,92378,B00FO9ZRZ0
2025-04-17,565,80,N.A.,N.A.,B00FO9ZRZ0
2025-04-18,580,77,N.A.,N.A.,B00FO9ZRZ0
2025-04-19,567,83,N.A.,N.A.,B00FO9ZRZ0
2025-04-20,635,65,N.A.,N.A.,B00FO9ZRZ0
2025-04-21,733,47,N.A.,N.A.,B00FO9ZRZ0
2025-04-22,761,44,N.A.,N.A.,B00FO9ZRZ0
2025-04-23,769,44,N.A.,N.A.,B00FO9ZRZ0
2025-04-24,816,39,4.5,92411,B00FO9ZRZ0
2025-04-25,683,62,N.A.,N.A.,B00FO9ZRZ0
2025-04-26,676,65,N.A.,N.A.,B00FO9ZRZ0
2025-04-27,564,100,N.A.,N.A.,B00FO9ZRZ0
2025-04-28,436,171,N.A.,N.A.,B00FO9ZRZ0
2025-04-29,414,190,N.A.,N.A.,B00FO9ZRZ0
2025-04-30,440,168,N.A.,N.A.,B00FO9ZRZ0
2025-05-01,440,168,N.A.,N.A.,B00FO9ZRZ0
2025-05-02,470,147,4.5,92457,B00FO9ZRZ0
2025-05-03,486,137,N.A.,N.A.,B00FO9ZRZ0
2025-05-04,474,144,N.A.,N.A.,B00FO9ZRZ0
2025-05-05,537,111,N.A.,N.A.,B00FO9ZRZ0
2025-05-06,645,74,N.A.,N.A.,B00FO9ZRZ0
2025-05-07,627,79,N.A.,N.A.,B00FO9ZRZ0
2025-05-08,522,118,N.A.,N.A.,B00FO9ZRZ0
2025-05-09,556,103,4.5,92500,B00FO9ZRZ0
2025-05-10,549,106,N.A.,N.A.,B00FO9ZRZ0
2025-05-11,518,120,N.A.,N.A.,B00FO9ZRZ0
2025-05-12,526,116,N.A.,N.A.,B00FO9ZRZ0
2025-05-13,422,183,N.A.,N.A.,B00FO9ZRZ0
2025-05-14,356,254,N.A.,N.A.,B00FO9ZRZ0
2025-05-15,411,192,N.A.,N.A.,B00FO9ZRZ0
2025-02-17,869,33,N.A.,N.A.,B07H9PDL2Y
2025-02-18,857,34,N.A.,N.A.,B07H9PDL2Y
2025-02-19,869,33,N.A.,N.A.,B07H9PDL2Y
2025-02-20,905,30,N.A.,N.A.,B07H9PDL2Y
2025-02-21,893,31,N.A.,N.A.,B07H9PDL2Y
2025-02-22,869,33,4.6,42291,B07H9PDL2Y
2025-02-23,869,33,N.A.,N.A.,B07H9PDL2Y
2025-02-24,838,36,N.A.,N.A.,B07H9PDL2Y
2025-02-25,871,33,N.A.,N.A.,B07H9PDL2Y
2025-02-26,872,33,N.A.,N.A.,B07H9PDL2Y
2025-02-27,839,36,N.A.,N.A.,B07H9PDL2Y
2025-02-28,820,38,N.A.,N.A.,B07H9PDL2Y
2025-03-01,899,31,4.6,42322,B07H9PDL2Y
2025-03-02,912,30,N.A.,N.A.,B07H9PDL2Y
2025-03-03,955,27,N.A.,N.A.,B07H9PDL2Y
2025-03-04,970,26,N.A.,N.A.,B07H9PDL2Y
2025-03-05,970,26,N.A.,N.A.,B07H9PDL2Y
2025-03-06,940,28,N.A.,N.A.,B07H9PDL2Y
2025-03-07,912,30,N.A.,N.A.,B07H9PDL2Y
2025-03-08,887,32,4.6,42375,B07H9PDL2Y
2025-03-09,823,33,N.A.,N.A.,B07H9PDL2Y
2025-03-10,879,28,N.A.,N.A.,B07H9PDL2Y
2025-03-11,855,30,N.A.,N.A.,B07H9PDL2Y
2025-03-12,879,28,N.A.,N.A.,B07H9PDL2Y
2025-03-13,905,26,N.A.,N.A.,B07H9PDL2Y
2025-03-14,919,25,N.A.,N.A.,B07H9PDL2Y
2025-03-15,867,29,N.A.,N.A.,B07H9PDL2Y
2025-03-16,834,32,4.6,42419,B07H9PDL2Y
2025-03-17,873,30,N.A.,N.A.,B07H9PDL2Y
2025-03-18,935,26,N.A.,N.A.,B07H9PDL2Y
2025-03-19,958,25,N.A.,N.A.,B07H9PDL2Y
2025-03-20,911,29,N.A.,N.A.,B07H9PDL2Y
2025-03-21,948,27,N.A.,N.A.,B07H9PDL2Y
2025-03-22,881,34,N.A.,N.A.,B07H9PDL2Y
2025-03-23,842,38,N.A.,N.A.,B07H9PDL2Y
2025-03-24,762,48,4.6,42479,B07H9PDL2Y
2025-03-25,871,35,N.A.,N.A.,B07H9PDL2Y
2025-03-26,776,46,N.A.,N.A.,B07H9PDL2Y
2025-03-27,824,40,N.A.,N.A.,B07H9PDL2Y
2025-03-28,903,32,N.A.,N.A.,B07H9PDL2Y
2025-03-29,1013,24,N.A.,N.A.,B07H9PDL2Y
2025-03-30,848,23,N.A.,N.A.,B07H9PDL2Y
2025-03-31,860,22,N.A.,N.A.,B07H9PDL2Y
2025-04-01,953,16,4.6,42554,B07H9PDL2Y
2025-04-02,887,20,N.A.,N.A.,B07H9PDL2Y
2025-04-03,860,22,N.A.,N.A.,B07H9PDL2Y
2025-04-04,848,23,N.A.,N.A.,B07H9PDL2Y
2025-04-05,793,28,N.A.,N.A.,B07H9PDL2Y
2025-04-06,757,32,N.A.,N.A.,B07H9PDL2Y
2025-04-07,793,28,N.A.,N.A.,B07H9PDL2Y
2025-04-08,749,33,N.A.,N.A.,B07H9PDL2Y
2025-04-09,726,36,4.6,42613,B07H9PDL2Y
2025-04-10,706,39,N.A.,N.A.,B07H9PDL2Y
2025-04-11,719,37,N.A.,N.A.,B07H9PDL2Y
2025-04-12,699,40,N.A.,N.A.,B07H9PDL2Y
2025-04-13,637,53,N.A.,N.A.,B07H9PDL2Y
2025-04-14,614,60,N.A.,N.A.,B07H9PDL2Y
2025-04-15,667,50,N.A.,N.A.,B07H9PDL2Y
2025-04-16,628,60,N.A.,N.A.,B07H9PDL2Y
2025-04-17,608,67,4.6,42676,B07H9PDL2Y
2025-04-18,593,73,N.A.,N.A.,B07H9PDL2Y
2025-04-19,596,74,N.A.,N.A.,B07H9PDL2Y
2025-04-20,616,70,N.A.,N.A.,B07H9PDL2Y
2025-04-21,626,69,N.A.,N.A.,B07H9PDL2Y
2025-04-22,748,46,N.A.,N.A.,B07H9PDL2Y
2025-04-23,784,42,N.A.,N.A.,B07H9PDL2Y
2025-04-24,778,44,N.A.,N.A.,B07H9PDL2Y
2025-04-25,779,45,4.6,42737,B07H9PDL2Y
2025-04-26,810,42,N.A.,N.A.,B07H9PDL2Y
2025-04-27,819,42,N.A.,N.A.,B07H9PDL2Y
2025-04-28,811,43,N.A.,N.A.,B07H9PDL2Y
2025-04-29,901,33,N.A.,N.A.,B07H9PDL2Y
2025-04-30,935,30,N.A.,N.A.,B07H9PDL2Y
2025-05-01,881,35,N.A.,N.A.,B07H9PDL2Y
2025-05-02,881,35,4.6,42776,B07H9PDL2Y
2025-05-03,881,35,N.A.,N.A.,B07H9PDL2Y
2025-05-04,789,46,N.A.,N.A.,B07H9PDL2Y
2025-05-05,789,46,N.A.,N.A.,B07H9PDL2Y
2025-05-06,862,37,N.A.,N.A.,B07H9PDL2Y
2025-05-07,935,30,N.A.,N.A.,B07H9PDL2Y
2025-05-08,1002,25,N.A.,N.A.,B07H9PDL2Y
2025-05-09,987,26,N.A.,N.A.,B07H9PDL2Y
2025-05-10,881,35,4.6,42827,B07H9PDL2Y
2025-05-11,827,41,N.A.,N.A.,B07H9PDL2Y
2025-05-12,789,46,N.A.,N.A.,B07H9PDL2Y
2025-05-13,862,37,N.A.,N.A.,B07H9PDL2Y
2025-05-14,912,32,N.A.,N.A.,B07H9PDL2Y
2025-05-15,881,35,N.A.,N.A.,B07H9PDL2Y
2025-02-17,242,1859,N.A.,N.A.,B0CP1ZLYRT
2025-02-18,259,1651,N.A.,N.A.,B0CP1ZLYRT
2025-02-19,254,1709,N.A.,N.A.,B0CP1ZLYRT
2025-02-20,294,1303,N.A.,N.A.,B0CP1ZLYRT
2025-02-21,285,1381,4.5,497,B0CP1ZLYRT
2025-02-22,282,1406,N.A.,N.A.,B0CP1ZLYRT
2025-02-23,317,1261,N.A.,N.A.,B0CP1ZLYRT
2025-02-24,363,959,N.A.,N.A.,B0CP1ZLYRT
2025-02-25,383,855,N.A.,N.A.,B0CP1ZLYRT
2025-02-26,400,782,N.A.,N.A.,B0CP1ZLYRT
2025-02-27,413,728,N.A.,N.A.,B0CP1ZLYRT
2025-02-28,400,780,N.A.,N.A.,B0CP1ZLYRT
2025-03-01,386,842,N.A.,N.A.,B0CP1ZLYRT
2025-03-02,400,780,N.A.,N.A.,B0CP1ZLYRT
2025-03-03,409,732,N.A.,N.A.,B0CP1ZLYRT
2025-03-04,405,746,N.A.,N.A.,B0CP1ZLYRT
2025-03-05,411,715,N.A.,N.A.,B0CP1ZLYRT
2025-03-06,414,699,N.A.,N.A.,B0CP1ZLYRT
2025-03-07,417,682,N.A.,N.A.,B0CP1ZLYRT
2025-03-08,408,708,N.A.,N.A.,B0CP1ZLYRT
2025-03-09,428,633,N.A.,N.A.,B0CP1ZLYRT
2025-03-10,484,507,N.A.,N.A.,B0CP1ZLYRT
2025-03-11,520,445,N.A.,N.A.,B0CP1ZLYRT
2025-03-12,541,418,N.A.,N.A.,B0CP1ZLYRT
2025-03-13,537,440,N.A.,N.A.,B0CP1ZLYRT
2025-03-14,567,404,N.A.,N.A.,B0CP1ZLYRT
2025-03-15,578,415,N.A.,N.A.,B0CP1ZLYRT
2025-03-16,527,515,N.A.,N.A.,B0CP1ZLYRT
2025-03-17,567,448,N.A.,N.A.,B0CP1ZLYRT
2025-03-18,655,321,N.A.,N.A.,B0CP1ZLYRT
2025-03-19,669,309,N.A.,N.A.,B0CP1ZLYRT
2025-03-20,684,295,N.A.,N.A.,B0CP1ZLYRT
2025-03-21,654,336,N.A.,N.A.,B0CP1ZLYRT
2025-03-22,647,355,N.A.,N.A.,B0CP1ZLYRT
2025-03-23,635,372,N.A.,N.A.,B0CP1ZLYRT
2025-03-24,637,363,4.6,541,B0CP1ZLYRT
2025-03-25,677,309,N.A.,N.A.,B0CP1ZLYRT
2025-03-26,608,402,N.A.,N.A.,B0CP1ZLYRT
2025-03-27,593,425,N.A.,N.A.,B0CP1ZLYRT
2025-03-28,579,447,N.A.,N.A.,B0CP1ZLYRT
2025-03-29,600,404,N.A.,N.A.,B0CP1ZLYRT
2025-03-30,586,429,N.A.,N.A.,B0CP1ZLYRT
2025-03-31,592,417,N.A.,N.A.,B0CP1ZLYRT
2025-04-01,574,450,N.A.,N.A.,B0CP1ZLYRT
2025-04-02,586,429,N.A.,N.A.,B0CP1ZLYRT
2025-04-03,603,399,N.A.,N.A.,B0CP1ZLYRT
2025-04-04,608,391,N.A.,N.A.,B0CP1ZLYRT
2025-04-05,578,444,N.A.,N.A.,B0CP1ZLYRT
2025-04-06,542,444,N.A.,N.A.,B0CP1ZLYRT
2025-04-07,563,400,N.A.,N.A.,B0CP1ZLYRT
2025-04-08,567,393,N.A.,N.A.,B0CP1ZLYRT
2025-04-09,546,437,N.A.,N.A.,B0CP1ZLYRT
2025-04-10,550,428,N.A.,N.A.,B0CP1ZLYRT
2025-04-11,546,435,N.A.,N.A.,B0CP1ZLYRT
2025-04-12,537,456,N.A.,N.A.,B0CP1ZLYRT
2025-04-13,523,490,N.A.,N.A.,B0CP1ZLYRT
2025-04-14,584,375,N.A.,N.A.,B0CP1ZLYRT
2025-04-15,624,317,N.A.,N.A.,B0CP1ZLYRT
2025-04-16,606,352,N.A.,N.A.,B0CP1ZLYRT
2025-04-17,588,388,N.A.,N.A.,B0CP1ZLYRT
2025-04-18,628,330,N.A.,N.A.,B0CP1ZLYRT
2025-04-19,670,285,N.A.,N.A.,B0CP1ZLYRT
2025-04-20,662,295,N.A.,N.A.,B0CP1ZLYRT
2025-04-21,734,216,N.A.,N.A.,B0CP1ZLYRT
2025-04-22,770,185,N.A.,N.A.,B0CP1ZLYRT
2025-04-23,803,161,4.5,611,B0CP1ZLYRT
2025-04-24,793,168,N.A.,N.A.,B0CP1ZLYRT
2025-04-25,796,166,N.A.,N.A.,B0CP1ZLYRT
2025-04-26,713,236,N.A.,N.A.,B0CP1ZLYRT
2025-04-27,757,305,N.A.,N.A.,B0CP1ZLYRT
2025-04-28,869,212,N.A.,N.A.,B0CP1ZLYRT
2025-04-29,961,160,N.A.,N.A.,B0CP1ZLYRT
2025-04-30,969,156,N.A.,N.A.,B0CP1ZLYRT
2025-05-01,1006,140,N.A.,N.A.,B0CP1ZLYRT
2025-05-02,918,182,N.A.,N.A.,B0CP1ZLYRT
2025-05-03,904,190,N.A.,N.A.,B0CP1ZLYRT
2025-05-04,893,197,N.A.,N.A.,B0CP1ZLYRT
2025-05-05,985,149,N.A.,N.A.,B0CP1ZLYRT
2025-05-06,980,151,N.A.,N.A.,B0CP1ZLYRT
2025-05-07,976,153,N.A.,N.A.,B0CP1ZLYRT
2025-05-08,971,155,N.A.,N.A.,B0CP1ZLYRT
2025-05-09,953,164,N.A.,N.A.,B0CP1ZLYRT
2025-05-10,927,177,N.A.,N.A.,B0CP1ZLYRT
2025-05-11,945,168,N.A.,N.A.,B0CP1ZLYRT
2025-05-12,989,147,N.A.,N.A.,B0CP1ZLYRT
2025-05-13,1089,110,N.A.,N.A.,B0CP1ZLYRT
2025-05-14,1112,103,N.A.,N.A.,B0CP1ZLYRT
2025-05-15,1089,110,N.A.,N.A.,B0CP1ZLYRT
2025-02-17,153,4024,N.A.,N.A.,B07S9JWNM1
2025-02-18,237,1935,N.A.,N.A.,B07S9JWNM1
2025-02-19,186,2930,N.A.,N.A.,B07S9JWNM1
2025-02-20,164,3584,N.A.,N.A.,B07S9JWNM1
2025-02-21,145,4357,4.6,7237,B07S9JWNM1
2025-02-22,154,3957,N.A.,N.A.,B07S9JWNM1
2025-02-23,178,3514,N.A.,N.A.,B07S9JWNM1
2025-02-24,191,3150,N.A.,N.A.,B07S9JWNM1
2025-02-25,298,1426,N.A.,N.A.,B07S9JWNM1
2025-02-26,345,1062,N.A.,N.A.,B07S9JWNM1
2025-02-27,438,637,N.A.,N.A.,B07S9JWNM1
2025-02-28,485,505,N.A.,N.A.,B07S9JWNM1
2025-03-01,598,300,N.A.,N.A.,B07S9JWNM1
2025-03-02,589,312,N.A.,N.A.,B07S9JWNM1
2025-03-03,519,419,N.A.,N.A.,B07S9JWNM1
2025-03-04,429,652,N.A.,N.A.,B07S9JWNM1
2025-03-05,383,839,N.A.,N.A.,B07S9JWNM1
2025-03-06,324,1191,N.A.,N.A.,B07S9JWNM1
2025-03-07,296,1431,N.A.,N.A.,B07S9JWNM1
2025-03-08,344,1041,N.A.,N.A.,B07S9JWNM1
2025-03-09,288,1500,N.A.,N.A.,B07S9JWNM1
2025-03-10,296,1481,N.A.,N.A.,B07S9JWNM1
2025-03-11,334,1195,N.A.,N.A.,B07S9JWNM1
2025-03-12,358,1055,N.A.,N.A.,B07S9JWNM1
2025-03-13,385,930,N.A.,N.A.,B07S9JWNM1
2025-03-14,364,1073,N.A.,N.A.,B07S9JWNM1
2025-03-15,363,1127,N.A.,N.A.,B07S9JWNM1
2025-03-16,377,1044,N.A.,N.A.,B07S9JWNM1
2025-03-17,346,1268,N.A.,N.A.,B07S9JWNM1
2025-03-18,297,1705,N.A.,N.A.,B07S9JWNM1
2025-03-19,355,1235,N.A.,N.A.,B07S9JWNM1
2025-03-20,374,1127,N.A.,N.A.,B07S9JWNM1
2025-03-21,532,547,N.A.,N.A.,B07S9JWNM1
2025-03-22,403,1009,N.A.,N.A.,B07S9JWNM1
2025-03-23,375,1162,N.A.,N.A.,B07S9JWNM1
2025-03-24,344,1375,4.6,7370,B07S9JWNM1
2025-03-25,456,780,N.A.,N.A.,B07S9JWNM1
2025-03-26,492,657,N.A.,N.A.,B07S9JWNM1
2025-03-27,489,667,N.A.,N.A.,B07S9JWNM1
2025-03-28,496,644,N.A.,N.A.,B07S9JWNM1
2025-03-29,540,523,N.A.,N.A.,B07S9JWNM1
2025-03-30,555,489,N.A.,N.A.,B07S9JWNM1
2025-03-31,523,564,N.A.,N.A.,B07S9JWNM1
2025-04-01,526,558,N.A.,N.A.,B07S9JWNM1
2025-04-02,451,793,N.A.,N.A.,B07S9JWNM1
2025-04-03,440,834,N.A.,N.A.,B07S9JWNM1
2025-04-04,391,1074,N.A.,N.A.,B07S9JWNM1
2025-04-05,380,1138,N.A.,N.A.,B07S9JWNM1
2025-04-06,449,725,N.A.,N.A.,B07S9JWNM1
2025-04-07,376,1090,N.A.,N.A.,B07S9JWNM1
2025-04-08,324,1500,N.A.,N.A.,B07S9JWNM1
2025-04-09,297,1783,N.A.,N.A.,B07S9JWNM1
2025-04-10,271,2131,N.A.,N.A.,B07S9JWNM1
2025-04-11,327,1472,N.A.,N.A.,B07S9JWNM1
2025-04-12,289,1883,N.A.,N.A.,B07S9JWNM1
2025-04-13,285,1929,N.A.,N.A.,B07S9JWNM1
2025-04-14,286,1945,N.A.,N.A.,B07S9JWNM1
2025-04-15,426,854,N.A.,N.A.,B07S9JWNM1
2025-04-16,493,607,N.A.,N.A.,B07S9JWNM1
2025-04-17,522,533,N.A.,N.A.,B07S9JWNM1
2025-04-18,573,426,N.A.,N.A.,B07S9JWNM1
2025-04-19,608,375,N.A.,N.A.,B07S9JWNM1
2025-04-20,649,313,N.A.,N.A.,B07S9JWNM1
2025-04-21,663,294,N.A.,N.A.,B07S9JWNM1
2025-04-22,550,490,N.A.,N.A.,B07S9JWNM1
2025-04-23,516,576,4.6,7157,B07S9JWNM1
2025-04-24,524,552,N.A.,N.A.,B07S9JWNM1
2025-04-25,593,402,N.A.,N.A.,B07S9JWNM1
2025-04-26,531,534,N.A.,N.A.,B07S9JWNM1
2025-04-27,539,680,N.A.,N.A.,B07S9JWNM1
2025-04-28,450,996,N.A.,N.A.,B07S9JWNM1
2025-04-29,474,895,N.A.,N.A.,B07S9JWNM1
2025-04-30,697,376,N.A.,N.A.,B07S9JWNM1
2025-05-01,615,505,N.A.,N.A.,B07S9JWNM1
2025-05-02,579,581,N.A.,N.A.,B07S9JWNM1
2025-05-03,539,681,N.A.,N.A.,B07S9JWNM1
2025-05-04,565,613,N.A.,N.A.,B07S9JWNM1
2025-05-05,534,694,N.A.,N.A.,B07S9JWNM1
2025-05-06,735,329,N.A.,N.A.,B07S9JWNM1
2025-05-07,599,537,N.A.,N.A.,B07S9JWNM1
2025-05-08,526,718,N.A.,N.A.,B07S9JWNM1
2025-05-09,463,938,N.A.,N.A.,B07S9JWNM1
2025-05-10,417,1157,N.A.,N.A.,B07S9JWNM1
2025-05-11,382,1374,N.A.,N.A.,B07S9JWNM1
2025-05-12,359,1548,N.A.,N.A.,B07S9JWNM1
2025-05-13,525,720,N.A.,N.A.,B07S9JWNM1
2025-05-14,623,490,N.A.,N.A.,B07S9JWNM1
2025-05-15,565,614,N.A.,N.A.,B07S9JWNM1
2025-02-17,165,3544,N.A.,N.A.,B09XZZH4HF
2025-02-18,162,3655,N.A.,N.A.,B09XZZH4HF
2025-02-19,167,3490,N.A.,N.A.,B09XZZH4HF
2025-02-20,148,4201,N.A.,N.A.,B09XZZH4HF
2025-02-21,143,4430,4.6,2468,B09XZZH4HF
2025-02-22,155,3940,N.A.,N.A.,B09XZZH4HF
2025-02-23,160,4180,N.A.,N.A.,B09XZZH4HF
2025-02-24,179,3488,N.A.,N.A.,B09XZZH4HF
2025-02-25,175,3612,N.A.,N.A.,B09XZZH4HF
2025-02-26,210,2686,N.A.,N.A.,B09XZZH4HF
2025-02-27,204,2815,N.A.,N.A.,B09XZZH4HF
2025-02-28,199,2944,N.A.,N.A.,B09XZZH4HF
2025-03-01,211,2660,N.A.,N.A.,B09XZZH4HF
2025-03-02,206,2781,N.A.,N.A.,B09XZZH4HF
2025-03-03,209,2718,N.A.,N.A.,B09XZZH4HF
2025-03-04,212,2655,N.A.,N.A.,B09XZZH4HF
2025-03-05,222,2445,N.A.,N.A.,B09XZZH4HF
2025-03-06,200,2933,N.A.,N.A.,B09XZZH4HF
2025-03-07,205,2826,N.A.,N.A.,B09XZZH4HF
2025-03-08,195,3097,N.A.,N.A.,B09XZZH4HF
2025-03-09,186,3367,N.A.,N.A.,B09XZZH4HF
2025-03-10,209,2810,N.A.,N.A.,B09XZZH4HF
2025-03-11,223,2563,N.A.,N.A.,B09XZZH4HF
2025-03-12,243,2215,N.A.,N.A.,B09XZZH4HF
2025-03-13,251,2117,N.A.,N.A.,B09XZZH4HF
2025-03-14,262,1999,N.A.,N.A.,B09XZZH4HF
2025-03-15,269,1970,N.A.,N.A.,B09XZZH4HF
2025-03-16,285,1778,N.A.,N.A.,B09XZZH4HF
2025-03-17,291,1743,N.A.,N.A.,B09XZZH4HF
2025-03-18,299,1682,N.A.,N.A.,B09XZZH4HF
2025-03-19,306,1633,N.A.,N.A.,B09XZZH4HF
2025-03-20,299,1713,N.A.,N.A.,B09XZZH4HF
2025-03-21,311,1617,N.A.,N.A.,B09XZZH4HF
2025-03-22,299,1769,N.A.,N.A.,B09XZZH4HF
2025-03-23,303,1730,N.A.,N.A.,B09XZZH4HF
2025-03-24,322,1552,4.6,2522,B09XZZH4HF
2025-03-25,381,1129,N.A.,N.A.,B09XZZH4HF
2025-03-26,597,420,N.A.,N.A.,B09XZZH4HF
2025-03-27,620,381,N.A.,N.A.,B09XZZH4HF
2025-03-28,576,452,N.A.,N.A.,B09XZZH4HF
2025-03-29,558,483,N.A.,N.A.,B09XZZH4HF
2025-03-30,578,444,N.A.,N.A.,B09XZZH4HF
2025-03-31,623,366,N.A.,N.A.,B09XZZH4HF
2025-04-01,634,350,N.A.,N.A.,B09XZZH4HF
2025-04-02,552,497,N.A.,N.A.,B09XZZH4HF
2025-04-03,503,619,N.A.,N.A.,B09XZZH4HF
2025-04-04,457,768,N.A.,N.A.,B09XZZH4HF
2025-04-05,443,824,N.A.,N.A.,B09XZZH4HF
2025-04-06,407,912,N.A.,N.A.,B09XZZH4HF
2025-04-07,390,1008,N.A.,N.A.,B09XZZH4HF
2025-04-08,429,808,N.A.,N.A.,B09XZZH4HF
2025-04-09,427,819,N.A.,N.A.,B09XZZH4HF
2025-04-10,376,1093,N.A.,N.A.,B09XZZH4HF
2025-04-11,387,1023,N.A.,N.A.,B09XZZH4HF
2025-04-12,359,1211,N.A.,N.A.,B09XZZH4HF
2025-04-13,352,1262,N.A.,N.A.,B09XZZH4HF
2025-04-14,406,942,N.A.,N.A.,B09XZZH4HF
2025-04-15,403,966,N.A.,N.A.,B09XZZH4HF
2025-04-16,422,881,N.A.,N.A.,B09XZZH4HF
2025-04-17,387,1075,N.A.,N.A.,B09XZZH4HF
2025-04-18,384,1106,N.A.,N.A.,B09XZZH4HF
2025-04-19,397,1048,N.A.,N.A.,B09XZZH4HF
2025-04-20,393,1071,N.A.,N.A.,B09XZZH4HF
2025-04-21,443,823,N.A.,N.A.,B09XZZH4HF
2025-04-22,449,801,N.A.,N.A.,B09XZZH4HF
2025-04-23,454,781,N.A.,N.A.,B09XZZH4HF
2025-04-24,478,692,4.6,2619,B09XZZH4HF
2025-04-25,442,830,N.A.,N.A.,B09XZZH4HF
2025-04-26,366,1244,N.A.,N.A.,B09XZZH4HF
2025-04-27,456,968,N.A.,N.A.,B09XZZH4HF
2025-04-28,506,779,N.A.,N.A.,B09XZZH4HF
2025-04-29,533,698,N.A.,N.A.,B09XZZH4HF
2025-04-30,569,603,N.A.,N.A.,B09XZZH4HF
2025-05-01,537,687,N.A.,N.A.,B09XZZH4HF
2025-05-02,532,700,N.A.,N.A.,B09XZZH4HF
2025-05-03,534,694,N.A.,N.A.,B09XZZH4HF
2025-05-04,538,684,N.A.,N.A.,B09XZZH4HF
2025-05-05,538,684,N.A.,N.A.,B09XZZH4HF
2025-05-06,562,621,N.A.,N.A.,B09XZZH4HF
2025-05-07,562,621,N.A.,N.A.,B09XZZH4HF
2025-05-08,568,606,N.A.,N.A.,B09XZZH4HF
2025-05-09,561,623,N.A.,N.A.,B09XZZH4HF
2025-05-10,550,652,N.A.,N.A.,B09XZZH4HF
2025-05-11,545,663,N.A.,N.A.,B09XZZH4HF
2025-05-12,570,602,N.A.,N.A.,B09XZZH4HF
2025-05-13,604,528,N.A.,N.A.,B09XZZH4HF
2025-05-14,622,492,N.A.,N.A.,B09XZZH4HF
2025-05-15,623,490,N.A.,N.A.,B09XZZH4HF
2025-02-17,1685,6,N.A.,N.A.,B076142XF4
2025-02-18,1793,5,N.A.,N.A.,B076142XF4
2025-02-19,1793,5,N.A.,N.A.,B076142XF4
2025-02-20,1931,4,N.A.,N.A.,B076142XF4
2025-02-21,1931,4,4.6,112498,B076142XF4
2025-02-22,1931,4,N.A.,N.A.,B076142XF4
2025-02-23,1932,4,N.A.,N.A.,B076142XF4
2025-02-24,1605,7,N.A.,N.A.,B076142XF4
2025-02-25,1811,5,N.A.,N.A.,B076142XF4
2025-02-26,1958,4,N.A.,N.A.,B076142XF4
2025-02-27,1708,6,N.A.,N.A.,B076142XF4
2025-02-28,1714,6,4.6,112588,B076142XF4
2025-03-01,1724,6,N.A.,N.A.,B076142XF4
2025-03-02,1724,6,N.A.,N.A.,B076142XF4
2025-03-03,1631,7,N.A.,N.A.,B076142XF4
2025-03-04,1631,7,N.A.,N.A.,B076142XF4
2025-03-05,1631,7,N.A.,N.A.,B076142XF4
2025-03-06,1724,6,N.A.,N.A.,B076142XF4
2025-03-07,1724,6,N.A.,N.A.,B076142XF4
2025-03-08,1724,6,4.6,112686,B076142XF4
2025-03-09,1606,5,N.A.,N.A.,B076142XF4
2025-03-10,1719,4,N.A.,N.A.,B076142XF4
2025-03-11,1719,4,N.A.,N.A.,B076142XF4
2025-03-12,1870,3,N.A.,N.A.,B076142XF4
2025-03-13,1606,5,N.A.,N.A.,B076142XF4
2025-03-14,1606,5,N.A.,N.A.,B076142XF4
2025-03-15,1606,5,N.A.,N.A.,B076142XF4
2025-03-16,1606,5,4.6,112787,B076142XF4
2025-03-17,1644,5,N.A.,N.A.,B076142XF4
2025-03-18,1784,4,N.A.,N.A.,B076142XF4
2025-03-19,1587,6,N.A.,N.A.,B076142XF4
2025-03-20,1817,4,N.A.,N.A.,B076142XF4
2025-03-21,1719,5,N.A.,N.A.,B076142XF4
2025-03-22,1756,5,N.A.,N.A.,B076142XF4
2025-03-23,1658,6,4.6,112885,B076142XF4
2025-03-24,1508,8,N.A.,N.A.,B076142XF4
2025-03-25,1449,9,N.A.,N.A.,B076142XF4
2025-03-26,1449,9,N.A.,N.A.,B076142XF4
2025-03-27,1449,9,N.A.,N.A.,B076142XF4
2025-03-28,1508,8,N.A.,N.A.,B076142XF4
2025-03-29,1508,8,N.A.,N.A.,B076142XF4
2025-03-30,1097,10,N.A.,N.A.,B076142XF4
2025-03-31,1097,10,4.6,113004,B076142XF4
2025-04-01,1067,11,N.A.,N.A.,B076142XF4
2025-04-02,1169,8,N.A.,N.A.,B076142XF4
2025-04-03,1169,8,N.A.,N.A.,B076142XF4
2025-04-04,1213,7,N.A.,N.A.,B076142XF4
2025-04-05,1213,7,N.A.,N.A.,B076142XF4
2025-04-06,1131,9,N.A.,N.A.,B076142XF4
2025-04-07,1067,11,N.A.,N.A.,B076142XF4
2025-04-08,1040,12,N.A.,N.A.,B076142XF4
2025-04-09,1015,13,N.A.,N.A.,B076142XF4
2025-04-10,1040,12,N.A.,N.A.,B076142XF4
2025-04-11,1040,12,N.A.,N.A.,B076142XF4
2025-04-12,1097,10,N.A.,N.A.,B076142XF4
2025-04-13,1032,13,N.A.,N.A.,B076142XF4
2025-04-14,946,18,N.A.,N.A.,B076142XF4
2025-04-15,1041,14,4.6,113205,B076142XF4
2025-04-16,1082,13,N.A.,N.A.,B076142XF4
2025-04-17,1098,13,N.A.,N.A.,B076142XF4
2025-04-18,1115,13,N.A.,N.A.,B076142XF4
2025-04-19,1132,13,N.A.,N.A.,B076142XF4
2025-04-20,1248,10,N.A.,N.A.,B076142XF4
2025-04-21,1195,12,N.A.,N.A.,B076142XF4
2025-04-22,1247,11,N.A.,N.A.,B076142XF4
2025-04-23,1304,10,4.6,113308,B076142XF4
2025-04-24,1419,8,N.A.,N.A.,B076142XF4
2025-04-25,1572,6,N.A.,N.A.,B076142XF4
2025-04-26,1523,7,N.A.,N.A.,B076142XF4
2025-04-27,1482,8,N.A.,N.A.,B076142XF4
2025-04-28,1264,13,N.A.,N.A.,B076142XF4
2025-04-29,1380,10,N.A.,N.A.,B076142XF4
2025-04-30,1427,9,4.6,113416,B076142XF4
2025-05-01,1482,8,N.A.,N.A.,B076142XF4
2025-05-02,1545,7,N.A.,N.A.,B076142XF4
2025-05-03,1620,6,N.A.,N.A.,B076142XF4
2025-05-04,1620,6,N.A.,N.A.,B076142XF4
2025-05-05,1482,8,N.A.,N.A.,B076142XF4
2025-05-06,1482,8,N.A.,N.A.,B076142XF4
2025-05-07,1427,9,N.A.,N.A.,B076142XF4
2025-05-08,1545,7,4.6,113529,B076142XF4
2025-05-09,1620,6,N.A.,N.A.,B076142XF4
2025-05-10,1620,6,N.A.,N.A.,B076142XF4
2025-05-11,1427,9,N.A.,N.A.,B076142XF4
2025-05-12,1380,10,N.A.,N.A.,B076142XF4
2025-05-13,1545,7,N.A.,N.A.,B076142XF4
2025-05-14,1482,8,N.A.,N.A.,B076142XF4
2025-05-15,1482,8,4.6,113628,B076142XF4
2025-02-17,25,42004,N.A.,N.A.,B07QL31TRK
2025-02-18,27,38788,N.A.,N.A.,B07QL31TRK
2025-02-19,22,48030,N.A.,N.A.,B07QL31TRK
2025-02-20,32,33024,N.A.,N.A.,B07QL31TRK
2025-02-21,37,28238,N.A.,N.A.,B07QL31TRK
2025-02-22,38,27400,N.A.,N.A.,B07QL31TRK
2025-02-23,36,28880,4.7,1054,B07QL31TRK
2025-02-24,34,30629,N.A.,N.A.,B07QL31TRK
2025-02-25,33,32377,N.A.,N.A.,B07QL31TRK
2025-02-26,29,36293,N.A.,N.A.,B07QL31TRK
2025-02-27,33,32280,N.A.,N.A.,B07QL31TRK
2025-02-28,36,29395,N.A.,N.A.,B07QL31TRK
2025-03-01,39,26511,N.A.,N.A.,B07QL31TRK
2025-03-02,44,23626,N.A.,N.A.,B07QL31TRK
2025-03-03,44,23915,4.7,1052,B07QL31TRK
2025-03-04,40,26350,N.A.,N.A.,B07QL31TRK
2025-03-05,44,23975,N.A.,N.A.,B07QL31TRK
2025-03-06,38,27760,N.A.,N.A.,B07QL31TRK
2025-03-07,39,26861,N.A.,N.A.,B07QL31TRK
2025-03-08,45,23129,N.A.,N.A.,B07QL31TRK
2025-03-09,41,25564,N.A.,N.A.,B07QL31TRK
2025-03-10,41,25611,N.A.,N.A.,B07QL31TRK
2025-03-11,41,25658,4.7,1055,B07QL31TRK
2025-03-12,43,24394,N.A.,N.A.,B07QL31TRK
2025-03-13,52,19636,N.A.,N.A.,B07QL31TRK
2025-03-14,44,23560,N.A.,N.A.,B07QL31TRK
2025-03-15,39,26854,N.A.,N.A.,B07QL31TRK
2025-03-16,39,27100,N.A.,N.A.,B07QL31TRK
2025-03-17,44,24253,N.A.,N.A.,B07QL31TRK
2025-03-18,45,23738,4.7,1057,B07QL31TRK
2025-03-19,43,25363,N.A.,N.A.,B07QL31TRK
2025-03-20,53,20066,N.A.,N.A.,B07QL31TRK
2025-03-21,54,19926,N.A.,N.A.,B07QL31TRK
2025-03-22,50,21734,N.A.,N.A.,B07QL31TRK
2025-03-23,49,22290,N.A.,N.A.,B07QL31TRK
2025-03-24,57,19205,N.A.,N.A.,B07QL31TRK
2025-03-25,61,17765,N.A.,N.A.,B07QL31TRK
2025-03-26,71,14968,4.7,1059,B07QL31TRK
2025-03-27,79,13183,N.A.,N.A.,B07QL31TRK
2025-03-28,89,11479,N.A.,N.A.,B07QL31TRK
2025-03-29,90,11493,N.A.,N.A.,B07QL31TRK
2025-03-30,89,11580,N.A.,N.A.,B07QL31TRK
2025-03-31,92,11147,N.A.,N.A.,B07QL31TRK
2025-04-01,96,10451,N.A.,N.A.,B07QL31TRK
2025-04-02,74,14317,N.A.,N.A.,B07QL31TRK
2025-04-03,51,21898,4.7,1060,B07QL31TRK
2025-04-04,47,23901,N.A.,N.A.,B07QL31TRK
2025-04-05,47,23690,N.A.,N.A.,B07QL31TRK
2025-04-06,51,21758,N.A.,N.A.,B07QL31TRK
2025-04-07,56,19647,N.A.,N.A.,B07QL31TRK
2025-04-08,60,18208,N.A.,N.A.,B07QL31TRK
2025-04-09,47,23639,N.A.,N.A.,B07QL31TRK
2025-04-10,55,20151,4.7,1060,B07QL31TRK
2025-04-11,49,22972,N.A.,N.A.,B07QL31TRK
2025-04-12,61,17688,N.A.,N.A.,B07QL31TRK
2025-04-13,70,15317,N.A.,N.A.,B07QL31TRK
2025-04-14,86,12017,N.A.,N.A.,B07QL31TRK
2025-04-15,80,13276,N.A.,N.A.,B07QL31TRK
2025-04-16,86,12217,N.A.,N.A.,B07QL31TRK
2025-04-17,81,13169,N.A.,N.A.,B07QL31TRK
2025-04-18,77,14062,4.8,1070,B07QL31TRK
2025-04-19,77,13975,N.A.,N.A.,B07QL31TRK
2025-04-20,61,18502,N.A.,N.A.,B07QL31TRK
2025-04-21,71,15691,N.A.,N.A.,B07QL31TRK
2025-04-22,69,16226,N.A.,N.A.,B07QL31TRK
2025-04-23,61,18721,N.A.,N.A.,B07QL31TRK
2025-04-24,57,20283,N.A.,N.A.,B07QL31TRK
2025-04-25,53,21861,N.A.,N.A.,B07QL31TRK
2025-04-26,46,25665,4.7,1074,B07QL31TRK
2025-04-27,46,25553,N.A.,N.A.,B07QL31TRK
2025-04-28,58,20216,N.A.,N.A.,B07QL31TRK
2025-04-29,64,18504,N.A.,N.A.,B07QL31TRK
2025-04-30,59,20509,N.A.,N.A.,B07QL31TRK
2025-05-01,61,19973,N.A.,N.A.,B07QL31TRK
2025-05-02,67,18248,N.A.,N.A.,B07QL31TRK
2025-05-03,59,21821,N.A.,N.A.,B07QL31TRK
2025-05-04,72,17354,4.8,1082,B07QL31TRK
2025-05-05,85,14404,N.A.,N.A.,B07QL31TRK
2025-05-06,92,13208,N.A.,N.A.,B07QL31TRK
2025-05-07,99,12160,N.A.,N.A.,B07QL31TRK
2025-05-08,111,10625,N.A.,N.A.,B07QL31TRK
2025-05-09,109,10798,N.A.,N.A.,B07QL31TRK
2025-05-10,108,10970,N.A.,N.A.,B07QL31TRK
2025-05-11,125,9187,4.8,1085,B07QL31TRK
2025-05-12,108,10914,N.A.,N.A.,B07QL31TRK
2025-05-13,97,12444,N.A.,N.A.,B07QL31TRK
2025-05-14,98,12260,N.A.,N.A.,B07QL31TRK
2025-05-15,92,13193,N.A.,N.A.,B07QL31TRK
2025-02-17,756,140,N.A.,N.A.,B0C6QBC9YJ
2025-02-18,777,129,N.A.,N.A.,B0C6QBC9YJ
2025-02-19,745,146,N.A.,N.A.,B0C6QBC9YJ
2025-02-20,717,163,N.A.,N.A.,B0C6QBC9YJ
2025-02-21,705,171,4.6,1110,B0C6QBC9YJ
2025-02-22,652,213,N.A.,N.A.,B0C6QBC9YJ
2025-02-23,672,220,N.A.,N.A.,B0C6QBC9YJ
2025-02-24,696,199,N.A.,N.A.,B0C6QBC9YJ
2025-02-25,753,159,N.A.,N.A.,B0C6QBC9YJ
2025-02-26,708,190,N.A.,N.A.,B0C6QBC9YJ
2025-02-27,751,160,N.A.,N.A.,B0C6QBC9YJ
2025-02-28,705,192,N.A.,N.A.,B0C6QBC9YJ
2025-03-01,669,223,4.6,1122,B0C6QBC9YJ
2025-03-02,685,208,N.A.,N.A.,B0C6QBC9YJ
2025-03-03,694,193,N.A.,N.A.,B0C6QBC9YJ
2025-03-04,706,179,N.A.,N.A.,B0C6QBC9YJ
2025-03-05,711,172,N.A.,N.A.,B0C6QBC9YJ
2025-03-06,685,189,N.A.,N.A.,B0C6QBC9YJ
2025-03-07,661,204,N.A.,N.A.,B0C6QBC9YJ
2025-03-08,650,206,4.6,1152,B0C6QBC9YJ
2025-03-09,640,216,N.A.,N.A.,B0C6QBC9YJ
2025-03-10,739,159,N.A.,N.A.,B0C6QBC9YJ
2025-03-11,823,124,N.A.,N.A.,B0C6QBC9YJ
2025-03-12,840,123,N.A.,N.A.,B0C6QBC9YJ
2025-03-13,867,118,N.A.,N.A.,B0C6QBC9YJ
2025-03-14,858,132,N.A.,N.A.,B0C6QBC9YJ
2025-03-15,879,139,N.A.,N.A.,B0C6QBC9YJ
2025-03-16,832,163,4.6,1197,B0C6QBC9YJ
2025-03-17,874,146,N.A.,N.A.,B0C6QBC9YJ
2025-03-18,847,163,N.A.,N.A.,B0C6QBC9YJ
2025-03-19,876,150,N.A.,N.A.,B0C6QBC9YJ
2025-03-20,822,182,N.A.,N.A.,B0C6QBC9YJ
2025-03-21,917,136,N.A.,N.A.,B0C6QBC9YJ
2025-03-22,876,160,N.A.,N.A.,B0C6QBC9YJ
2025-03-23,806,202,N.A.,N.A.,B0C6QBC9YJ
2025-03-24,772,221,4.6,1274,B0C6QBC9YJ
2025-03-25,888,146,N.A.,N.A.,B0C6QBC9YJ
2025-03-26,779,210,N.A.,N.A.,B0C6QBC9YJ
2025-03-27,752,229,N.A.,N.A.,B0C6QBC9YJ
2025-03-28,733,242,N.A.,N.A.,B0C6QBC9YJ
2025-03-29,708,260,N.A.,N.A.,B0C6QBC9YJ
2025-03-30,671,302,N.A.,N.A.,B0C6QBC9YJ
2025-03-31,686,284,4.6,1319,B0C6QBC9YJ
2025-04-01,700,269,N.A.,N.A.,B0C6QBC9YJ
2025-04-02,753,219,N.A.,N.A.,B0C6QBC9YJ
2025-04-03,788,192,N.A.,N.A.,B0C6QBC9YJ
2025-04-04,825,167,N.A.,N.A.,B0C6QBC9YJ
2025-04-05,747,224,N.A.,N.A.,B0C6QBC9YJ
2025-04-06,669,238,N.A.,N.A.,B0C6QBC9YJ
2025-04-07,665,243,4.6,1359,B0C6QBC9YJ
2025-04-08,666,242,N.A.,N.A.,B0C6QBC9YJ
2025-04-09,672,235,N.A.,N.A.,B0C6QBC9YJ
2025-04-10,649,263,N.A.,N.A.,B0C6QBC9YJ
2025-04-11,641,273,N.A.,N.A.,B0C6QBC9YJ
2025-04-12,608,321,N.A.,N.A.,B0C6QBC9YJ
2025-04-13,579,370,N.A.,N.A.,B0C6QBC9YJ
2025-04-14,663,258,N.A.,N.A.,B0C6QBC9YJ
2025-04-15,719,205,4.6,1403,B0C6QBC9YJ
2025-04-16,734,196,N.A.,N.A.,B0C6QBC9YJ
2025-04-17,750,186,N.A.,N.A.,B0C6QBC9YJ
2025-04-18,760,184,N.A.,N.A.,B0C6QBC9YJ
2025-04-19,746,205,N.A.,N.A.,B0C6QBC9YJ
2025-04-20,713,236,N.A.,N.A.,B0C6QBC9YJ
2025-04-21,728,222,N.A.,N.A.,B0C6QBC9YJ
2025-04-22,683,269,N.A.,N.A.,B0C6QBC9YJ
2025-04-23,690,261,4.6,1446,B0C6QBC9YJ
2025-04-24,636,331,N.A.,N.A.,B0C6QBC9YJ
2025-04-25,657,302,N.A.,N.A.,B0C6QBC9YJ
2025-04-26,680,273,N.A.,N.A.,B0C6QBC9YJ
2025-04-27,696,377,N.A.,N.A.,B0C6QBC9YJ
2025-04-28,701,370,N.A.,N.A.,B0C6QBC9YJ
2025-04-29,760,302,N.A.,N.A.,B0C6QBC9YJ
2025-04-30,737,327,4.6,1525,B0C6QBC9YJ
2025-05-01,740,324,N.A.,N.A.,B0C6QBC9YJ
2025-05-02,738,326,N.A.,N.A.,B0C6QBC9YJ
2025-05-03,704,366,N.A.,N.A.,B0C6QBC9YJ
2025-05-04,674,407,N.A.,N.A.,B0C6QBC9YJ
2025-05-05,694,380,N.A.,N.A.,B0C6QBC9YJ
2025-05-06,777,286,N.A.,N.A.,B0C6QBC9YJ
2025-05-07,730,335,N.A.,N.A.,B0C6QBC9YJ
2025-05-08,706,364,4.6,1569,B0C6QBC9YJ
2025-05-09,683,395,N.A.,N.A.,B0C6QBC9YJ
2025-05-10,642,457,N.A.,N.A.,B0C6QBC9YJ
2025-05-11,631,476,N.A.,N.A.,B0C6QBC9YJ
2025-05-12,612,512,N.A.,N.A.,B0C6QBC9YJ
2025-05-13,753,310,N.A.,N.A.,B0C6QBC9YJ
2025-05-14,834,237,N.A.,N.A.,B0C6QBC9YJ
2025-05-15,719,348,4.6,1612,B0C6QBC9YJ
2025-02-17,175,3246,N.A.,N.A.,B0CBJVCJ32
2025-02-18,193,2767,N.A.,N.A.,B0CBJVCJ32
2025-02-19,199,2619,N.A.,N.A.,B0CBJVCJ32
2025-02-20,181,3074,4.5,313,B0CBJVCJ32
2025-02-21,169,3412,N.A.,N.A.,B0CBJVCJ32
2025-02-22,171,3348,N.A.,N.A.,B0CBJVCJ32
2025-02-23,193,3089,N.A.,N.A.,B0CBJVCJ32
2025-02-24,189,3187,N.A.,N.A.,B0CBJVCJ32
2025-02-25,197,2981,N.A.,N.A.,B0CBJVCJ32
2025-02-26,197,2995,N.A.,N.A.,B0CBJVCJ32
2025-02-27,198,2966,N.A.,N.A.,B0CBJVCJ32
2025-02-28,199,2937,N.A.,N.A.,B0CBJVCJ32
2025-03-01,206,2781,N.A.,N.A.,B0CBJVCJ32
2025-03-02,191,3138,N.A.,N.A.,B0CBJVCJ32
2025-03-03,194,3089,N.A.,N.A.,B0CBJVCJ32
2025-03-04,208,2748,N.A.,N.A.,B0CBJVCJ32
2025-03-05,207,2763,N.A.,N.A.,B0CBJVCJ32
2025-03-06,203,2858,N.A.,N.A.,B0CBJVCJ32
2025-03-07,205,2825,N.A.,N.A.,B0CBJVCJ32
2025-03-08,178,3609,N.A.,N.A.,B0CBJVCJ32
2025-03-09,169,3923,N.A.,N.A.,B0CBJVCJ32
2025-03-10,175,3774,N.A.,N.A.,B0CBJVCJ32
2025-03-11,207,2895,N.A.,N.A.,B0CBJVCJ32
2025-03-12,179,3726,N.A.,N.A.,B0CBJVCJ32
2025-03-13,203,3063,N.A.,N.A.,B0CBJVCJ32
2025-03-14,187,3541,N.A.,N.A.,B0CBJVCJ32
2025-03-15,186,3621,N.A.,N.A.,B0CBJVCJ32
2025-03-16,186,3618,N.A.,N.A.,B0CBJVCJ32
2025-03-17,193,3488,N.A.,N.A.,B0CBJVCJ32
2025-03-18,184,3816,N.A.,N.A.,B0CBJVCJ32
2025-03-19,189,3673,N.A.,N.A.,B0CBJVCJ32
2025-03-20,202,3326,N.A.,N.A.,B0CBJVCJ32
2025-03-21,185,3858,N.A.,N.A.,B0CBJVCJ32
2025-03-22,177,4220,N.A.,N.A.,B0CBJVCJ32
2025-03-23,155,5142,4.6,339,B0CBJVCJ32
2025-03-24,165,4749,N.A.,N.A.,B0CBJVCJ32
2025-03-25,187,3947,N.A.,N.A.,B0CBJVCJ32
2025-03-26,162,4935,N.A.,N.A.,B0CBJVCJ32
2025-03-27,139,6167,N.A.,N.A.,B0CBJVCJ32
2025-03-28,147,5749,N.A.,N.A.,B0CBJVCJ32
2025-03-29,130,6933,N.A.,N.A.,B0CBJVCJ32
2025-03-30,120,7695,N.A.,N.A.,B0CBJVCJ32
2025-03-31,122,7522,N.A.,N.A.,B0CBJVCJ32
2025-04-01,113,8362,N.A.,N.A.,B0CBJVCJ32
2025-04-02,118,7889,N.A.,N.A.,B0CBJVCJ32
2025-04-03,115,8219,N.A.,N.A.,B0CBJVCJ32
2025-04-04,113,8443,N.A.,N.A.,B0CBJVCJ32
2025-04-05,122,7544,N.A.,N.A.,B0CBJVCJ32
2025-04-06,120,7880,N.A.,N.A.,B0CBJVCJ32
2025-04-07,140,6338,N.A.,N.A.,B0CBJVCJ32
2025-04-08,141,6294,N.A.,N.A.,B0CBJVCJ32
2025-04-09,141,6287,N.A.,N.A.,B0CBJVCJ32
2025-04-10,147,5922,N.A.,N.A.,B0CBJVCJ32
2025-04-11,161,5158,N.A.,N.A.,B0CBJVCJ32
2025-04-12,177,4445,N.A.,N.A.,B0CBJVCJ32
2025-04-13,164,4991,N.A.,N.A.,B0CBJVCJ32
2025-04-14,160,5206,N.A.,N.A.,B0CBJVCJ32
2025-04-15,181,4307,N.A.,N.A.,B0CBJVCJ32
2025-04-16,204,3571,N.A.,N.A.,B0CBJVCJ32
2025-04-17,219,3177,N.A.,N.A.,B0CBJVCJ32
2025-04-18,231,2909,N.A.,N.A.,B0CBJVCJ32
2025-04-19,215,3290,N.A.,N.A.,B0CBJVCJ32
2025-04-20,223,3110,N.A.,N.A.,B0CBJVCJ32
2025-04-21,214,3314,N.A.,N.A.,B0CBJVCJ32
2025-04-22,245,2640,N.A.,N.A.,B0CBJVCJ32
2025-04-23,237,2810,4.6,380,B0CBJVCJ32
2025-04-24,244,2673,N.A.,N.A.,B0CBJVCJ32
2025-04-25,231,2935,N.A.,N.A.,B0CBJVCJ32
2025-04-26,219,3197,N.A.,N.A.,B0CBJVCJ32
2025-04-27,225,3459,N.A.,N.A.,B0CBJVCJ32
2025-04-28,219,3609,N.A.,N.A.,B0CBJVCJ32
2025-04-29,239,3127,N.A.,N.A.,B0CBJVCJ32
2025-04-30,237,3185,N.A.,N.A.,B0CBJVCJ32
2025-05-01,238,3159,N.A.,N.A.,B0CBJVCJ32
2025-05-02,239,3132,N.A.,N.A.,B0CBJVCJ32
2025-05-03,230,3343,N.A.,N.A.,B0CBJVCJ32
2025-05-04,227,3399,N.A.,N.A.,B0CBJVCJ32
2025-05-05,255,2824,N.A.,N.A.,B0CBJVCJ32
2025-05-06,243,3047,N.A.,N.A.,B0CBJVCJ32
2025-05-07,248,2959,N.A.,N.A.,B0CBJVCJ32
2025-05-08,262,2690,N.A.,N.A.,B0CBJVCJ32
2025-05-09,269,2579,N.A.,N.A.,B0CBJVCJ32
2025-05-10,258,2770,N.A.,N.A.,B0CBJVCJ32
2025-05-11,208,3913,N.A.,N.A.,B0CBJVCJ32
2025-05-12,223,3505,N.A.,N.A.,B0CBJVCJ32
2025-05-13,250,2912,N.A.,N.A.,B0CBJVCJ32
2025-05-14,271,2540,N.A.,N.A.,B0CBJVCJ32
2025-05-15,247,2965,N.A.,N.A.,B0CBJVCJ32
2025-02-17,195,2715,N.A.,N.A.,B0B81G26GH
2025-02-18,202,2558,N.A.,N.A.,B0B81G26GH
2025-02-19,219,2219,N.A.,N.A.,B0B81G26GH
2025-02-20,200,2608,N.A.,N.A.,B0B81G26GH
2025-02-21,196,2689,4.6,751,B0B81G26GH
2025-02-22,185,2964,N.A.,N.A.,B0B81G26GH
2025-02-23,203,2850,N.A.,N.A.,B0B81G26GH
2025-02-24,229,2306,N.A.,N.A.,B0B81G26GH
2025-02-25,240,2131,N.A.,N.A.,B0B81G26GH
2025-02-26,241,2109,N.A.,N.A.,B0B81G26GH
2025-02-27,244,2058,N.A.,N.A.,B0B81G26GH
2025-02-28,238,2163,N.A.,N.A.,B0B81G26GH
2025-03-01,215,2571,N.A.,N.A.,B0B81G26GH
2025-03-02,237,2174,N.A.,N.A.,B0B81G26GH
2025-03-03,265,1771,N.A.,N.A.,B0B81G26GH
2025-03-04,248,1998,N.A.,N.A.,B0B81G26GH
2025-03-05,265,1775,N.A.,N.A.,B0B81G26GH
2025-03-06,255,1901,N.A.,N.A.,B0B81G26GH
2025-03-07,259,1845,N.A.,N.A.,B0B81G26GH
2025-03-08,236,2210,N.A.,N.A.,B0B81G26GH
2025-03-09,242,2097,N.A.,N.A.,B0B81G26GH
2025-03-10,255,1972,N.A.,N.A.,B0B81G26GH
2025-03-11,258,1970,N.A.,N.A.,B0B81G26GH
2025-03-12,277,1754,N.A.,N.A.,B0B81G26GH
2025-03-13,269,1875,N.A.,N.A.,B0B81G26GH
2025-03-14,290,1657,N.A.,N.A.,B0B81G26GH
2025-03-15,303,1591,N.A.,N.A.,B0B81G26GH
2025-03-16,285,1772,N.A.,N.A.,B0B81G26GH
2025-03-17,299,1662,N.A.,N.A.,B0B81G26GH
2025-03-18,334,1374,N.A.,N.A.,B0B81G26GH
2025-03-19,322,1487,N.A.,N.A.,B0B81G26GH
2025-03-20,339,1356,N.A.,N.A.,B0B81G26GH
2025-03-21,318,1552,N.A.,N.A.,B0B81G26GH
2025-03-22,314,1621,N.A.,N.A.,B0B81G26GH
2025-03-23,312,1643,N.A.,N.A.,B0B81G26GH
2025-03-24,317,1604,4.6,800,B0B81G26GH
2025-03-25,353,1308,N.A.,N.A.,B0B81G26GH
2025-03-26,459,767,N.A.,N.A.,B0B81G26GH
2025-03-27,450,800,N.A.,N.A.,B0B81G26GH
2025-03-28,457,773,N.A.,N.A.,B0B81G26GH
2025-03-29,448,805,N.A.,N.A.,B0B81G26GH
2025-03-30,457,767,N.A.,N.A.,B0B81G26GH
2025-03-31,467,734,N.A.,N.A.,B0B81G26GH
2025-04-01,520,572,N.A.,N.A.,B0B81G26GH
2025-04-02,437,847,N.A.,N.A.,B0B81G26GH
2025-04-03,426,896,N.A.,N.A.,B0B81G26GH
2025-04-04,381,1130,N.A.,N.A.,B0B81G26GH
2025-04-05,393,1062,N.A.,N.A.,B0B81G26GH
2025-04-06,346,1311,N.A.,N.A.,B0B81G26GH
2025-04-07,363,1178,N.A.,N.A.,B0B81G26GH
2025-04-08,363,1177,N.A.,N.A.,B0B81G26GH
2025-04-09,354,1243,N.A.,N.A.,B0B81G26GH
2025-04-10,361,1197,N.A.,N.A.,B0B81G26GH
2025-04-11,337,1386,N.A.,N.A.,B0B81G26GH
2025-04-12,349,1286,N.A.,N.A.,B0B81G26GH
2025-04-13,324,1501,N.A.,N.A.,B0B81G26GH
2025-04-14,333,1440,N.A.,N.A.,B0B81G26GH
2025-04-15,358,1249,N.A.,N.A.,B0B81G26GH
2025-04-16,387,1069,N.A.,N.A.,B0B81G26GH
2025-04-17,369,1190,N.A.,N.A.,B0B81G26GH
2025-04-18,364,1240,N.A.,N.A.,B0B81G26GH
2025-04-19,360,1286,N.A.,N.A.,B0B81G26GH
2025-04-20,355,1325,N.A.,N.A.,B0B81G26GH
2025-04-21,365,1252,N.A.,N.A.,B0B81G26GH
2025-04-22,402,1024,N.A.,N.A.,B0B81G26GH
2025-04-23,411,972,4.6,851,B0B81G26GH
2025-04-24,413,962,N.A.,N.A.,B0B81G26GH
2025-04-25,414,960,N.A.,N.A.,B0B81G26GH
2025-04-26,8,130067,N.A.,N.A.,B0B81G26GH
2025-04-27,379,1394,N.A.,N.A.,B0B81G26GH
2025-04-28,409,1206,N.A.,N.A.,B0B81G26GH
2025-04-29,442,1033,N.A.,N.A.,B0B81G26GH
2025-04-30,460,952,N.A.,N.A.,B0B81G26GH
2025-05-01,448,1004,N.A.,N.A.,B0B81G26GH
2025-05-02,453,980,N.A.,N.A.,B0B81G26GH
2025-05-03,412,1184,N.A.,N.A.,B0B81G26GH
2025-05-04,392,1306,N.A.,N.A.,B0B81G26GH
2025-05-05,397,1278,N.A.,N.A.,B0B81G26GH
2025-05-06,383,1368,N.A.,N.A.,B0B81G26GH
2025-05-07,408,1209,N.A.,N.A.,B0B81G26GH
2025-05-08,462,942,N.A.,N.A.,B0B81G26GH
2025-05-09,449,1000,N.A.,N.A.,B0B81G26GH
2025-05-10,408,1207,N.A.,N.A.,B0B81G26GH
2025-05-11,375,1421,N.A.,N.A.,B0B81G26GH
2025-05-12,417,1157,N.A.,N.A.,B0B81G26GH
2025-05-13,456,968,N.A.,N.A.,B0B81G26GH
2025-05-14,479,874,N.A.,N.A.,B0B81G26GH
2025-05-15,472,901,N.A.,N.A.,B0B81G26GH
2025-02-17,4,4658,N.A.,N.A.,B0DBX5VKLH
2025-02-18,3,5880,N.A.,N.A.,B0DBX5VKLH
2025-02-19,4,5710,N.A.,N.A.,B0DBX5VKLH
2025-02-20,3,7218,N.A.,N.A.,B0DBX5VKLH
2025-02-21,1,13457,N.A.,N.A.,B0DBX5VKLH
2025-02-22,1,13889,N.A.,N.A.,B0DBX5VKLH
2025-02-23,1,14320,N.A.,N.A.,B0DBX5VKLH
2025-02-24,1,14752,N.A.,N.A.,B0DBX5VKLH
2025-02-25,1,15184,N.A.,N.A.,B0DBX5VKLH
2025-02-26,1,15616,N.A.,N.A.,B0DBX5VKLH
2025-02-27,1,16047,N.A.,N.A.,B0DBX5VKLH
2025-02-28,1,16479,5,2,B0DBX5VKLH
2025-03-01,1,17095,N.A.,N.A.,B0DBX5VKLH
2025-03-02,1,17711,N.A.,N.A.,B0DBX5VKLH
2025-03-03,1,18327,N.A.,N.A.,B0DBX5VKLH
2025-03-04,1,18944,N.A.,N.A.,B0DBX5VKLH
2025-03-05,1,19560,N.A.,N.A.,B0DBX5VKLH
2025-03-06,1,20176,N.A.,N.A.,B0DBX5VKLH
2025-03-07,1,20792,N.A.,N.A.,B0DBX5VKLH
2025-03-08,1,22535,N.A.,N.A.,B0DBX5VKLH
2025-03-09,1,24279,N.A.,N.A.,B0DBX5VKLH
2025-03-10,1,26022,N.A.,N.A.,B0DBX5VKLH
2025-03-11,1,27765,N.A.,N.A.,B0DBX5VKLH
2025-03-12,0,29508,N.A.,N.A.,B0DBX5VKLH
2025-03-13,0,31252,N.A.,N.A.,B0DBX5VKLH
2025-03-14,0,32995,N.A.,N.A.,B0DBX5VKLH
2025-03-15,0,31326,N.A.,N.A.,B0DBX5VKLH
2025-03-16,0,29656,N.A.,N.A.,B0DBX5VKLH
2025-03-17,1,27987,N.A.,N.A.,B0DBX5VKLH
2025-03-18,1,26317,N.A.,N.A.,B0DBX5VKLH
2025-03-19,1,24648,N.A.,N.A.,B0DBX5VKLH
2025-03-20,1,22978,N.A.,N.A.,B0DBX5VKLH
2025-03-21,1,21309,N.A.,N.A.,B0DBX5VKLH
2025-03-22,1,19652,N.A.,N.A.,B0DBX5VKLH
2025-03-23,1,17994,N.A.,N.A.,B0DBX5VKLH
2025-03-24,1,16337,N.A.,N.A.,B0DBX5VKLH
2025-03-25,1,14680,N.A.,N.A.,B0DBX5VKLH
2025-03-26,1,13023,N.A.,N.A.,B0DBX5VKLH
2025-03-27,2,11365,N.A.,N.A.,B0DBX5VKLH
2025-03-28,2,9708,N.A.,N.A.,B0DBX5VKLH
2025-03-29,4,5686,N.A.,N.A.,B0DBX5VKLH
2025-03-30,2,10345,5,3,B0DBX5VKLH
2025-03-31,1,12391,N.A.,N.A.,B0DBX5VKLH
2025-04-01,1,12815,N.A.,N.A.,B0DBX5VKLH
2025-04-02,1,13239,N.A.,N.A.,B0DBX5VKLH
2025-04-03,1,13663,N.A.,N.A.,B0DBX5VKLH
2025-04-04,1,14086,N.A.,N.A.,B0DBX5VKLH
2025-04-05,1,14510,N.A.,N.A.,B0DBX5VKLH
2025-04-06,1,14934,N.A.,N.A.,B0DBX5VKLH
2025-04-07,1,15358,N.A.,N.A.,B0DBX5VKLH
2025-04-08,1,14378,N.A.,N.A.,B0DBX5VKLH
2025-04-09,1,13399,N.A.,N.A.,B0DBX5VKLH
2025-04-10,2,12419,N.A.,N.A.,B0DBX5VKLH
2025-04-11,2,11440,N.A.,N.A.,B0DBX5VKLH
2025-04-12,2,10460,N.A.,N.A.,B0DBX5VKLH
2025-04-13,2,9481,N.A.,N.A.,B0DBX5VKLH
2025-04-14,2,8501,N.A.,N.A.,B0DBX5VKLH
2025-04-15,4,5405,N.A.,N.A.,B0DBX5VKLH
2025-04-16,4,5519,N.A.,N.A.,B0DBX5VKLH
2025-04-17,5,3853,N.A.,N.A.,B0DBX5VKLH
2025-04-18,2,8054,N.A.,N.A.,B0DBX5VKLH
2025-04-19,2,8898,N.A.,N.A.,B0DBX5VKLH
2025-04-20,1,13352,N.A.,N.A.,B0DBX5VKLH
2025-04-21,1,12969,N.A.,N.A.,B0DBX5VKLH
2025-04-22,1,12587,N.A.,N.A.,B0DBX5VKLH
2025-04-23,1,12204,N.A.,N.A.,B0DBX5VKLH
2025-04-24,2,11821,N.A.,N.A.,B0DBX5VKLH
2025-04-25,2,11438,N.A.,N.A.,B0DBX5VKLH
2025-04-26,2,11056,N.A.,N.A.,B0DBX5VKLH
2025-04-27,2,10673,N.A.,N.A.,B0DBX5VKLH
2025-04-28,2,9531,N.A.,N.A.,B0DBX5VKLH
2025-04-29,2,11455,N.A.,N.A.,B0DBX5VKLH
2025-04-30,1,13078,4.7,5,B0DBX5VKLH
2025-05-01,1,14365,N.A.,N.A.,B0DBX5VKLH
2025-05-02,1,15652,N.A.,N.A.,B0DBX5VKLH
2025-05-03,1,16939,N.A.,N.A.,B0DBX5VKLH
2025-05-04,1,18225,N.A.,N.A.,B0DBX5VKLH
2025-05-05,1,19512,N.A.,N.A.,B0DBX5VKLH
2025-05-06,1,20799,N.A.,N.A.,B0DBX5VKLH
2025-05-07,1,22086,N.A.,N.A.,B0DBX5VKLH
2025-05-08,1,23874,N.A.,N.A.,B0DBX5VKLH
2025-05-09,1,25661,N.A.,N.A.,B0DBX5VKLH
2025-05-10,1,27449,N.A.,N.A.,B0DBX5VKLH
2025-05-11,0,29237,N.A.,N.A.,B0DBX5VKLH
2025-05-12,0,31025,N.A.,N.A.,B0DBX5VKLH
2025-05-13,0,32812,N.A.,N.A.,B0DBX5VKLH
2025-05-14,0,34600,N.A.,N.A.,B0DBX5VKLH
2025-05-15,0,36388,N.A.,N.A.,B0DBX5VKLH
2025-02-17,1046,49,N.A.,N.A.,B08DKJDTBH
2025-02-18,850,98,N.A.,N.A.,B08DKJDTBH
2025-02-19,859,95,N.A.,N.A.,B08DKJDTBH
2025-02-20,920,76,N.A.,N.A.,B08DKJDTBH
2025-02-21,829,106,4.3,11394,B08DKJDTBH
2025-02-22,848,99,N.A.,N.A.,B08DKJDTBH
2025-02-23,898,92,N.A.,N.A.,B08DKJDTBH
2025-02-24,1053,53,N.A.,N.A.,B08DKJDTBH
2025-02-25,1289,24,N.A.,N.A.,B08DKJDTBH
2025-02-26,1289,24,N.A.,N.A.,B08DKJDTBH
2025-02-27,1377,18,N.A.,N.A.,B08DKJDTBH
2025-02-28,1289,24,4.3,11455,B08DKJDTBH
2025-03-01,1344,20,N.A.,N.A.,B08DKJDTBH
2025-03-02,1329,21,N.A.,N.A.,B08DKJDTBH
2025-03-03,1181,31,N.A.,N.A.,B08DKJDTBH
2025-03-04,1027,51,N.A.,N.A.,B08DKJDTBH
2025-03-05,1075,41,N.A.,N.A.,B08DKJDTBH
2025-03-06,965,60,N.A.,N.A.,B08DKJDTBH
2025-03-07,900,74,N.A.,N.A.,B08DKJDTBH
2025-03-08,875,76,4.3,11532,B08DKJDTBH
2025-03-09,866,79,N.A.,N.A.,B08DKJDTBH
2025-03-10,848,102,N.A.,N.A.,B08DKJDTBH
2025-03-11,939,80,N.A.,N.A.,B08DKJDTBH
2025-03-12,1013,66,N.A.,N.A.,B08DKJDTBH
2025-03-13,950,88,N.A.,N.A.,B08DKJDTBH
2025-03-14,905,112,N.A.,N.A.,B08DKJDTBH
2025-03-15,932,117,N.A.,N.A.,B08DKJDTBH
2025-03-16,912,125,4.3,11628,B08DKJDTBH
2025-03-17,874,146,N.A.,N.A.,B08DKJDTBH
2025-03-18,1122,69,N.A.,N.A.,B08DKJDTBH
2025-03-19,1042,89,N.A.,N.A.,B08DKJDTBH
2025-03-20,920,132,N.A.,N.A.,B08DKJDTBH
2025-03-21,941,126,N.A.,N.A.,B08DKJDTBH
2025-03-22,944,129,N.A.,N.A.,B08DKJDTBH
2025-03-23,1040,96,4.3,11734,B08DKJDTBH
2025-03-24,988,108,N.A.,N.A.,B08DKJDTBH
2025-03-25,1209,53,N.A.,N.A.,B08DKJDTBH
2025-03-26,1165,59,N.A.,N.A.,B08DKJDTBH
2025-03-27,1131,64,N.A.,N.A.,B08DKJDTBH
2025-03-28,1082,72,N.A.,N.A.,B08DKJDTBH
2025-03-29,1052,75,N.A.,N.A.,B08DKJDTBH
2025-03-30,1048,76,N.A.,N.A.,B08DKJDTBH
2025-03-31,1076,69,4.3,11845,B08DKJDTBH
2025-04-01,1090,66,N.A.,N.A.,B08DKJDTBH
2025-04-02,1155,53,N.A.,N.A.,B08DKJDTBH
2025-04-03,941,110,N.A.,N.A.,B08DKJDTBH
2025-04-04,874,140,N.A.,N.A.,B08DKJDTBH
2025-04-05,835,161,N.A.,N.A.,B08DKJDTBH
2025-04-06,732,177,N.A.,N.A.,B08DKJDTBH
2025-04-07,675,232,4.3,11943,B08DKJDTBH
2025-04-08,636,280,N.A.,N.A.,B08DKJDTBH
2025-04-09,646,266,N.A.,N.A.,B08DKJDTBH
2025-04-10,610,318,N.A.,N.A.,B08DKJDTBH
2025-04-11,766,151,N.A.,N.A.,B08DKJDTBH
2025-04-12,653,258,N.A.,N.A.,B08DKJDTBH
2025-04-13,642,272,N.A.,N.A.,B08DKJDTBH
2025-04-14,613,326,N.A.,N.A.,B08DKJDTBH
2025-04-15,589,375,4.3,12044,B08DKJDTBH
2025-04-16,574,409,N.A.,N.A.,B08DKJDTBH
2025-04-17,565,432,N.A.,N.A.,B08DKJDTBH
2025-04-18,775,172,N.A.,N.A.,B08DKJDTBH
2025-04-19,635,332,N.A.,N.A.,B08DKJDTBH
2025-04-20,605,381,N.A.,N.A.,B08DKJDTBH
2025-04-21,577,432,N.A.,N.A.,B08DKJDTBH
2025-04-22,729,221,N.A.,N.A.,B08DKJDTBH
2025-04-23,757,196,4.3,12145,B08DKJDTBH
2025-04-24,726,224,N.A.,N.A.,B08DKJDTBH
2025-04-25,700,250,N.A.,N.A.,B08DKJDTBH
2025-04-26,734,216,N.A.,N.A.,B08DKJDTBH
2025-04-27,894,196,N.A.,N.A.,B08DKJDTBH
2025-04-28,935,173,N.A.,N.A.,B08DKJDTBH
2025-04-29,707,363,N.A.,N.A.,B08DKJDTBH
2025-04-30,595,546,4.3,12217,B08DKJDTBH
2025-05-01,691,384,N.A.,N.A.,B08DKJDTBH
2025-05-02,566,610,N.A.,N.A.,B08DKJDTBH
2025-05-03,534,695,N.A.,N.A.,B08DKJDTBH
2025-05-04,526,716,N.A.,N.A.,B08DKJDTBH
2025-05-05,643,456,N.A.,N.A.,B08DKJDTBH
2025-05-06,527,713,N.A.,N.A.,B08DKJDTBH
2025-05-07,514,753,4.3,12286,B08DKJDTBH
2025-05-08,473,897,N.A.,N.A.,B08DKJDTBH
2025-05-09,460,951,N.A.,N.A.,B08DKJDTBH
2025-05-10,448,1005,N.A.,N.A.,B08DKJDTBH
2025-05-11,462,941,N.A.,N.A.,B08DKJDTBH
2025-05-12,592,551,N.A.,N.A.,B08DKJDTBH
2025-05-13,478,877,N.A.,N.A.,B08DKJDTBH
2025-05-14,447,1007,N.A.,N.A.,B08DKJDTBH
2025-05-15,603,530,4.3,12359,B08DKJDTBH
2025-02-17,733,153,N.A.,N.A.,B0891SVRD6
2025-02-18,710,168,N.A.,N.A.,B0891SVRD6
2025-02-19,714,165,N.A.,N.A.,B0891SVRD6
2025-02-20,733,153,N.A.,N.A.,B0891SVRD6
2025-02-21,698,176,N.A.,N.A.,B0891SVRD6
2025-02-22,713,166,N.A.,N.A.,B0891SVRD6
2025-02-23,758,156,4.3,25346,B0891SVRD6
2025-02-24,699,197,N.A.,N.A.,B0891SVRD6
2025-02-25,895,93,N.A.,N.A.,B0891SVRD6
2025-02-26,991,66,N.A.,N.A.,B0891SVRD6
2025-02-27,1151,38,N.A.,N.A.,B0891SVRD6
2025-02-28,1175,35,N.A.,N.A.,B0891SVRD6
2025-03-01,1193,33,N.A.,N.A.,B0891SVRD6
2025-03-02,1158,37,4.3,25474,B0891SVRD6
2025-03-03,1163,33,N.A.,N.A.,B0891SVRD6
2025-03-04,1016,53,N.A.,N.A.,B0891SVRD6
2025-03-05,872,89,N.A.,N.A.,B0891SVRD6
2025-03-06,798,117,N.A.,N.A.,B0891SVRD6
2025-03-07,749,139,N.A.,N.A.,B0891SVRD6
2025-03-08,688,173,N.A.,N.A.,B0891SVRD6
2025-03-09,650,206,N.A.,N.A.,B0891SVRD6
2025-03-10,653,230,4.3,25626,B0891SVRD6
2025-03-11,620,283,N.A.,N.A.,B0891SVRD6
2025-03-12,580,350,N.A.,N.A.,B0891SVRD6
2025-03-13,574,373,N.A.,N.A.,B0891SVRD6
2025-03-14,559,417,N.A.,N.A.,B0891SVRD6
2025-03-15,726,235,N.A.,N.A.,B0891SVRD6
2025-03-16,740,224,N.A.,N.A.,B0891SVRD6
2025-03-17,824,173,4.3,25739,B0891SVRD6
2025-03-18,891,141,N.A.,N.A.,B0891SVRD6
2025-03-19,891,143,N.A.,N.A.,B0891SVRD6
2025-03-20,908,137,N.A.,N.A.,B0891SVRD6
2025-03-21,926,132,N.A.,N.A.,B0891SVRD6
2025-03-22,918,140,N.A.,N.A.,B0891SVRD6
2025-03-23,898,149,N.A.,N.A.,B0891SVRD6
2025-03-24,874,156,4.3,25875,B0891SVRD6
2025-03-25,1020,95,N.A.,N.A.,B0891SVRD6
2025-03-26,1293,40,N.A.,N.A.,B0891SVRD6
2025-03-27,1367,31,N.A.,N.A.,B0891SVRD6
2025-03-28,1370,29,N.A.,N.A.,B0891SVRD6
2025-03-29,1610,12,N.A.,N.A.,B0891SVRD6
2025-03-30,1144,55,N.A.,N.A.,B0891SVRD6
2025-03-31,903,126,4.3,25992,B0891SVRD6
2025-04-01,808,178,N.A.,N.A.,B0891SVRD6
2025-04-02,864,145,N.A.,N.A.,B0891SVRD6
2025-04-03,872,141,N.A.,N.A.,B0891SVRD6
2025-04-04,886,134,N.A.,N.A.,B0891SVRD6
2025-04-05,890,132,N.A.,N.A.,B0891SVRD6
2025-04-06,798,130,N.A.,N.A.,B0891SVRD6
2025-04-07,891,84,N.A.,N.A.,B0891SVRD6
2025-04-08,801,128,4.2,26132,B0891SVRD6
2025-04-09,774,145,N.A.,N.A.,B0891SVRD6
2025-04-10,742,169,N.A.,N.A.,B0891SVRD6
2025-04-11,710,196,N.A.,N.A.,B0891SVRD6
2025-04-12,737,173,N.A.,N.A.,B0891SVRD6
2025-04-13,704,202,N.A.,N.A.,B0891SVRD6
2025-04-14,652,271,N.A.,N.A.,B0891SVRD6
2025-04-15,676,249,N.A.,N.A.,B0891SVRD6
2025-04-16,670,261,4.2,26273,B0891SVRD6
2025-04-17,686,248,N.A.,N.A.,B0891SVRD6
2025-04-18,685,255,N.A.,N.A.,B0891SVRD6
2025-04-19,702,248,N.A.,N.A.,B0891SVRD6
2025-04-20,696,254,N.A.,N.A.,B0891SVRD6
2025-04-21,669,286,N.A.,N.A.,B0891SVRD6
2025-04-22,648,314,N.A.,N.A.,B0891SVRD6
2025-04-23,623,350,N.A.,N.A.,B0891SVRD6
2025-04-24,629,342,4.2,26416,B0891SVRD6
2025-04-25,618,358,N.A.,N.A.,B0891SVRD6
2025-04-26,617,361,N.A.,N.A.,B0891SVRD6
2025-04-27,664,422,N.A.,N.A.,B0891SVRD6
2025-04-28,683,395,N.A.,N.A.,B0891SVRD6
2025-04-29,1173,87,N.A.,N.A.,B0891SVRD6
2025-04-30,1242,72,N.A.,N.A.,B0891SVRD6
2025-05-01,1371,51,4.2,26538,B0891SVRD6
2025-05-02,1517,35,N.A.,N.A.,B0891SVRD6
2025-05-03,1484,38,N.A.,N.A.,B0891SVRD6
2025-05-04,1484,38,N.A.,N.A.,B0891SVRD6
2025-05-05,1540,33,N.A.,N.A.,B0891SVRD6
2025-05-06,1095,108,N.A.,N.A.,B0891SVRD6
2025-05-07,917,183,N.A.,N.A.,B0891SVRD6
2025-05-08,903,191,4.2,25543,B0891SVRD6
2025-05-09,802,263,N.A.,N.A.,B0891SVRD6
2025-05-10,750,313,N.A.,N.A.,B0891SVRD6
2025-05-11,706,364,N.A.,N.A.,B0891SVRD6
2025-05-12,649,445,N.A.,N.A.,B0891SVRD6
2025-05-13,804,261,N.A.,N.A.,B0891SVRD6
2025-05-14,657,433,N.A.,N.A.,B0891SVRD6
2025-05-15,784,279,N.A.,N.A.,B0891SVRD6
2025-02-17,1823,4,N.A.,N.A.,B07HQM6NH8
2025-02-18,1646,7,N.A.,N.A.,B07HQM6NH8
2025-02-19,1566,9,N.A.,N.A.,B07HQM6NH8
2025-02-20,1475,12,N.A.,N.A.,B07HQM6NH8
2025-02-21,1503,11,N.A.,N.A.,B07HQM6NH8
2025-02-22,1533,10,4.3,58184,B07HQM6NH8
2025-02-23,1528,11,N.A.,N.A.,B07HQM6NH8
2025-02-24,1454,14,N.A.,N.A.,B07HQM6NH8
2025-02-25,1377,18,N.A.,N.A.,B07HQM6NH8
2025-02-26,1502,12,N.A.,N.A.,B07HQM6NH8
2025-02-27,1502,12,N.A.,N.A.,B07HQM6NH8
2025-02-28,1502,12,N.A.,N.A.,B07HQM6NH8
2025-03-01,1433,15,N.A.,N.A.,B07HQM6NH8
2025-03-02,1376,18,4.4,58419,B07HQM6NH8
2025-03-03,1411,14,N.A.,N.A.,B07HQM6NH8
2025-03-04,1510,9,N.A.,N.A.,B07HQM6NH8
2025-03-05,1461,10,N.A.,N.A.,B07HQM6NH8
2025-03-06,1371,13,N.A.,N.A.,B07HQM6NH8
2025-03-07,1365,12,N.A.,N.A.,B07HQM6NH8
2025-03-08,1283,14,N.A.,N.A.,B07HQM6NH8
2025-03-09,1391,9,N.A.,N.A.,B07HQM6NH8
2025-03-10,1533,8,4.4,58636,B07HQM6NH8
2025-03-11,1484,12,N.A.,N.A.,B07HQM6NH8
2025-03-12,1524,12,N.A.,N.A.,B07HQM6NH8
2025-03-13,1593,11,N.A.,N.A.,B07HQM6NH8
2025-03-14,1574,14,N.A.,N.A.,B07HQM6NH8
2025-03-15,1556,19,N.A.,N.A.,B07HQM6NH8
2025-03-16,1472,24,N.A.,N.A.,B07HQM6NH8
2025-03-17,1473,25,N.A.,N.A.,B07HQM6NH8
2025-03-18,1513,23,4.4,58779,B07HQM6NH8
2025-03-19,1591,19,N.A.,N.A.,B07HQM6NH8
2025-03-20,1560,21,N.A.,N.A.,B07HQM6NH8
2025-03-21,1629,18,N.A.,N.A.,B07HQM6NH8
2025-03-22,1691,16,N.A.,N.A.,B07HQM6NH8
2025-03-23,1625,19,N.A.,N.A.,B07HQM6NH8
2025-03-24,1605,18,N.A.,N.A.,B07HQM6NH8
2025-03-25,1495,23,4.4,58938,B07HQM6NH8
2025-03-26,1628,15,N.A.,N.A.,B07HQM6NH8
2025-03-27,1716,11,N.A.,N.A.,B07HQM6NH8
2025-03-28,1657,12,N.A.,N.A.,B07HQM6NH8
2025-03-29,1585,13,N.A.,N.A.,B07HQM6NH8
2025-03-30,1562,14,N.A.,N.A.,B07HQM6NH8
2025-03-31,1609,12,N.A.,N.A.,B07HQM6NH8
2025-04-01,1584,13,N.A.,N.A.,B07HQM6NH8
2025-04-02,1521,16,4.4,59093,B07HQM6NH8
2025-04-03,1396,24,N.A.,N.A.,B07HQM6NH8
2025-04-04,1371,26,N.A.,N.A.,B07HQM6NH8
2025-04-05,1317,31,N.A.,N.A.,B07HQM6NH8
2025-04-06,1130,27,N.A.,N.A.,B07HQM6NH8
2025-04-07,1095,32,N.A.,N.A.,B07HQM6NH8
2025-04-08,1306,11,N.A.,N.A.,B07HQM6NH8
2025-04-09,1306,11,N.A.,N.A.,B07HQM6NH8
2025-04-10,1344,9,4.4,59229,B07HQM6NH8
2025-04-11,1416,6,N.A.,N.A.,B07HQM6NH8
2025-04-12,1416,6,N.A.,N.A.,B07HQM6NH8
2025-04-13,1416,6,N.A.,N.A.,B07HQM6NH8
2025-04-14,1423,7,N.A.,N.A.,B07HQM6NH8
2025-04-15,1323,13,N.A.,N.A.,B07HQM6NH8
2025-04-16,1292,16,N.A.,N.A.,B07HQM6NH8
2025-04-17,1207,25,4.4,59391,B07HQM6NH8
2025-04-18,1189,29,N.A.,N.A.,B07HQM6NH8
2025-04-19,1126,42,N.A.,N.A.,B07HQM6NH8
2025-04-20,1094,48,N.A.,N.A.,B07HQM6NH8
2025-04-21,1049,58,N.A.,N.A.,B07HQM6NH8
2025-04-22,1041,60,N.A.,N.A.,B07HQM6NH8
2025-04-23,990,74,N.A.,N.A.,B07HQM6NH8
2025-04-24,981,77,N.A.,N.A.,B07HQM6NH8
2025-04-25,978,78,4.4,59569,B07HQM6NH8
2025-04-26,957,85,N.A.,N.A.,B07HQM6NH8
2025-04-27,1164,89,N.A.,N.A.,B07HQM6NH8
2025-04-28,1152,92,N.A.,N.A.,B07HQM6NH8
2025-04-29,1149,93,N.A.,N.A.,B07HQM6NH8
2025-04-30,1102,106,N.A.,N.A.,B07HQM6NH8
2025-05-01,1086,111,N.A.,N.A.,B07HQM6NH8
2025-05-02,1116,102,4.3,59738,B07HQM6NH8
2025-05-03,1130,98,N.A.,N.A.,B07HQM6NH8
2025-05-04,1116,102,N.A.,N.A.,B07HQM6NH8
2025-05-05,1062,119,N.A.,N.A.,B07HQM6NH8
2025-05-06,1092,109,N.A.,N.A.,B07HQM6NH8
2025-05-07,1080,113,N.A.,N.A.,B07HQM6NH8
2025-05-08,1099,107,N.A.,N.A.,B07HQM6NH8
2025-05-09,1141,95,4.4,59883,B07HQM6NH8
2025-05-10,1105,105,N.A.,N.A.,B07HQM6NH8
2025-05-11,1073,115,N.A.,N.A.,B07HQM6NH8
2025-05-12,980,151,N.A.,N.A.,B07HQM6NH8
2025-05-13,949,166,N.A.,N.A.,B07HQM6NH8
2025-05-14,910,187,N.A.,N.A.,B07HQM6NH8
2025-05-15,1119,101,N.A.,N.A.,B07HQM6NH8
2025-02-17,370,189,N.A.,N.A.,B0CGLQ8XNN
2025-02-18,351,207,N.A.,N.A.,B0CGLQ8XNN
2025-02-19,371,188,N.A.,N.A.,B0CGLQ8XNN
2025-02-20,394,168,N.A.,N.A.,B0CGLQ8XNN
2025-02-21,382,178,N.A.,N.A.,B0CGLQ8XNN
2025-02-22,373,186,N.A.,N.A.,B0CGLQ8XNN
2025-02-23,335,226,4.5,1803,B0CGLQ8XNN
2025-02-24,329,233,N.A.,N.A.,B0CGLQ8XNN
2025-02-25,323,240,N.A.,N.A.,B0CGLQ8XNN
2025-02-26,331,231,N.A.,N.A.,B0CGLQ8XNN
2025-02-27,339,221,N.A.,N.A.,B0CGLQ8XNN
2025-02-28,348,211,N.A.,N.A.,B0CGLQ8XNN
2025-03-01,323,241,N.A.,N.A.,B0CGLQ8XNN
2025-03-02,291,288,N.A.,N.A.,B0CGLQ8XNN
2025-03-03,401,163,4.5,1829,B0CGLQ8XNN
2025-03-04,542,91,N.A.,N.A.,B0CGLQ8XNN
2025-03-05,601,74,N.A.,N.A.,B0CGLQ8XNN
2025-03-06,660,61,N.A.,N.A.,B0CGLQ8XNN
2025-03-07,899,31,N.A.,N.A.,B0CGLQ8XNN
2025-03-08,926,29,N.A.,N.A.,B0CGLQ8XNN
2025-03-09,919,25,N.A.,N.A.,B0CGLQ8XNN
2025-03-10,905,26,4.5,1852,B0CGLQ8XNN
2025-03-11,833,32,N.A.,N.A.,B0CGLQ8XNN
2025-03-12,761,40,N.A.,N.A.,B0CGLQ8XNN
2025-03-13,698,49,N.A.,N.A.,B0CGLQ8XNN
2025-03-14,761,40,N.A.,N.A.,B0CGLQ8XNN
2025-03-15,622,64,N.A.,N.A.,B0CGLQ8XNN
2025-03-16,498,104,N.A.,N.A.,B0CGLQ8XNN
2025-03-17,517,100,N.A.,N.A.,B0CGLQ8XNN
2025-03-18,617,70,4.5,1897,B0CGLQ8XNN
2025-03-19,610,73,N.A.,N.A.,B0CGLQ8XNN
2025-03-20,681,58,N.A.,N.A.,B0CGLQ8XNN
2025-03-21,655,65,N.A.,N.A.,B0CGLQ8XNN
2025-03-22,662,66,N.A.,N.A.,B0CGLQ8XNN
2025-03-23,547,100,N.A.,N.A.,B0CGLQ8XNN
2025-03-24,478,132,N.A.,N.A.,B0CGLQ8XNN
2025-03-25,544,101,N.A.,N.A.,B0CGLQ8XNN
2025-03-26,645,70,4.5,1943,B0CGLQ8XNN
2025-03-27,667,65,N.A.,N.A.,B0CGLQ8XNN
2025-03-28,641,71,N.A.,N.A.,B0CGLQ8XNN
2025-03-29,618,77,N.A.,N.A.,B0CGLQ8XNN
2025-03-30,522,85,N.A.,N.A.,B0CGLQ8XNN
2025-03-31,501,94,N.A.,N.A.,B0CGLQ8XNN
2025-04-01,527,83,N.A.,N.A.,B0CGLQ8XNN
2025-04-02,558,72,N.A.,N.A.,B0CGLQ8XNN
2025-04-03,505,92,4.5,1998,B0CGLQ8XNN
2025-04-04,490,99,N.A.,N.A.,B0CGLQ8XNN
2025-04-05,440,127,N.A.,N.A.,B0CGLQ8XNN
2025-04-06,427,136,N.A.,N.A.,B0CGLQ8XNN
2025-04-07,437,129,N.A.,N.A.,B0CGLQ8XNN
2025-04-08,466,111,N.A.,N.A.,B0CGLQ8XNN
2025-04-09,470,109,N.A.,N.A.,B0CGLQ8XNN
2025-04-10,410,149,N.A.,N.A.,B0CGLQ8XNN
2025-04-11,427,136,4.5,2061,B0CGLQ8XNN
2025-04-12,392,164,N.A.,N.A.,B0CGLQ8XNN
2025-04-13,362,198,N.A.,N.A.,B0CGLQ8XNN
2025-04-14,526,88,N.A.,N.A.,B0CGLQ8XNN
2025-04-15,657,52,N.A.,N.A.,B0CGLQ8XNN
2025-04-16,765,36,N.A.,N.A.,B0CGLQ8XNN
2025-04-17,849,28,N.A.,N.A.,B0CGLQ8XNN
2025-04-18,951,21,N.A.,N.A.,B0CGLQ8XNN
2025-04-19,998,19,4.5,2117,B0CGLQ8XNN
2025-04-20,962,22,N.A.,N.A.,B0CGLQ8XNN
2025-04-21,959,23,N.A.,N.A.,B0CGLQ8XNN
2025-04-22,860,32,N.A.,N.A.,B0CGLQ8XNN
2025-04-23,763,45,N.A.,N.A.,B0CGLQ8XNN
2025-04-24,627,74,N.A.,N.A.,B0CGLQ8XNN
2025-04-25,629,75,N.A.,N.A.,B0CGLQ8XNN
2025-04-26,564,98,N.A.,N.A.,B0CGLQ8XNN
2025-04-27,498,130,4.5,2191,B0CGLQ8XNN
2025-04-28,508,125,N.A.,N.A.,B0CGLQ8XNN
2025-04-29,542,109,N.A.,N.A.,B0CGLQ8XNN
2025-04-30,577,95,N.A.,N.A.,B0CGLQ8XNN
2025-05-01,591,90,N.A.,N.A.,B0CGLQ8XNN
2025-05-02,597,88,N.A.,N.A.,B0CGLQ8XNN
2025-05-03,528,115,N.A.,N.A.,B0CGLQ8XNN
2025-05-04,489,135,4.5,2252,B0CGLQ8XNN
2025-05-05,495,132,N.A.,N.A.,B0CGLQ8XNN
2025-05-06,542,109,N.A.,N.A.,B0CGLQ8XNN
2025-05-07,566,99,N.A.,N.A.,B0CGLQ8XNN
2025-05-08,539,110,N.A.,N.A.,B0CGLQ8XNN
2025-05-09,551,105,N.A.,N.A.,B0CGLQ8XNN
2025-05-10,498,130,N.A.,N.A.,B0CGLQ8XNN
2025-05-11,418,186,4.5,2346,B0CGLQ8XNN
2025-05-12,634,77,N.A.,N.A.,B0CGLQ8XNN
2025-05-13,935,30,N.A.,N.A.,B0CGLQ8XNN
2025-05-14,960,28,N.A.,N.A.,B0CGLQ8XNN
2025-05-15,744,53,N.A.,N.A.,B0CGLQ8XNN
2025-02-17,1163,33,N.A.,N.A.,B088LNBWSM
2025-02-18,964,65,N.A.,N.A.,B088LNBWSM
2025-02-19,920,76,N.A.,N.A.,B088LNBWSM
2025-02-20,842,101,N.A.,N.A.,B088LNBWSM
2025-02-21,807,115,N.A.,N.A.,B088LNBWSM
2025-02-22,827,107,4.3,43358,B088LNBWSM
2025-02-23,831,118,N.A.,N.A.,B088LNBWSM
2025-02-24,840,114,N.A.,N.A.,B088LNBWSM
2025-02-25,838,115,N.A.,N.A.,B088LNBWSM
2025-02-26,758,156,N.A.,N.A.,B088LNBWSM
2025-02-27,730,174,N.A.,N.A.,B088LNBWSM
2025-02-28,733,172,N.A.,N.A.,B088LNBWSM
2025-03-01,704,193,4.3,43403,B088LNBWSM
2025-03-02,684,209,N.A.,N.A.,B088LNBWSM
2025-03-03,698,190,N.A.,N.A.,B088LNBWSM
2025-03-04,727,164,N.A.,N.A.,B088LNBWSM
2025-03-05,708,174,N.A.,N.A.,B088LNBWSM
2025-03-06,698,178,N.A.,N.A.,B088LNBWSM
2025-03-07,682,186,N.A.,N.A.,B088LNBWSM
2025-03-08,656,200,4.3,43445,B088LNBWSM
2025-03-09,669,189,N.A.,N.A.,B088LNBWSM
2025-03-10,934,73,N.A.,N.A.,B088LNBWSM
2025-03-11,1086,47,N.A.,N.A.,B088LNBWSM
2025-03-12,1124,45,N.A.,N.A.,B088LNBWSM
2025-03-13,1170,42,N.A.,N.A.,B088LNBWSM
2025-03-14,1240,38,N.A.,N.A.,B088LNBWSM
2025-03-15,1279,41,N.A.,N.A.,B088LNBWSM
2025-03-16,1472,24,4.3,43490,B088LNBWSM
2025-03-17,1286,42,N.A.,N.A.,B088LNBWSM
2025-03-18,1132,67,N.A.,N.A.,B088LNBWSM
2025-03-19,1137,67,N.A.,N.A.,B088LNBWSM
2025-03-20,1032,93,N.A.,N.A.,B088LNBWSM
2025-03-21,979,112,N.A.,N.A.,B088LNBWSM
2025-03-22,984,114,N.A.,N.A.,B088LNBWSM
2025-03-23,992,111,4.3,43532,B088LNBWSM
2025-03-24,960,118,N.A.,N.A.,B088LNBWSM
2025-03-25,1162,61,N.A.,N.A.,B088LNBWSM
2025-03-26,1240,47,N.A.,N.A.,B088LNBWSM
2025-03-27,1223,48,N.A.,N.A.,B088LNBWSM
2025-03-28,1149,58,N.A.,N.A.,B088LNBWSM
2025-03-29,1094,65,N.A.,N.A.,B088LNBWSM
2025-03-30,1161,52,4.3,43580,B088LNBWSM
2025-03-31,1166,51,N.A.,N.A.,B088LNBWSM
2025-04-01,1149,54,N.A.,N.A.,B088LNBWSM
2025-04-02,1026,82,N.A.,N.A.,B088LNBWSM
2025-04-03,983,95,N.A.,N.A.,B088LNBWSM
2025-04-04,910,123,N.A.,N.A.,B088LNBWSM
2025-04-05,872,141,N.A.,N.A.,B088LNBWSM
2025-04-06,782,140,4.3,43616,B088LNBWSM
2025-04-07,884,87,N.A.,N.A.,B088LNBWSM
2025-04-08,1102,31,N.A.,N.A.,B088LNBWSM
2025-04-09,1163,23,N.A.,N.A.,B088LNBWSM
2025-04-10,1181,21,N.A.,N.A.,B088LNBWSM
2025-04-11,1181,21,N.A.,N.A.,B088LNBWSM
2025-04-12,1181,21,N.A.,N.A.,B088LNBWSM
2025-04-13,1146,25,4.3,43661,B088LNBWSM
2025-04-14,1133,30,N.A.,N.A.,B088LNBWSM
2025-04-15,1054,46,N.A.,N.A.,B088LNBWSM
2025-04-16,1030,53,N.A.,N.A.,B088LNBWSM
2025-04-17,992,65,N.A.,N.A.,B088LNBWSM
2025-04-18,985,70,N.A.,N.A.,B088LNBWSM
2025-04-19,997,72,N.A.,N.A.,B088LNBWSM
2025-04-20,1014,67,4.3,43717,B088LNBWSM
2025-04-21,938,92,N.A.,N.A.,B088LNBWSM
2025-04-22,949,88,N.A.,N.A.,B088LNBWSM
2025-04-23,951,87,N.A.,N.A.,B088LNBWSM
2025-04-24,949,88,N.A.,N.A.,B088LNBWSM
2025-04-25,925,97,N.A.,N.A.,B088LNBWSM
2025-04-26,884,115,N.A.,N.A.,B088LNBWSM
2025-04-27,1056,121,N.A.,N.A.,B088LNBWSM
2025-04-28,1102,106,4.3,43785,B088LNBWSM
2025-04-29,1123,100,N.A.,N.A.,B088LNBWSM
2025-04-30,1133,97,N.A.,N.A.,B088LNBWSM
2025-05-01,1026,132,N.A.,N.A.,B088LNBWSM
2025-05-02,1028,131,N.A.,N.A.,B088LNBWSM
2025-05-03,985,149,N.A.,N.A.,B088LNBWSM
2025-05-04,943,169,N.A.,N.A.,B088LNBWSM
2025-05-05,1050,123,N.A.,N.A.,B088LNBWSM
2025-05-06,1086,111,4.3,43838,B088LNBWSM
2025-05-07,1070,116,N.A.,N.A.,B088LNBWSM
2025-05-08,1083,112,N.A.,N.A.,B088LNBWSM
2025-05-09,1089,110,N.A.,N.A.,B088LNBWSM
2025-05-10,1059,120,N.A.,N.A.,B088LNBWSM
2025-05-11,1133,97,N.A.,N.A.,B088LNBWSM
2025-05-12,1419,45,N.A.,N.A.,B088LNBWSM
2025-05-13,1517,35,N.A.,N.A.,B088LNBWSM
2025-05-14,1484,38,4.3,43892,B088LNBWSM
2025-05-15,1650,25,N.A.,N.A.,B088LNBWSM
2025-02-17,340,15,N.A.,N.A.,B08ZSMMPBD
2025-02-18,315,17,N.A.,N.A.,B08ZSMMPBD
2025-02-19,321,16,N.A.,N.A.,B08ZSMMPBD
2025-02-20,423,9,N.A.,N.A.,B08ZSMMPBD
2025-02-21,378,11,4.4,1497,B08ZSMMPBD
2025-02-22,373,11,N.A.,N.A.,B08ZSMMPBD
2025-02-23,304,16,N.A.,N.A.,B08ZSMMPBD
2025-02-24,458,7,N.A.,N.A.,B08ZSMMPBD
2025-02-25,492,6,N.A.,N.A.,B08ZSMMPBD
2025-02-26,430,8,N.A.,N.A.,B08ZSMMPBD
2025-02-27,406,9,N.A.,N.A.,B08ZSMMPBD
2025-02-28,386,10,4.4,1506,B08ZSMMPBD
2025-03-01,386,10,N.A.,N.A.,B08ZSMMPBD
2025-03-02,368,11,N.A.,N.A.,B08ZSMMPBD
2025-03-03,430,8,N.A.,N.A.,B08ZSMMPBD
2025-03-04,406,9,N.A.,N.A.,B08ZSMMPBD
2025-03-05,430,8,N.A.,N.A.,B08ZSMMPBD
2025-03-06,406,9,N.A.,N.A.,B08ZSMMPBD
2025-03-07,386,10,N.A.,N.A.,B08ZSMMPBD
2025-03-08,339,13,4.4,1527,B08ZSMMPBD
2025-03-09,355,12,N.A.,N.A.,B08ZSMMPBD
2025-03-10,412,9,N.A.,N.A.,B08ZSMMPBD
2025-03-11,394,10,N.A.,N.A.,B08ZSMMPBD
2025-03-12,378,11,N.A.,N.A.,B08ZSMMPBD
2025-03-13,445,8,N.A.,N.A.,B08ZSMMPBD
2025-03-14,447,8,N.A.,N.A.,B08ZSMMPBD
2025-03-15,450,8,N.A.,N.A.,B08ZSMMPBD
2025-03-16,331,15,4.4,1543,B08ZSMMPBD
2025-03-17,294,19,N.A.,N.A.,B08ZSMMPBD
2025-03-18,314,17,N.A.,N.A.,B08ZSMMPBD
2025-03-19,436,9,N.A.,N.A.,B08ZSMMPBD
2025-03-20,351,14,N.A.,N.A.,B08ZSMMPBD
2025-03-21,310,18,N.A.,N.A.,B08ZSMMPBD
2025-03-22,312,18,N.A.,N.A.,B08ZSMMPBD
2025-03-23,289,21,4.3,1568,B08ZSMMPBD
2025-03-24,390,12,N.A.,N.A.,B08ZSMMPBD
2025-03-25,362,14,N.A.,N.A.,B08ZSMMPBD
2025-03-26,310,19,N.A.,N.A.,B08ZSMMPBD
2025-03-27,295,21,N.A.,N.A.,B08ZSMMPBD
2025-03-28,297,21,N.A.,N.A.,B08ZSMMPBD
2025-03-29,284,23,N.A.,N.A.,B08ZSMMPBD
2025-03-30,261,27,4.3,1586,B08ZSMMPBD
2025-03-31,263,27,N.A.,N.A.,B08ZSMMPBD
2025-04-01,304,21,N.A.,N.A.,B08ZSMMPBD
2025-04-02,342,17,N.A.,N.A.,B08ZSMMPBD
2025-04-03,334,18,N.A.,N.A.,B08ZSMMPBD
2025-04-04,346,17,N.A.,N.A.,B08ZSMMPBD
2025-04-05,337,18,N.A.,N.A.,B08ZSMMPBD
2025-04-06,304,22,N.A.,N.A.,B08ZSMMPBD
2025-04-07,297,23,4.3,1600,B08ZSMMPBD
2025-04-08,320,20,N.A.,N.A.,B08ZSMMPBD
2025-04-09,339,18,N.A.,N.A.,B08ZSMMPBD
2025-04-10,266,28,N.A.,N.A.,B08ZSMMPBD
2025-04-11,312,21,N.A.,N.A.,B08ZSMMPBD
2025-04-12,277,26,N.A.,N.A.,B08ZSMMPBD
2025-04-13,260,29,N.A.,N.A.,B08ZSMMPBD
2025-04-14,303,22,4.4,1615,B08ZSMMPBD
2025-04-15,337,18,N.A.,N.A.,B08ZSMMPBD
2025-04-16,327,19,N.A.,N.A.,B08ZSMMPBD
2025-04-17,287,24,N.A.,N.A.,B08ZSMMPBD
2025-04-18,316,20,N.A.,N.A.,B08ZSMMPBD
2025-04-19,292,23,N.A.,N.A.,B08ZSMMPBD
2025-04-20,272,26,N.A.,N.A.,B08ZSMMPBD
2025-04-21,344,17,N.A.,N.A.,B08ZSMMPBD
2025-04-22,315,20,4.4,1627,B08ZSMMPBD
2025-04-23,324,19,N.A.,N.A.,B08ZSMMPBD
2025-04-24,413,12,N.A.,N.A.,B08ZSMMPBD
2025-04-25,344,17,N.A.,N.A.,B08ZSMMPBD
2025-04-26,344,17,N.A.,N.A.,B08ZSMMPBD
2025-04-27,356,19,N.A.,N.A.,B08ZSMMPBD
2025-04-28,262,32,N.A.,N.A.,B08ZSMMPBD
2025-04-29,327,22,N.A.,N.A.,B08ZSMMPBD
2025-04-30,423,14,4.3,1647,B08ZSMMPBD
2025-05-01,393,16,N.A.,N.A.,B08ZSMMPBD
2025-05-02,441,13,N.A.,N.A.,B08ZSMMPBD
2025-05-03,356,19,N.A.,N.A.,B08ZSMMPBD
2025-05-04,336,21,N.A.,N.A.,B08ZSMMPBD
2025-05-05,379,17,N.A.,N.A.,B08ZSMMPBD
2025-05-06,423,14,N.A.,N.A.,B08ZSMMPBD
2025-05-07,379,17,N.A.,N.A.,B08ZSMMPBD
2025-05-08,379,17,4.3,1663,B08ZSMMPBD
2025-05-09,379,17,N.A.,N.A.,B08ZSMMPBD
2025-05-10,336,21,N.A.,N.A.,B08ZSMMPBD
2025-05-11,284,28,N.A.,N.A.,B08ZSMMPBD
2025-05-12,356,19,N.A.,N.A.,B08ZSMMPBD
2025-05-13,483,11,N.A.,N.A.,B08ZSMMPBD
2025-05-14,407,15,N.A.,N.A.,B08ZSMMPBD
2025-05-15,379,17,N.A.,N.A.,B08ZSMMPBD
2025-02-17,69,12161,N.A.,N.A.,B0D2RGDLFG
2025-02-18,55,15937,N.A.,N.A.,B0D2RGDLFG
2025-02-19,60,14491,4.7,125,B0D2RGDLFG
2025-02-20,59,14816,N.A.,N.A.,B0D2RGDLFG
2025-02-21,54,16331,N.A.,N.A.,B0D2RGDLFG
2025-02-22,54,16475,N.A.,N.A.,B0D2RGDLFG
2025-02-23,63,14986,N.A.,N.A.,B0D2RGDLFG
2025-02-24,77,11705,N.A.,N.A.,B0D2RGDLFG
2025-02-25,74,12280,N.A.,N.A.,B0D2RGDLFG
2025-02-26,83,10693,N.A.,N.A.,B0D2RGDLFG
2025-02-27,92,9332,N.A.,N.A.,B0D2RGDLFG
2025-02-28,93,9186,N.A.,N.A.,B0D2RGDLFG
2025-03-01,92,9323,N.A.,N.A.,B0D2RGDLFG
2025-03-02,106,7708,N.A.,N.A.,B0D2RGDLFG
2025-03-03,112,7186,N.A.,N.A.,B0D2RGDLFG
2025-03-04,120,6542,N.A.,N.A.,B0D2RGDLFG
2025-03-05,134,5546,N.A.,N.A.,B0D2RGDLFG
2025-03-06,197,3015,N.A.,N.A.,B0D2RGDLFG
2025-03-07,170,3891,N.A.,N.A.,B0D2RGDLFG
2025-03-08,212,2685,N.A.,N.A.,B0D2RGDLFG
2025-03-09,199,2991,N.A.,N.A.,B0D2RGDLFG
2025-03-10,213,2716,N.A.,N.A.,B0D2RGDLFG
2025-03-11,274,1754,N.A.,N.A.,B0D2RGDLFG
2025-03-12,219,2659,N.A.,N.A.,B0D2RGDLFG
2025-03-13,205,3001,N.A.,N.A.,B0D2RGDLFG
2025-03-14,198,3221,N.A.,N.A.,B0D2RGDLFG
2025-03-15,201,3207,N.A.,N.A.,B0D2RGDLFG
2025-03-16,228,2608,N.A.,N.A.,B0D2RGDLFG
2025-03-17,287,1794,N.A.,N.A.,B0D2RGDLFG
2025-03-18,251,2287,N.A.,N.A.,B0D2RGDLFG
2025-03-19,256,2233,N.A.,N.A.,B0D2RGDLFG
2025-03-20,279,1935,N.A.,N.A.,B0D2RGDLFG
2025-03-21,282,1924,N.A.,N.A.,B0D2RGDLFG
2025-03-22,322,1546,4.7,145,B0D2RGDLFG
2025-03-23,373,1175,N.A.,N.A.,B0D2RGDLFG
2025-03-24,371,1189,N.A.,N.A.,B0D2RGDLFG
2025-03-25,396,1044,N.A.,N.A.,B0D2RGDLFG
2025-03-26,553,503,N.A.,N.A.,B0D2RGDLFG
2025-03-27,483,684,N.A.,N.A.,B0D2RGDLFG
2025-03-28,445,819,N.A.,N.A.,B0D2RGDLFG
2025-03-29,382,1126,N.A.,N.A.,B0D2RGDLFG
2025-03-30,303,1769,N.A.,N.A.,B0D2RGDLFG
2025-03-31,253,2441,N.A.,N.A.,B0D2RGDLFG
2025-04-01,258,2361,N.A.,N.A.,B0D2RGDLFG
2025-04-02,191,3910,N.A.,N.A.,B0D2RGDLFG
2025-04-03,166,4867,N.A.,N.A.,B0D2RGDLFG
2025-04-04,148,5745,N.A.,N.A.,B0D2RGDLFG
2025-04-05,151,5592,N.A.,N.A.,B0D2RGDLFG
2025-04-06,155,5451,N.A.,N.A.,B0D2RGDLFG
2025-04-07,218,3156,N.A.,N.A.,B0D2RGDLFG
2025-04-08,178,4394,N.A.,N.A.,B0D2RGDLFG
2025-04-09,177,4450,N.A.,N.A.,B0D2RGDLFG
2025-04-10,170,4733,N.A.,N.A.,B0D2RGDLFG
2025-04-11,172,4648,N.A.,N.A.,B0D2RGDLFG
2025-04-12,175,4513,N.A.,N.A.,B0D2RGDLFG
2025-04-13,186,4101,N.A.,N.A.,B0D2RGDLFG
2025-04-14,196,3778,N.A.,N.A.,B0D2RGDLFG
2025-04-15,198,3739,N.A.,N.A.,B0D2RGDLFG
2025-04-16,195,3830,N.A.,N.A.,B0D2RGDLFG
2025-04-17,209,3416,N.A.,N.A.,B0D2RGDLFG
2025-04-18,226,3017,N.A.,N.A.,B0D2RGDLFG
2025-04-19,201,3669,N.A.,N.A.,B0D2RGDLFG
2025-04-20,225,3054,N.A.,N.A.,B0D2RGDLFG
2025-04-21,213,3351,N.A.,N.A.,B0D2RGDLFG
2025-04-22,208,3493,4.5,205,B0D2RGDLFG
2025-04-23,240,2751,N.A.,N.A.,B0D2RGDLFG
2025-04-24,249,2577,N.A.,N.A.,B0D2RGDLFG
2025-04-25,276,2148,N.A.,N.A.,B0D2RGDLFG
2025-04-26,253,2498,N.A.,N.A.,B0D2RGDLFG
2025-04-27,253,2848,N.A.,N.A.,B0D2RGDLFG
2025-04-28,230,3336,N.A.,N.A.,B0D2RGDLFG
2025-04-29,220,3579,N.A.,N.A.,B0D2RGDLFG
2025-04-30,239,3140,N.A.,N.A.,B0D2RGDLFG
2025-05-01,225,3449,N.A.,N.A.,B0D2RGDLFG
2025-05-02,218,3640,N.A.,N.A.,B0D2RGDLFG
2025-05-03,219,3609,N.A.,N.A.,B0D2RGDLFG
2025-05-04,217,3670,N.A.,N.A.,B0D2RGDLFG
2025-05-05,216,3681,N.A.,N.A.,B0D2RGDLFG
2025-05-06,204,4023,N.A.,N.A.,B0D2RGDLFG
2025-05-07,210,3866,N.A.,N.A.,B0D2RGDLFG
2025-05-08,206,3988,N.A.,N.A.,B0D2RGDLFG
2025-05-09,210,3861,N.A.,N.A.,B0D2RGDLFG
2025-05-10,192,4445,N.A.,N.A.,B0D2RGDLFG
2025-05-11,217,3660,N.A.,N.A.,B0D2RGDLFG
2025-05-12,204,4025,N.A.,N.A.,B0D2RGDLFG
2025-05-13,198,4214,N.A.,N.A.,B0D2RGDLFG
2025-05-14,218,3633,N.A.,N.A.,B0D2RGDLFG
2025-05-15,232,3291,N.A.,N.A.,B0D2RGDLFG
2025-02-17,947,27,N.A.,N.A.,B075W63K67
2025-02-18,880,32,N.A.,N.A.,B075W63K67
2025-02-19,807,39,N.A.,N.A.,B075W63K67
2025-02-20,817,38,N.A.,N.A.,B075W63K67
2025-02-21,847,35,N.A.,N.A.,B075W63K67
2025-02-22,836,36,N.A.,N.A.,B075W63K67
2025-02-23,905,30,4.8,50076,B075W63K67
2025-02-24,870,33,N.A.,N.A.,B075W63K67
2025-02-25,828,37,N.A.,N.A.,B075W63K67
2025-02-26,783,42,N.A.,N.A.,B075W63K67
2025-02-27,759,45,N.A.,N.A.,B075W63K67
2025-02-28,711,52,N.A.,N.A.,B075W63K67
2025-03-01,738,48,N.A.,N.A.,B075W63K67
2025-03-02,738,48,4.8,50100,B075W63K67
2025-03-03,769,44,N.A.,N.A.,B075W63K67
2025-03-04,785,42,N.A.,N.A.,B075W63K67
2025-03-05,693,55,N.A.,N.A.,B075W63K67
2025-03-06,693,55,N.A.,N.A.,B075W63K67
2025-03-07,687,56,N.A.,N.A.,B075W63K67
2025-03-08,687,56,N.A.,N.A.,B075W63K67
2025-03-09,654,57,4.8,50130,B075W63K67
2025-03-10,640,60,N.A.,N.A.,B075W63K67
2025-03-11,649,58,N.A.,N.A.,B075W63K67
2025-03-12,675,53,N.A.,N.A.,B075W63K67
2025-03-13,613,66,N.A.,N.A.,B075W63K67
2025-03-14,605,68,N.A.,N.A.,B075W63K67
2025-03-15,635,61,N.A.,N.A.,B075W63K67
2025-03-16,670,54,N.A.,N.A.,B075W63K67
2025-03-17,678,55,4.8,50170,B075W63K67
2025-03-18,692,54,N.A.,N.A.,B075W63K67
2025-03-19,703,53,N.A.,N.A.,B075W63K67
2025-03-20,676,59,N.A.,N.A.,B075W63K67
2025-03-21,694,57,N.A.,N.A.,B075W63K67
2025-03-22,691,60,N.A.,N.A.,B075W63K67
2025-03-23,702,58,N.A.,N.A.,B075W63K67
2025-03-24,702,58,4.8,50186,B075W63K67
2025-03-25,691,60,N.A.,N.A.,B075W63K67
2025-03-26,604,81,N.A.,N.A.,B075W63K67
2025-03-27,607,80,N.A.,N.A.,B075W63K67
2025-03-28,650,69,N.A.,N.A.,B075W63K67
2025-03-29,658,67,N.A.,N.A.,B075W63K67
2025-03-30,585,64,N.A.,N.A.,B075W63K67
2025-03-31,630,53,N.A.,N.A.,B075W63K67
2025-04-01,600,60,4.8,50231,B075W63K67
2025-04-02,644,50,N.A.,N.A.,B075W63K67
2025-04-03,670,45,N.A.,N.A.,B075W63K67
2025-04-04,654,48,N.A.,N.A.,B075W63K67
2025-04-05,630,53,N.A.,N.A.,B075W63K67
2025-04-06,639,51,N.A.,N.A.,B075W63K67
2025-04-07,608,58,N.A.,N.A.,B075W63K67
2025-04-08,578,66,4.8,50256,B075W63K67
2025-04-09,585,64,N.A.,N.A.,B075W63K67
2025-04-10,565,70,N.A.,N.A.,B075W63K67
2025-04-11,562,71,N.A.,N.A.,B075W63K67
2025-04-12,558,72,N.A.,N.A.,B075W63K67
2025-04-13,550,77,N.A.,N.A.,B075W63K67
2025-04-14,500,99,N.A.,N.A.,B075W63K67
2025-04-15,514,95,4.8,50298,B075W63K67
2025-04-16,532,90,N.A.,N.A.,B075W63K67
2025-04-17,540,89,N.A.,N.A.,B075W63K67
2025-04-18,540,91,N.A.,N.A.,B075W63K67
2025-04-19,579,79,N.A.,N.A.,B075W63K67
2025-04-20,579,81,N.A.,N.A.,B075W63K67
2025-04-21,605,75,N.A.,N.A.,B075W63K67
2025-04-22,604,77,N.A.,N.A.,B075W63K67
2025-04-23,606,78,N.A.,N.A.,B075W63K67
2025-04-24,609,79,4.8,52089,B075W63K67
2025-04-25,608,81,N.A.,N.A.,B075W63K67
2025-04-26,659,69,N.A.,N.A.,B075W63K67
2025-04-27,692,63,N.A.,N.A.,B075W63K67
2025-04-28,711,59,N.A.,N.A.,B075W63K67
2025-04-29,711,59,N.A.,N.A.,B075W63K67
2025-04-30,706,60,N.A.,N.A.,B075W63K67
2025-05-01,665,69,N.A.,N.A.,B075W63K67
2025-05-02,674,67,4.8,52090,B075W63K67
2025-05-03,717,58,N.A.,N.A.,B075W63K67
2025-05-04,727,56,N.A.,N.A.,B075W63K67
2025-05-05,722,57,N.A.,N.A.,B075W63K67
2025-05-06,722,57,N.A.,N.A.,B075W63K67
2025-05-07,739,54,N.A.,N.A.,B075W63K67
2025-05-08,782,47,N.A.,N.A.,B075W63K67
2025-05-09,796,45,4.8,52126,B075W63K67
2025-05-10,796,45,N.A.,N.A.,B075W63K67
2025-05-11,776,48,N.A.,N.A.,B075W63K67
2025-05-12,744,53,N.A.,N.A.,B075W63K67
2025-05-13,789,46,N.A.,N.A.,B075W63K67
2025-05-14,804,44,N.A.,N.A.,B075W63K67
2025-05-15,763,50,N.A.,N.A.,B075W63K67
2025-02-17,234,415,N.A.,N.A.,B00065X222
2025-02-18,258,353,N.A.,N.A.,B00065X222
2025-02-19,272,323,N.A.,N.A.,B00065X222
2025-02-20,270,327,N.A.,N.A.,B00065X222
2025-02-21,270,328,N.A.,N.A.,B00065X222
2025-02-22,262,344,N.A.,N.A.,B00065X222
2025-02-23,218,467,4.7,26495,B00065X222
2025-02-24,198,547,N.A.,N.A.,B00065X222
2025-02-25,283,302,N.A.,N.A.,B00065X222
2025-02-26,259,352,N.A.,N.A.,B00065X222
2025-02-27,256,358,N.A.,N.A.,B00065X222
2025-02-28,265,338,N.A.,N.A.,B00065X222
2025-03-01,242,393,N.A.,N.A.,B00065X222
2025-03-02,219,466,4.7,26507,B00065X222
2025-03-03,178,645,N.A.,N.A.,B00065X222
2025-03-04,227,439,N.A.,N.A.,B00065X222
2025-03-05,243,391,N.A.,N.A.,B00065X222
2025-03-06,291,289,N.A.,N.A.,B00065X222
2025-03-07,271,325,N.A.,N.A.,B00065X222
2025-03-08,256,358,N.A.,N.A.,B00065X222
2025-03-09,247,399,4.7,26517,B00065X222
2025-03-10,237,426,N.A.,N.A.,B00065X222
2025-03-11,257,372,N.A.,N.A.,B00065X222
2025-03-12,252,385,N.A.,N.A.,B00065X222
2025-03-13,266,350,N.A.,N.A.,B00065X222
2025-03-14,288,303,N.A.,N.A.,B00065X222
2025-03-15,323,245,N.A.,N.A.,B00065X222
2025-03-16,273,333,N.A.,N.A.,B00065X222
2025-03-17,230,465,4.7,26541,B00065X222
2025-03-18,263,374,N.A.,N.A.,B00065X222
2025-03-19,283,333,N.A.,N.A.,B00065X222
2025-03-20,285,333,N.A.,N.A.,B00065X222
2025-03-21,284,342,N.A.,N.A.,B00065X222
2025-03-22,311,299,N.A.,N.A.,B00065X222
2025-03-23,267,391,N.A.,N.A.,B00065X222
2025-03-24,209,591,N.A.,N.A.,B00065X222
2025-03-25,243,461,4.7,26555,B00065X222
2025-03-26,264,400,N.A.,N.A.,B00065X222
2025-03-27,324,278,N.A.,N.A.,B00065X222
2025-03-28,360,229,N.A.,N.A.,B00065X222
2025-03-29,360,229,N.A.,N.A.,B00065X222
2025-03-30,292,301,N.A.,N.A.,B00065X222
2025-03-31,272,347,N.A.,N.A.,B00065X222
2025-04-01,330,236,N.A.,N.A.,B00065X222
2025-04-02,311,267,4.7,26567,B00065X222
2025-04-03,294,298,N.A.,N.A.,B00065X222
2025-04-04,303,280,N.A.,N.A.,B00065X222
2025-04-05,302,283,N.A.,N.A.,B00065X222
2025-04-06,251,403,N.A.,N.A.,B00065X222
2025-04-07,222,507,N.A.,N.A.,B00065X222
2025-04-08,271,350,N.A.,N.A.,B00065X222
2025-04-09,273,344,4.7,26580,B00065X222
2025-04-10,284,318,N.A.,N.A.,B00065X222
2025-04-11,297,291,N.A.,N.A.,B00065X222
2025-04-12,303,281,N.A.,N.A.,B00065X222
2025-04-13,231,475,N.A.,N.A.,B00065X222
2025-04-14,202,608,N.A.,N.A.,B00065X222
2025-04-15,254,411,N.A.,N.A.,B00065X222
2025-04-16,276,355,N.A.,N.A.,B00065X222
2025-04-17,288,333,4.7,26607,B00065X222
2025-04-18,282,350,N.A.,N.A.,B00065X222
2025-04-19,307,302,N.A.,N.A.,B00065X222
2025-04-20,274,379,N.A.,N.A.,B00065X222
2025-04-21,231,520,N.A.,N.A.,B00065X222
2025-04-22,293,343,N.A.,N.A.,B00065X222
2025-04-23,311,310,N.A.,N.A.,B00065X222
2025-04-24,294,349,4.7,26616,B00065X222
2025-04-25,305,331,N.A.,N.A.,B00065X222
2025-04-26,333,285,N.A.,N.A.,B00065X222
2025-04-27,292,367,N.A.,N.A.,B00065X222
2025-04-28,266,431,N.A.,N.A.,B00065X222
2025-04-29,297,356,N.A.,N.A.,B00065X222
2025-04-30,303,343,N.A.,N.A.,B00065X222
2025-05-01,292,366,4.7,26636,B00065X222
2025-05-02,316,318,N.A.,N.A.,B00065X222
2025-05-03,309,331,N.A.,N.A.,B00065X222
2025-05-04,280,395,N.A.,N.A.,B00065X222
2025-05-05,233,544,N.A.,N.A.,B00065X222
2025-05-06,306,336,N.A.,N.A.,B00065X222
2025-05-07,313,322,N.A.,N.A.,B00065X222
2025-05-08,318,313,N.A.,N.A.,B00065X222
2025-05-09,308,333,4.7,26659,B00065X222
2025-05-10,332,289,N.A.,N.A.,B00065X222
2025-05-11,264,438,N.A.,N.A.,B00065X222
2025-05-12,234,538,N.A.,N.A.,B00065X222
2025-05-13,280,395,N.A.,N.A.,B00065X222
2025-05-14,285,383,N.A.,N.A.,B00065X222
2025-05-15,285,383,N.A.,N.A.,B00065X222
2025-02-17,270,1528,N.A.,N.A.,B0BNL1HJ3H
2025-02-18,263,1598,N.A.,N.A.,B0BNL1HJ3H
2025-02-19,271,1520,N.A.,N.A.,B0BNL1HJ3H
2025-02-20,278,1443,4.4,4288,B0BNL1HJ3H
2025-02-21,292,1315,N.A.,N.A.,B0BNL1HJ3H
2025-02-22,324,1077,N.A.,N.A.,B0BNL1HJ3H
2025-02-23,296,1442,N.A.,N.A.,B0BNL1HJ3H
2025-02-24,330,1163,N.A.,N.A.,B0BNL1HJ3H
2025-02-25,463,563,N.A.,N.A.,B0BNL1HJ3H
2025-02-26,497,477,N.A.,N.A.,B0BNL1HJ3H
2025-02-27,566,346,N.A.,N.A.,B0BNL1HJ3H
2025-02-28,679,214,N.A.,N.A.,B0BNL1HJ3H
2025-03-01,756,157,N.A.,N.A.,B0BNL1HJ3H
2025-03-02,784,141,N.A.,N.A.,B0BNL1HJ3H
2025-03-03,752,152,N.A.,N.A.,B0BNL1HJ3H
2025-03-04,600,284,N.A.,N.A.,B0BNL1HJ3H
2025-03-05,536,378,N.A.,N.A.,B0BNL1HJ3H
2025-03-06,482,488,N.A.,N.A.,B0BNL1HJ3H
2025-03-07,483,479,N.A.,N.A.,B0BNL1HJ3H
2025-03-08,436,605,N.A.,N.A.,B0BNL1HJ3H
2025-03-09,422,653,N.A.,N.A.,B0BNL1HJ3H
2025-03-10,411,743,N.A.,N.A.,B0BNL1HJ3H
2025-03-11,389,870,N.A.,N.A.,B0BNL1HJ3H
2025-03-12,369,996,N.A.,N.A.,B0BNL1HJ3H
2025-03-13,337,1216,N.A.,N.A.,B0BNL1HJ3H
2025-03-14,318,1399,N.A.,N.A.,B0BNL1HJ3H
2025-03-15,324,1397,N.A.,N.A.,B0BNL1HJ3H
2025-03-16,333,1331,N.A.,N.A.,B0BNL1HJ3H
2025-03-17,301,1646,N.A.,N.A.,B0BNL1HJ3H
2025-03-18,311,1564,N.A.,N.A.,B0BNL1HJ3H
2025-03-19,314,1552,N.A.,N.A.,B0BNL1HJ3H
2025-03-20,301,1692,N.A.,N.A.,B0BNL1HJ3H
2025-03-21,504,616,N.A.,N.A.,B0BNL1HJ3H
2025-03-22,393,1059,N.A.,N.A.,B0BNL1HJ3H
2025-03-23,355,1289,4.4,4476,B0BNL1HJ3H
2025-03-24,322,1555,N.A.,N.A.,B0BNL1HJ3H
2025-03-25,313,1642,N.A.,N.A.,B0BNL1HJ3H
2025-03-26,430,882,N.A.,N.A.,B0BNL1HJ3H
2025-03-27,405,998,N.A.,N.A.,B0BNL1HJ3H
2025-03-28,438,847,N.A.,N.A.,B0BNL1HJ3H
2025-03-29,419,929,N.A.,N.A.,B0BNL1HJ3H
2025-03-30,394,1054,N.A.,N.A.,B0BNL1HJ3H
2025-03-31,382,1128,N.A.,N.A.,B0BNL1HJ3H
2025-04-01,380,1140,N.A.,N.A.,B0BNL1HJ3H
2025-04-02,330,1501,N.A.,N.A.,B0BNL1HJ3H
2025-04-03,291,1901,N.A.,N.A.,B0BNL1HJ3H
2025-04-04,278,2077,N.A.,N.A.,B0BNL1HJ3H
2025-04-05,286,1973,N.A.,N.A.,B0BNL1HJ3H
2025-04-06,251,2447,N.A.,N.A.,B0BNL1HJ3H
2025-04-07,238,2706,N.A.,N.A.,B0BNL1HJ3H
2025-04-08,315,1590,N.A.,N.A.,B0BNL1HJ3H
2025-04-09,294,1815,N.A.,N.A.,B0BNL1HJ3H
2025-04-10,254,2401,N.A.,N.A.,B0BNL1HJ3H
2025-04-11,237,2717,N.A.,N.A.,B0BNL1HJ3H
2025-04-12,235,2755,N.A.,N.A.,B0BNL1HJ3H
2025-04-13,216,3192,N.A.,N.A.,B0BNL1HJ3H
2025-04-14,180,4322,N.A.,N.A.,B0BNL1HJ3H
2025-04-15,158,5299,N.A.,N.A.,B0BNL1HJ3H
2025-04-16,223,3078,N.A.,N.A.,B0BNL1HJ3H
2025-04-17,248,2565,N.A.,N.A.,B0BNL1HJ3H
2025-04-18,245,2632,N.A.,N.A.,B0BNL1HJ3H
2025-04-19,306,1775,N.A.,N.A.,B0BNL1HJ3H
2025-04-20,257,2436,N.A.,N.A.,B0BNL1HJ3H
2025-04-21,220,3168,N.A.,N.A.,B0BNL1HJ3H
2025-04-22,317,1654,4.4,4649,B0BNL1HJ3H
2025-04-23,369,1221,N.A.,N.A.,B0BNL1HJ3H
2025-04-24,435,861,N.A.,N.A.,B0BNL1HJ3H
2025-04-25,454,780,N.A.,N.A.,B0BNL1HJ3H
2025-04-26,480,683,N.A.,N.A.,B0BNL1HJ3H
2025-04-27,562,620,N.A.,N.A.,B0BNL1HJ3H
2025-04-28,538,683,N.A.,N.A.,B0BNL1HJ3H
2025-04-29,385,1354,N.A.,N.A.,B0BNL1HJ3H
2025-04-30,366,1489,N.A.,N.A.,B0BNL1HJ3H
2025-05-01,324,1866,N.A.,N.A.,B0BNL1HJ3H
2025-05-02,354,1581,N.A.,N.A.,B0BNL1HJ3H
2025-05-03,261,2708,N.A.,N.A.,B0BNL1HJ3H
2025-05-04,224,3491,N.A.,N.A.,B0BNL1HJ3H
2025-05-05,203,4066,N.A.,N.A.,B0BNL1HJ3H
2025-05-06,242,3082,N.A.,N.A.,B0BNL1HJ3H
2025-05-07,250,2908,N.A.,N.A.,B0BNL1HJ3H
2025-05-08,239,3141,N.A.,N.A.,B0BNL1HJ3H
2025-05-09,263,2684,N.A.,N.A.,B0BNL1HJ3H
2025-05-10,250,2923,N.A.,N.A.,B0BNL1HJ3H
2025-05-11,240,3108,N.A.,N.A.,B0BNL1HJ3H
2025-05-12,243,3050,N.A.,N.A.,B0BNL1HJ3H
2025-05-13,198,4219,N.A.,N.A.,B0BNL1HJ3H
2025-05-14,171,5247,N.A.,N.A.,B0BNL1HJ3H
2025-05-15,230,3331,N.A.,N.A.,B0BNL1HJ3H
2025-02-17,25,42004,N.A.,N.A.,B07QL31TRK
2025-02-18,27,38788,N.A.,N.A.,B07QL31TRK
2025-02-19,22,48030,N.A.,N.A.,B07QL31TRK
2025-02-20,32,33024,N.A.,N.A.,B07QL31TRK
2025-02-21,37,28238,N.A.,N.A.,B07QL31TRK
2025-02-22,38,27400,N.A.,N.A.,B07QL31TRK
2025-02-23,36,28880,4.7,1054,B07QL31TRK
2025-02-24,34,30629,N.A.,N.A.,B07QL31TRK
2025-02-25,33,32377,N.A.,N.A.,B07QL31TRK
2025-02-26,29,36293,N.A.,N.A.,B07QL31TRK
2025-02-27,33,32280,N.A.,N.A.,B07QL31TRK
2025-02-28,36,29395,N.A.,N.A.,B07QL31TRK
2025-03-01,39,26511,N.A.,N.A.,B07QL31TRK
2025-03-02,44,23626,N.A.,N.A.,B07QL31TRK
2025-03-03,44,23915,4.7,1052,B07QL31TRK
2025-03-04,40,26350,N.A.,N.A.,B07QL31TRK
2025-03-05,44,23975,N.A.,N.A.,B07QL31TRK
2025-03-06,38,27760,N.A.,N.A.,B07QL31TRK
2025-03-07,39,26861,N.A.,N.A.,B07QL31TRK
2025-03-08,45,23129,N.A.,N.A.,B07QL31TRK
2025-03-09,41,25564,N.A.,N.A.,B07QL31TRK
2025-03-10,41,25611,N.A.,N.A.,B07QL31TRK
2025-03-11,41,25658,4.7,1055,B07QL31TRK
2025-03-12,43,24394,N.A.,N.A.,B07QL31TRK
2025-03-13,52,19636,N.A.,N.A.,B07QL31TRK
2025-03-14,44,23560,N.A.,N.A.,B07QL31TRK
2025-03-15,39,26854,N.A.,N.A.,B07QL31TRK
2025-03-16,39,27100,N.A.,N.A.,B07QL31TRK
2025-03-17,44,24253,N.A.,N.A.,B07QL31TRK
2025-03-18,45,23738,4.7,1057,B07QL31TRK
2025-03-19,43,25363,N.A.,N.A.,B07QL31TRK
2025-03-20,53,20066,N.A.,N.A.,B07QL31TRK
2025-03-21,54,19926,N.A.,N.A.,B07QL31TRK
2025-03-22,50,21734,N.A.,N.A.,B07QL31TRK
2025-03-23,49,22290,N.A.,N.A.,B07QL31TRK
2025-03-24,57,19205,N.A.,N.A.,B07QL31TRK
2025-03-25,61,17765,N.A.,N.A.,B07QL31TRK
2025-03-26,71,14968,4.7,1059,B07QL31TRK
2025-03-27,79,13183,N.A.,N.A.,B07QL31TRK
2025-03-28,89,11479,N.A.,N.A.,B07QL31TRK
2025-03-29,90,11493,N.A.,N.A.,B07QL31TRK
2025-03-30,89,11580,N.A.,N.A.,B07QL31TRK
2025-03-31,92,11147,N.A.,N.A.,B07QL31TRK
2025-04-01,96,10451,N.A.,N.A.,B07QL31TRK
2025-04-02,74,14317,N.A.,N.A.,B07QL31TRK
2025-04-03,51,21898,4.7,1060,B07QL31TRK
2025-04-04,47,23901,N.A.,N.A.,B07QL31TRK
2025-04-05,47,23690,N.A.,N.A.,B07QL31TRK
2025-04-06,51,21758,N.A.,N.A.,B07QL31TRK
2025-04-07,56,19647,N.A.,N.A.,B07QL31TRK
2025-04-08,60,18208,N.A.,N.A.,B07QL31TRK
2025-04-09,47,23639,N.A.,N.A.,B07QL31TRK
2025-04-10,55,20151,4.7,1060,B07QL31TRK
2025-04-11,49,22972,N.A.,N.A.,B07QL31TRK
2025-04-12,61,17688,N.A.,N.A.,B07QL31TRK
2025-04-13,70,15317,N.A.,N.A.,B07QL31TRK
2025-04-14,86,12017,N.A.,N.A.,B07QL31TRK
2025-04-15,80,13276,N.A.,N.A.,B07QL31TRK
2025-04-16,86,12217,N.A.,N.A.,B07QL31TRK
2025-04-17,81,13169,N.A.,N.A.,B07QL31TRK
2025-04-18,77,14062,4.8,1070,B07QL31TRK
2025-04-19,77,13975,N.A.,N.A.,B07QL31TRK
2025-04-20,61,18502,N.A.,N.A.,B07QL31TRK
2025-04-21,71,15691,N.A.,N.A.,B07QL31TRK
2025-04-22,69,16226,N.A.,N.A.,B07QL31TRK
2025-04-23,61,18721,N.A.,N.A.,B07QL31TRK
2025-04-24,57,20283,N.A.,N.A.,B07QL31TRK
2025-04-25,53,21861,N.A.,N.A.,B07QL31TRK
2025-04-26,46,25665,4.7,1074,B07QL31TRK
2025-04-27,46,25553,N.A.,N.A.,B07QL31TRK
2025-04-28,58,20216,N.A.,N.A.,B07QL31TRK
2025-04-29,64,18504,N.A.,N.A.,B07QL31TRK
2025-04-30,59,20509,N.A.,N.A.,B07QL31TRK
2025-05-01,61,19973,N.A.,N.A.,B07QL31TRK
2025-05-02,67,18248,N.A.,N.A.,B07QL31TRK
2025-05-03,59,21821,N.A.,N.A.,B07QL31TRK
2025-05-04,72,17354,4.8,1082,B07QL31TRK
2025-05-05,85,14404,N.A.,N.A.,B07QL31TRK
2025-05-06,92,13208,N.A.,N.A.,B07QL31TRK
2025-05-07,99,12160,N.A.,N.A.,B07QL31TRK
2025-05-08,111,10625,N.A.,N.A.,B07QL31TRK
2025-05-09,109,10798,N.A.,N.A.,B07QL31TRK
2025-05-10,108,10970,N.A.,N.A.,B07QL31TRK
2025-05-11,125,9187,4.8,1085,B07QL31TRK
2025-05-12,108,10914,N.A.,N.A.,B07QL31TRK
2025-05-13,97,12444,N.A.,N.A.,B07QL31TRK
2025-05-14,98,12260,N.A.,N.A.,B07QL31TRK
2025-05-15,92,13193,N.A.,N.A.,B07QL31TRK
2025-02-17,361,864,N.A.,N.A.,B0869DXL98
2025-02-18,359,874,N.A.,N.A.,B0869DXL98
2025-02-19,364,849,N.A.,N.A.,B0869DXL98
2025-02-20,342,962,N.A.,N.A.,B0869DXL98
2025-02-21,324,1072,N.A.,N.A.,B0869DXL98
2025-02-22,334,1010,4.4,2862,B0869DXL98
2025-02-23,355,1002,N.A.,N.A.,B0869DXL98
2025-02-24,374,902,N.A.,N.A.,B0869DXL98
2025-02-25,365,947,N.A.,N.A.,B0869DXL98
2025-02-26,405,760,N.A.,N.A.,B0869DXL98
2025-02-27,430,664,N.A.,N.A.,B0869DXL98
2025-02-28,445,615,N.A.,N.A.,B0869DXL98
2025-03-01,414,723,N.A.,N.A.,B0869DXL98
2025-03-02,427,677,N.A.,N.A.,B0869DXL98
2025-03-03,431,652,N.A.,N.A.,B0869DXL98
2025-03-04,427,661,N.A.,N.A.,B0869DXL98
2025-03-05,438,618,N.A.,N.A.,B0869DXL98
2025-03-06,435,623,N.A.,N.A.,B0869DXL98
2025-03-07,409,713,N.A.,N.A.,B0869DXL98
2025-03-08,394,766,N.A.,N.A.,B0869DXL98
2025-03-09,386,807,N.A.,N.A.,B0869DXL98
2025-03-10,435,654,N.A.,N.A.,B0869DXL98
2025-03-11,444,649,N.A.,N.A.,B0869DXL98
2025-03-12,439,681,N.A.,N.A.,B0869DXL98
2025-03-13,445,678,N.A.,N.A.,B0869DXL98
2025-03-14,425,776,N.A.,N.A.,B0869DXL98
2025-03-15,439,768,N.A.,N.A.,B0869DXL98
2025-03-16,480,633,N.A.,N.A.,B0869DXL98
2025-03-17,483,641,N.A.,N.A.,B0869DXL98
2025-03-18,473,682,N.A.,N.A.,B0869DXL98
2025-03-19,478,674,N.A.,N.A.,B0869DXL98
2025-03-20,488,649,N.A.,N.A.,B0869DXL98
2025-03-21,497,634,N.A.,N.A.,B0869DXL98
2025-03-22,506,627,N.A.,N.A.,B0869DXL98
2025-03-23,492,665,N.A.,N.A.,B0869DXL98
2025-03-24,504,627,N.A.,N.A.,B0869DXL98
2025-03-25,588,437,N.A.,N.A.,B0869DXL98
2025-03-26,735,246,4.4,2927,B0869DXL98
2025-03-27,748,233,N.A.,N.A.,B0869DXL98
2025-03-28,743,233,N.A.,N.A.,B0869DXL98
2025-03-29,724,245,N.A.,N.A.,B0869DXL98
2025-03-30,756,216,N.A.,N.A.,B0869DXL98
2025-03-31,760,213,N.A.,N.A.,B0869DXL98
2025-04-01,761,212,N.A.,N.A.,B0869DXL98
2025-04-02,677,294,N.A.,N.A.,B0869DXL98
2025-04-03,611,386,N.A.,N.A.,B0869DXL98
2025-04-04,591,419,N.A.,N.A.,B0869DXL98
2025-04-05,572,455,N.A.,N.A.,B0869DXL98
2025-04-06,520,499,N.A.,N.A.,B0869DXL98
2025-04-07,504,542,N.A.,N.A.,B0869DXL98
2025-04-08,493,573,N.A.,N.A.,B0869DXL98
2025-04-09,488,588,N.A.,N.A.,B0869DXL98
2025-04-10,505,537,N.A.,N.A.,B0869DXL98
2025-04-11,472,639,N.A.,N.A.,B0869DXL98
2025-04-12,463,673,N.A.,N.A.,B0869DXL98
2025-04-13,465,664,N.A.,N.A.,B0869DXL98
2025-04-14,490,600,N.A.,N.A.,B0869DXL98
2025-04-15,469,681,N.A.,N.A.,B0869DXL98
2025-04-16,483,640,N.A.,N.A.,B0869DXL98
2025-04-17,486,636,N.A.,N.A.,B0869DXL98
2025-04-18,478,674,N.A.,N.A.,B0869DXL98
2025-04-19,469,722,N.A.,N.A.,B0869DXL98
2025-04-20,477,694,N.A.,N.A.,B0869DXL98
2025-04-21,460,758,N.A.,N.A.,B0869DXL98
2025-04-22,464,742,N.A.,N.A.,B0869DXL98
2025-04-23,496,633,N.A.,N.A.,B0869DXL98
2025-04-24,460,757,N.A.,N.A.,B0869DXL98
2025-04-25,462,749,N.A.,N.A.,B0869DXL98
2025-04-26,23,50624,4.4,3195,B0869DXL98
2025-04-27,471,907,N.A.,N.A.,B0869DXL98
2025-04-28,495,818,N.A.,N.A.,B0869DXL98
2025-04-29,521,733,N.A.,N.A.,B0869DXL98
2025-04-30,540,677,N.A.,N.A.,B0869DXL98
2025-05-01,561,623,N.A.,N.A.,B0869DXL98
2025-05-02,528,711,N.A.,N.A.,B0869DXL98
2025-05-03,541,674,N.A.,N.A.,B0869DXL98
2025-05-04,515,751,N.A.,N.A.,B0869DXL98
2025-05-05,529,708,N.A.,N.A.,B0869DXL98
2025-05-06,508,772,N.A.,N.A.,B0869DXL98
2025-05-07,533,698,N.A.,N.A.,B0869DXL98
2025-05-08,486,849,N.A.,N.A.,B0869DXL98
2025-05-09,487,845,N.A.,N.A.,B0869DXL98
2025-05-10,482,862,N.A.,N.A.,B0869DXL98
2025-05-11,484,855,N.A.,N.A.,B0869DXL98
2025-05-12,486,850,N.A.,N.A.,B0869DXL98
2025-05-13,520,736,N.A.,N.A.,B0869DXL98
2025-05-14,520,734,N.A.,N.A.,B0869DXL98
2025-05-15,523,725,N.A.,N.A.,B0869DXL98
2025-02-17,638,65,N.A.,N.A.,B088DZWSF6
2025-02-18,685,56,N.A.,N.A.,B088DZWSF6
2025-02-19,773,43,N.A.,N.A.,B088DZWSF6
2025-02-20,742,47,N.A.,N.A.,B088DZWSF6
2025-02-21,789,41,N.A.,N.A.,B088DZWSF6
2025-02-22,685,56,4.5,15109,B088DZWSF6
2025-02-23,634,66,N.A.,N.A.,B088DZWSF6
2025-02-24,600,74,N.A.,N.A.,B088DZWSF6
2025-02-25,674,58,N.A.,N.A.,B088DZWSF6
2025-02-26,608,72,N.A.,N.A.,B088DZWSF6
2025-02-27,639,65,N.A.,N.A.,B088DZWSF6
2025-02-28,675,58,N.A.,N.A.,B088DZWSF6
2025-03-01,676,58,N.A.,N.A.,B088DZWSF6
2025-03-02,589,77,4.5,15153,B088DZWSF6
2025-03-03,711,52,N.A.,N.A.,B088DZWSF6
2025-03-04,718,51,N.A.,N.A.,B088DZWSF6
2025-03-05,761,45,N.A.,N.A.,B088DZWSF6
2025-03-06,769,44,N.A.,N.A.,B088DZWSF6
2025-03-07,794,41,N.A.,N.A.,B088DZWSF6
2025-03-08,640,65,N.A.,N.A.,B088DZWSF6
2025-03-09,522,94,4.5,15185,B088DZWSF6
2025-03-10,659,56,N.A.,N.A.,B088DZWSF6
2025-03-11,622,64,N.A.,N.A.,B088DZWSF6
2025-03-12,598,70,N.A.,N.A.,B088DZWSF6
2025-03-13,631,62,N.A.,N.A.,B088DZWSF6
2025-03-14,675,53,N.A.,N.A.,B088DZWSF6
2025-03-15,559,81,N.A.,N.A.,B088DZWSF6
2025-03-16,437,136,N.A.,N.A.,B088DZWSF6
2025-03-17,496,109,4.5,15226,B088DZWSF6
2025-03-18,601,74,N.A.,N.A.,B088DZWSF6
2025-03-19,761,44,N.A.,N.A.,B088DZWSF6
2025-03-20,681,58,N.A.,N.A.,B088DZWSF6
2025-03-21,711,54,N.A.,N.A.,B088DZWSF6
2025-03-22,749,50,N.A.,N.A.,B088DZWSF6
2025-03-23,724,54,N.A.,N.A.,B088DZWSF6
2025-03-24,681,62,4.5,15274,B088DZWSF6
2025-03-25,672,64,N.A.,N.A.,B088DZWSF6
2025-03-26,663,66,N.A.,N.A.,B088DZWSF6
2025-03-27,637,72,N.A.,N.A.,B088DZWSF6
2025-03-28,654,68,N.A.,N.A.,B088DZWSF6
2025-03-29,641,71,N.A.,N.A.,B088DZWSF6
2025-03-30,555,73,N.A.,N.A.,B088DZWSF6
2025-03-31,544,77,4.5,15312,B088DZWSF6
2025-04-01,558,72,N.A.,N.A.,B088DZWSF6
2025-04-02,634,52,N.A.,N.A.,B088DZWSF6
2025-04-03,625,54,N.A.,N.A.,B088DZWSF6
2025-04-04,604,59,N.A.,N.A.,B088DZWSF6
2025-04-05,616,56,N.A.,N.A.,B088DZWSF6
2025-04-06,571,68,N.A.,N.A.,B088DZWSF6
2025-04-07,562,71,4.5,15362,B088DZWSF6
2025-04-08,659,47,N.A.,N.A.,B088DZWSF6
2025-04-09,675,44,N.A.,N.A.,B088DZWSF6
2025-04-10,575,67,N.A.,N.A.,B088DZWSF6
2025-04-11,612,57,N.A.,N.A.,B088DZWSF6
2025-04-12,549,75,N.A.,N.A.,B088DZWSF6
2025-04-13,508,93,N.A.,N.A.,B088DZWSF6
2025-04-14,474,112,N.A.,N.A.,B088DZWSF6
2025-04-15,534,87,4.5,15408,B088DZWSF6
2025-04-16,539,87,N.A.,N.A.,B088DZWSF6
2025-04-17,545,87,N.A.,N.A.,B088DZWSF6
2025-04-18,550,87,N.A.,N.A.,B088DZWSF6
2025-04-19,617,68,N.A.,N.A.,B088DZWSF6
2025-04-20,605,73,N.A.,N.A.,B088DZWSF6
2025-04-21,579,83,N.A.,N.A.,B088DZWSF6
2025-04-22,614,74,N.A.,N.A.,B088DZWSF6
2025-04-23,660,64,4.5,15462,B088DZWSF6
2025-04-24,654,67,N.A.,N.A.,B088DZWSF6
2025-04-25,713,56,N.A.,N.A.,B088DZWSF6
2025-04-26,699,60,N.A.,N.A.,B088DZWSF6
2025-04-27,649,73,N.A.,N.A.,B088DZWSF6
2025-04-28,597,88,N.A.,N.A.,B088DZWSF6
2025-04-29,623,80,N.A.,N.A.,B088DZWSF6
2025-04-30,638,76,N.A.,N.A.,B088DZWSF6
2025-05-01,683,65,4.5,15512,B088DZWSF6
2025-05-02,717,58,N.A.,N.A.,B088DZWSF6
2025-05-03,697,62,N.A.,N.A.,B088DZWSF6
2025-05-04,678,66,N.A.,N.A.,B088DZWSF6
2025-05-05,591,90,N.A.,N.A.,B088DZWSF6
2025-05-06,683,65,N.A.,N.A.,B088DZWSF6
2025-05-07,669,68,N.A.,N.A.,B088DZWSF6
2025-05-08,733,55,N.A.,N.A.,B088DZWSF6
2025-05-09,661,70,4.5,15565,B088DZWSF6
2025-05-10,627,79,N.A.,N.A.,B088DZWSF6
2025-05-11,530,114,N.A.,N.A.,B088DZWSF6
2025-05-12,427,178,N.A.,N.A.,B088DZWSF6
2025-05-13,431,175,N.A.,N.A.,B088DZWSF6
2025-05-14,381,223,N.A.,N.A.,B088DZWSF6
2025-05-15,455,157,N.A.,N.A.,B088DZWSF6
2025-02-17,557,321,N.A.,N.A.,B0C898YLJM
2025-02-18,569,304,N.A.,N.A.,B0C898YLJM
2025-02-19,562,313,N.A.,N.A.,B0C898YLJM
2025-02-20,571,301,N.A.,N.A.,B0C898YLJM
2025-02-21,577,293,4.6,2212,B0C898YLJM
2025-02-22,566,308,N.A.,N.A.,B0C898YLJM
2025-02-23,619,275,N.A.,N.A.,B0C898YLJM
2025-02-24,604,293,N.A.,N.A.,B0C898YLJM
2025-02-25,591,310,N.A.,N.A.,B0C898YLJM
2025-02-26,578,328,N.A.,N.A.,B0C898YLJM
2025-02-27,575,332,N.A.,N.A.,B0C898YLJM
2025-02-28,573,335,N.A.,N.A.,B0C898YLJM
2025-03-01,571,339,N.A.,N.A.,B0C898YLJM
2025-03-02,569,342,4.6,2241,B0C898YLJM
2025-03-03,560,347,N.A.,N.A.,B0C898YLJM
2025-03-04,552,354,N.A.,N.A.,B0C898YLJM
2025-03-05,553,348,N.A.,N.A.,B0C898YLJM
2025-03-06,576,309,N.A.,N.A.,B0C898YLJM
2025-03-07,558,329,N.A.,N.A.,B0C898YLJM
2025-03-08,535,358,N.A.,N.A.,B0C898YLJM
2025-03-09,521,386,4.6,2276,B0C898YLJM
2025-03-10,543,380,N.A.,N.A.,B0C898YLJM
2025-03-11,559,371,N.A.,N.A.,B0C898YLJM
2025-03-12,528,444,N.A.,N.A.,B0C898YLJM
2025-03-13,535,444,N.A.,N.A.,B0C898YLJM
2025-03-14,540,454,N.A.,N.A.,B0C898YLJM
2025-03-15,583,407,N.A.,N.A.,B0C898YLJM
2025-03-16,550,467,4.6,2303,B0C898YLJM
2025-03-17,533,515,N.A.,N.A.,B0C898YLJM
2025-03-18,572,446,N.A.,N.A.,B0C898YLJM
2025-03-19,564,465,N.A.,N.A.,B0C898YLJM
2025-03-20,567,465,N.A.,N.A.,B0C898YLJM
2025-03-21,551,504,N.A.,N.A.,B0C898YLJM
2025-03-22,583,454,N.A.,N.A.,B0C898YLJM
2025-03-23,527,572,4.5,2331,B0C898YLJM
2025-03-24,520,585,N.A.,N.A.,B0C898YLJM
2025-03-25,547,520,N.A.,N.A.,B0C898YLJM
2025-03-26,670,315,N.A.,N.A.,B0C898YLJM
2025-03-27,664,320,N.A.,N.A.,B0C898YLJM
2025-03-28,678,299,N.A.,N.A.,B0C898YLJM
2025-03-29,614,380,N.A.,N.A.,B0C898YLJM
2025-03-30,600,403,N.A.,N.A.,B0C898YLJM
2025-03-31,586,429,4.6,2367,B0C898YLJM
2025-04-01,607,392,N.A.,N.A.,B0C898YLJM
2025-04-02,548,505,N.A.,N.A.,B0C898YLJM
2025-04-03,501,624,N.A.,N.A.,B0C898YLJM
2025-04-04,494,646,N.A.,N.A.,B0C898YLJM
2025-04-05,495,641,N.A.,N.A.,B0C898YLJM
2025-04-06,469,651,N.A.,N.A.,B0C898YLJM
2025-04-07,454,704,N.A.,N.A.,B0C898YLJM
2025-04-08,459,687,4.6,2400,B0C898YLJM
2025-04-09,458,690,N.A.,N.A.,B0C898YLJM
2025-04-10,440,762,N.A.,N.A.,B0C898YLJM
2025-04-11,410,900,N.A.,N.A.,B0C898YLJM
2025-04-12,421,843,N.A.,N.A.,B0C898YLJM
2025-04-13,375,1098,N.A.,N.A.,B0C898YLJM
2025-04-14,370,1153,N.A.,N.A.,B0C898YLJM
2025-04-15,367,1184,4.6,2416,B0C898YLJM
2025-04-16,366,1200,N.A.,N.A.,B0C898YLJM
2025-04-17,345,1368,N.A.,N.A.,B0C898YLJM
2025-04-18,356,1295,N.A.,N.A.,B0C898YLJM
2025-04-19,337,1472,N.A.,N.A.,B0C898YLJM
2025-04-20,340,1441,N.A.,N.A.,B0C898YLJM
2025-04-21,311,1719,N.A.,N.A.,B0C898YLJM
2025-04-22,357,1309,4.5,2452,B0C898YLJM
2025-04-23,352,1348,N.A.,N.A.,B0C898YLJM
2025-04-24,338,1460,N.A.,N.A.,B0C898YLJM
2025-04-25,339,1455,N.A.,N.A.,B0C898YLJM
2025-04-26,299,1846,N.A.,N.A.,B0C898YLJM
2025-04-27,292,2237,N.A.,N.A.,B0C898YLJM
2025-04-28,322,1889,N.A.,N.A.,B0C898YLJM
2025-04-29,326,1842,N.A.,N.A.,B0C898YLJM
2025-04-30,306,2058,4.5,2488,B0C898YLJM
2025-05-01,289,2277,N.A.,N.A.,B0C898YLJM
2025-05-02,292,2238,N.A.,N.A.,B0C898YLJM
2025-05-03,293,2232,N.A.,N.A.,B0C898YLJM
2025-05-04,281,2387,N.A.,N.A.,B0C898YLJM
2025-05-05,272,2535,N.A.,N.A.,B0C898YLJM
2025-05-06,285,2333,N.A.,N.A.,B0C898YLJM
2025-05-07,288,2294,N.A.,N.A.,B0C898YLJM
2025-05-08,281,2396,4.5,2505,B0C898YLJM
2025-05-09,255,2811,N.A.,N.A.,B0C898YLJM
2025-05-10,255,2824,N.A.,N.A.,B0C898YLJM
2025-05-11,290,2272,N.A.,N.A.,B0C898YLJM
2025-05-12,287,2312,N.A.,N.A.,B0C898YLJM
2025-05-13,325,1851,N.A.,N.A.,B0C898YLJM
2025-05-14,313,1985,N.A.,N.A.,B0C898YLJM
2025-05-15,349,1629,N.A.,N.A.,B0C898YLJM
2025-02-17,829,106,N.A.,N.A.,B0B3CHW5SV
2025-02-18,829,106,N.A.,N.A.,B0B3CHW5SV
2025-02-19,819,110,N.A.,N.A.,B0B3CHW5SV
2025-02-20,803,117,N.A.,N.A.,B0B3CHW5SV
2025-02-21,865,93,N.A.,N.A.,B0B3CHW5SV
2025-02-22,817,111,4.4,4112,B0B3CHW5SV
2025-02-23,881,98,N.A.,N.A.,B0B3CHW5SV
2025-02-24,910,88,N.A.,N.A.,B0B3CHW5SV
2025-02-25,947,77,N.A.,N.A.,B0B3CHW5SV
2025-02-26,1028,58,N.A.,N.A.,B0B3CHW5SV
2025-02-27,1048,54,N.A.,N.A.,B0B3CHW5SV
2025-02-28,1013,61,N.A.,N.A.,B0B3CHW5SV
2025-03-01,944,78,N.A.,N.A.,B0B3CHW5SV
2025-03-02,913,87,N.A.,N.A.,B0B3CHW5SV
2025-03-03,1015,56,N.A.,N.A.,B0B3CHW5SV
2025-03-04,983,60,N.A.,N.A.,B0B3CHW5SV
2025-03-05,961,63,N.A.,N.A.,B0B3CHW5SV
2025-03-06,926,70,N.A.,N.A.,B0B3CHW5SV
2025-03-07,884,79,N.A.,N.A.,B0B3CHW5SV
2025-03-08,854,83,N.A.,N.A.,B0B3CHW5SV
2025-03-09,833,91,N.A.,N.A.,B0B3CHW5SV
2025-03-10,938,72,N.A.,N.A.,B0B3CHW5SV
2025-03-11,996,65,N.A.,N.A.,B0B3CHW5SV
2025-03-12,988,72,N.A.,N.A.,B0B3CHW5SV
2025-03-13,931,94,N.A.,N.A.,B0B3CHW5SV
2025-03-14,919,107,N.A.,N.A.,B0B3CHW5SV
2025-03-15,954,109,N.A.,N.A.,B0B3CHW5SV
2025-03-16,919,122,N.A.,N.A.,B0B3CHW5SV
2025-03-17,1016,93,N.A.,N.A.,B0B3CHW5SV
2025-03-18,1073,80,N.A.,N.A.,B0B3CHW5SV
2025-03-19,1069,82,N.A.,N.A.,B0B3CHW5SV
2025-03-20,1104,75,N.A.,N.A.,B0B3CHW5SV
2025-03-21,1140,69,N.A.,N.A.,B0B3CHW5SV
2025-03-22,1085,84,N.A.,N.A.,B0B3CHW5SV
2025-03-23,1102,80,N.A.,N.A.,B0B3CHW5SV
2025-03-24,1153,65,4.4,4295,B0B3CHW5SV
2025-03-25,1544,20,N.A.,N.A.,B0B3CHW5SV
2025-03-26,1769,10,N.A.,N.A.,B0B3CHW5SV
2025-03-27,1748,10,N.A.,N.A.,B0B3CHW5SV
2025-03-28,1584,15,N.A.,N.A.,B0B3CHW5SV
2025-03-29,1452,20,N.A.,N.A.,B0B3CHW5SV
2025-03-30,1540,15,N.A.,N.A.,B0B3CHW5SV
2025-03-31,1584,13,N.A.,N.A.,B0B3CHW5SV
2025-04-01,1562,14,N.A.,N.A.,B0B3CHW5SV
2025-04-02,1327,30,N.A.,N.A.,B0B3CHW5SV
2025-04-03,1232,41,N.A.,N.A.,B0B3CHW5SV
2025-04-04,1204,45,N.A.,N.A.,B0B3CHW5SV
2025-04-05,1113,61,N.A.,N.A.,B0B3CHW5SV
2025-04-06,967,59,N.A.,N.A.,B0B3CHW5SV
2025-04-07,960,61,N.A.,N.A.,B0B3CHW5SV
2025-04-08,943,66,N.A.,N.A.,B0B3CHW5SV
2025-04-09,934,69,N.A.,N.A.,B0B3CHW5SV
2025-04-10,953,63,N.A.,N.A.,B0B3CHW5SV
2025-04-11,899,81,N.A.,N.A.,B0B3CHW5SV
2025-04-12,842,106,N.A.,N.A.,B0B3CHW5SV
2025-04-13,830,112,N.A.,N.A.,B0B3CHW5SV
2025-04-14,891,91,N.A.,N.A.,B0B3CHW5SV
2025-04-15,893,94,N.A.,N.A.,B0B3CHW5SV
2025-04-16,905,92,N.A.,N.A.,B0B3CHW5SV
2025-04-17,899,97,N.A.,N.A.,B0B3CHW5SV
2025-04-18,832,135,N.A.,N.A.,B0B3CHW5SV
2025-04-19,872,121,N.A.,N.A.,B0B3CHW5SV
2025-04-20,846,135,N.A.,N.A.,B0B3CHW5SV
2025-04-21,923,98,N.A.,N.A.,B0B3CHW5SV
2025-04-22,911,103,N.A.,N.A.,B0B3CHW5SV
2025-04-23,923,98,4.4,4531,B0B3CHW5SV
2025-04-24,935,93,N.A.,N.A.,B0B3CHW5SV
2025-04-25,50,22903,N.A.,N.A.,B0B3CHW5SV
2025-04-26,726,224,N.A.,N.A.,B0B3CHW5SV
2025-04-27,908,188,N.A.,N.A.,B0B3CHW5SV
2025-04-28,1044,125,N.A.,N.A.,B0B3CHW5SV
2025-04-29,1042,126,N.A.,N.A.,B0B3CHW5SV
2025-04-30,1034,129,N.A.,N.A.,B0B3CHW5SV
2025-05-01,1028,131,N.A.,N.A.,B0B3CHW5SV
2025-05-02,989,147,N.A.,N.A.,B0B3CHW5SV
2025-05-03,985,149,N.A.,N.A.,B0B3CHW5SV
2025-05-04,991,146,N.A.,N.A.,B0B3CHW5SV
2025-05-05,1034,129,N.A.,N.A.,B0B3CHW5SV
2025-05-06,1008,139,N.A.,N.A.,B0B3CHW5SV
2025-05-07,982,150,N.A.,N.A.,B0B3CHW5SV
2025-05-08,969,156,N.A.,N.A.,B0B3CHW5SV
2025-05-09,1001,142,N.A.,N.A.,B0B3CHW5SV
2025-05-10,974,154,N.A.,N.A.,B0B3CHW5SV
2025-05-11,987,148,N.A.,N.A.,B0B3CHW5SV
2025-05-12,1056,121,N.A.,N.A.,B0B3CHW5SV
2025-05-13,1086,111,N.A.,N.A.,B0B3CHW5SV
2025-05-14,1083,112,N.A.,N.A.,B0B3CHW5SV
2025-05-15,1105,105,N.A.,N.A.,B0B3CHW5SV
2025-02-17,110,1302,N.A.,N.A.,B005NZ7PEQ
2025-02-18,92,1666,N.A.,N.A.,B005NZ7PEQ
2025-02-19,98,1530,N.A.,N.A.,B005NZ7PEQ
2025-02-20,90,1714,N.A.,N.A.,B005NZ7PEQ
2025-02-21,92,1672,4.5,7863,B005NZ7PEQ
2025-02-22,85,1875,N.A.,N.A.,B005NZ7PEQ
2025-02-23,94,1633,N.A.,N.A.,B005NZ7PEQ
2025-02-24,85,1857,N.A.,N.A.,B005NZ7PEQ
2025-02-25,95,1604,N.A.,N.A.,B005NZ7PEQ
2025-02-26,89,1757,N.A.,N.A.,B005NZ7PEQ
2025-02-27,91,1715,N.A.,N.A.,B005NZ7PEQ
2025-02-28,81,2031,4.5,7869,B005NZ7PEQ
2025-03-01,78,2121,N.A.,N.A.,B005NZ7PEQ
2025-03-02,80,2076,N.A.,N.A.,B005NZ7PEQ
2025-03-03,74,2269,N.A.,N.A.,B005NZ7PEQ
2025-03-04,75,2259,N.A.,N.A.,B005NZ7PEQ
2025-03-05,73,2335,N.A.,N.A.,B005NZ7PEQ
2025-03-06,79,2101,N.A.,N.A.,B005NZ7PEQ
2025-03-07,74,2293,N.A.,N.A.,B005NZ7PEQ
2025-03-08,77,2180,4.5,7875,B005NZ7PEQ
2025-03-09,80,2268,N.A.,N.A.,B005NZ7PEQ
2025-03-10,89,1936,N.A.,N.A.,B005NZ7PEQ
2025-03-11,93,1844,N.A.,N.A.,B005NZ7PEQ
2025-03-12,84,2101,N.A.,N.A.,B005NZ7PEQ
2025-03-13,77,2357,N.A.,N.A.,B005NZ7PEQ
2025-03-14,86,2059,N.A.,N.A.,B005NZ7PEQ
2025-03-15,80,2240,N.A.,N.A.,B005NZ7PEQ
2025-03-16,88,1978,4.5,7884,B005NZ7PEQ
2025-03-17,78,2405,N.A.,N.A.,B005NZ7PEQ
2025-03-18,80,2351,N.A.,N.A.,B005NZ7PEQ
2025-03-19,83,2225,N.A.,N.A.,B005NZ7PEQ
2025-03-20,80,2368,N.A.,N.A.,B005NZ7PEQ
2025-03-21,84,2236,N.A.,N.A.,B005NZ7PEQ
2025-03-22,81,2413,N.A.,N.A.,B005NZ7PEQ
2025-03-23,80,2463,4.5,7881,B005NZ7PEQ
2025-03-24,78,2532,N.A.,N.A.,B005NZ7PEQ
2025-03-25,79,2485,N.A.,N.A.,B005NZ7PEQ
2025-03-26,74,2731,N.A.,N.A.,B005NZ7PEQ
2025-03-27,74,2748,N.A.,N.A.,B005NZ7PEQ
2025-03-28,77,2584,N.A.,N.A.,B005NZ7PEQ
2025-03-29,71,2906,N.A.,N.A.,B005NZ7PEQ
2025-03-30,62,3540,N.A.,N.A.,B005NZ7PEQ
2025-03-31,69,3101,4.5,7887,B005NZ7PEQ
2025-04-01,66,3308,N.A.,N.A.,B005NZ7PEQ
2025-04-02,72,2901,N.A.,N.A.,B005NZ7PEQ
2025-04-03,69,3106,N.A.,N.A.,B005NZ7PEQ
2025-04-04,74,2804,N.A.,N.A.,B005NZ7PEQ
2025-04-05,70,3052,N.A.,N.A.,B005NZ7PEQ
2025-04-06,72,2941,N.A.,N.A.,B005NZ7PEQ
2025-04-07,70,3041,4.5,7898,B005NZ7PEQ
2025-04-08,66,3300,N.A.,N.A.,B005NZ7PEQ
2025-04-09,77,2670,N.A.,N.A.,B005NZ7PEQ
2025-04-10,73,2853,N.A.,N.A.,B005NZ7PEQ
2025-04-11,72,2916,N.A.,N.A.,B005NZ7PEQ
2025-04-12,65,3341,N.A.,N.A.,B005NZ7PEQ
2025-04-13,70,3048,N.A.,N.A.,B005NZ7PEQ
2025-04-14,68,3201,N.A.,N.A.,B005NZ7PEQ
2025-04-15,71,3039,4.5,7906,B005NZ7PEQ
2025-04-16,67,3252,N.A.,N.A.,B005NZ7PEQ
2025-04-17,66,3365,N.A.,N.A.,B005NZ7PEQ
2025-04-18,62,3647,N.A.,N.A.,B005NZ7PEQ
2025-04-19,69,3171,N.A.,N.A.,B005NZ7PEQ
2025-04-20,73,2983,N.A.,N.A.,B005NZ7PEQ
2025-04-21,79,2687,N.A.,N.A.,B005NZ7PEQ
2025-04-22,69,3229,4.5,7909,B005NZ7PEQ
2025-04-23,68,3299,N.A.,N.A.,B005NZ7PEQ
2025-04-24,77,2813,N.A.,N.A.,B005NZ7PEQ
2025-04-25,67,3396,N.A.,N.A.,B005NZ7PEQ
2025-04-26,61,3820,N.A.,N.A.,B005NZ7PEQ
2025-04-27,75,2931,N.A.,N.A.,B005NZ7PEQ
2025-04-28,64,3614,N.A.,N.A.,B005NZ7PEQ
2025-04-29,68,3312,N.A.,N.A.,B005NZ7PEQ
2025-04-30,55,4387,4.5,7917,B005NZ7PEQ
2025-05-01,54,4444,N.A.,N.A.,B005NZ7PEQ
2025-05-02,50,4878,N.A.,N.A.,B005NZ7PEQ
2025-05-03,69,3262,N.A.,N.A.,B005NZ7PEQ
2025-05-04,68,3347,N.A.,N.A.,B005NZ7PEQ
2025-05-05,78,2804,N.A.,N.A.,B005NZ7PEQ
2025-05-06,75,2923,N.A.,N.A.,B005NZ7PEQ
2025-05-07,78,2777,4.5,7921,B005NZ7PEQ
2025-05-08,80,2707,N.A.,N.A.,B005NZ7PEQ
2025-05-09,78,2793,N.A.,N.A.,B005NZ7PEQ
2025-05-10,76,2878,N.A.,N.A.,B005NZ7PEQ
2025-05-11,76,2874,N.A.,N.A.,B005NZ7PEQ
2025-05-12,66,3477,N.A.,N.A.,B005NZ7PEQ
2025-05-13,64,3600,N.A.,N.A.,B005NZ7PEQ
2025-05-14,56,4277,N.A.,N.A.,B005NZ7PEQ
2025-05-15,71,3157,4.5,7929,B005NZ7PEQ
2025-02-17,231,426,N.A.,N.A.,B07JQCVBBZ
2025-02-18,226,442,N.A.,N.A.,B07JQCVBBZ
2025-02-19,269,329,N.A.,N.A.,B07JQCVBBZ
2025-02-20,263,342,N.A.,N.A.,B07JQCVBBZ
2025-02-21,255,361,N.A.,N.A.,B07JQCVBBZ
2025-02-22,247,380,N.A.,N.A.,B07JQCVBBZ
2025-02-23,240,399,4.4,7991,B07JQCVBBZ
2025-02-24,261,348,N.A.,N.A.,B07JQCVBBZ
2025-02-25,255,362,N.A.,N.A.,B07JQCVBBZ
2025-02-26,245,387,N.A.,N.A.,B07JQCVBBZ
2025-02-27,236,411,N.A.,N.A.,B07JQCVBBZ
2025-02-28,251,371,N.A.,N.A.,B07JQCVBBZ
2025-03-01,224,449,N.A.,N.A.,B07JQCVBBZ
2025-03-02,203,527,4.4,7999,B07JQCVBBZ
2025-03-03,182,622,N.A.,N.A.,B07JQCVBBZ
2025-03-04,202,531,N.A.,N.A.,B07JQCVBBZ
2025-03-05,198,545,N.A.,N.A.,B07JQCVBBZ
2025-03-06,215,478,N.A.,N.A.,B07JQCVBBZ
2025-03-07,230,430,N.A.,N.A.,B07JQCVBBZ
2025-03-08,207,508,N.A.,N.A.,B07JQCVBBZ
2025-03-09,197,586,4.4,8012,B07JQCVBBZ
2025-03-10,205,547,N.A.,N.A.,B07JQCVBBZ
2025-03-11,246,402,N.A.,N.A.,B07JQCVBBZ
2025-03-12,239,422,N.A.,N.A.,B07JQCVBBZ
2025-03-13,264,354,N.A.,N.A.,B07JQCVBBZ
2025-03-14,257,372,N.A.,N.A.,B07JQCVBBZ
2025-03-15,250,390,N.A.,N.A.,B07JQCVBBZ
2025-03-16,228,457,4.4,8013,B07JQCVBBZ
2025-03-17,216,516,N.A.,N.A.,B07JQCVBBZ
2025-03-18,235,456,N.A.,N.A.,B07JQCVBBZ
2025-03-19,220,513,N.A.,N.A.,B07JQCVBBZ
2025-03-20,222,513,N.A.,N.A.,B07JQCVBBZ
2025-03-21,191,670,N.A.,N.A.,B07JQCVBBZ
2025-03-22,195,665,N.A.,N.A.,B07JQCVBBZ
2025-03-23,160,904,N.A.,N.A.,B07JQCVBBZ
2025-03-24,172,808,4.4,8020,B07JQCVBBZ
2025-03-25,193,675,N.A.,N.A.,B07JQCVBBZ
2025-03-26,174,793,N.A.,N.A.,B07JQCVBBZ
2025-03-27,156,940,N.A.,N.A.,B07JQCVBBZ
2025-03-28,145,1051,N.A.,N.A.,B07JQCVBBZ
2025-03-29,129,1253,N.A.,N.A.,B07JQCVBBZ
2025-03-30,108,1639,N.A.,N.A.,B07JQCVBBZ
2025-03-31,99,1863,N.A.,N.A.,B07JQCVBBZ
2025-04-01,124,1333,4.4,8483,B07JQCVBBZ
2025-04-02,166,837,N.A.,N.A.,B07JQCVBBZ
2025-04-03,186,691,N.A.,N.A.,B07JQCVBBZ
2025-04-04,214,541,N.A.,N.A.,B07JQCVBBZ
2025-04-05,225,494,N.A.,N.A.,B07JQCVBBZ
2025-04-06,192,655,N.A.,N.A.,B07JQCVBBZ
2025-04-07,234,460,N.A.,N.A.,B07JQCVBBZ
2025-04-08,224,499,4.4,8494,B07JQCVBBZ
2025-04-09,222,506,N.A.,N.A.,B07JQCVBBZ
2025-04-10,208,570,N.A.,N.A.,B07JQCVBBZ
2025-04-11,210,557,N.A.,N.A.,B07JQCVBBZ
2025-04-12,222,507,N.A.,N.A.,B07JQCVBBZ
2025-04-13,210,563,N.A.,N.A.,B07JQCVBBZ
2025-04-14,192,667,N.A.,N.A.,B07JQCVBBZ
2025-04-15,202,615,4.5,8530,B07JQCVBBZ
2025-04-16,208,594,N.A.,N.A.,B07JQCVBBZ
2025-04-17,218,553,N.A.,N.A.,B07JQCVBBZ
2025-04-18,203,630,N.A.,N.A.,B07JQCVBBZ
2025-04-19,238,483,N.A.,N.A.,B07JQCVBBZ
2025-04-20,244,467,N.A.,N.A.,B07JQCVBBZ
2025-04-21,305,314,N.A.,N.A.,B07JQCVBBZ
2025-04-22,306,316,N.A.,N.A.,B07JQCVBBZ
2025-04-23,308,317,4.5,8564,B07JQCVBBZ
2025-04-24,292,353,N.A.,N.A.,B07JQCVBBZ
2025-04-25,310,320,N.A.,N.A.,B07JQCVBBZ
2025-04-26,291,364,N.A.,N.A.,B07JQCVBBZ
2025-04-27,272,415,N.A.,N.A.,B07JQCVBBZ
2025-04-28,265,436,N.A.,N.A.,B07JQCVBBZ
2025-04-29,310,328,N.A.,N.A.,B07JQCVBBZ
2025-04-30,329,295,N.A.,N.A.,B07JQCVBBZ
2025-05-01,347,267,4.5,8578,B07JQCVBBZ
2025-05-02,341,275,N.A.,N.A.,B07JQCVBBZ
2025-05-03,346,268,N.A.,N.A.,B07JQCVBBZ
2025-05-04,344,271,N.A.,N.A.,B07JQCVBBZ
2025-05-05,347,267,N.A.,N.A.,B07JQCVBBZ
2025-05-06,308,333,N.A.,N.A.,B07JQCVBBZ
2025-05-07,312,325,N.A.,N.A.,B07JQCVBBZ
2025-05-08,373,233,4.5,8598,B07JQCVBBZ
2025-05-09,361,247,N.A.,N.A.,B07JQCVBBZ
2025-05-10,343,273,N.A.,N.A.,B07JQCVBBZ
2025-05-11,304,340,N.A.,N.A.,B07JQCVBBZ
2025-05-12,323,305,N.A.,N.A.,B07JQCVBBZ
2025-05-13,396,207,N.A.,N.A.,B07JQCVBBZ
2025-05-14,375,230,N.A.,N.A.,B07JQCVBBZ
2025-05-15,355,255,N.A.,N.A.,B07JQCVBBZ
2025-02-17,595,271,N.A.,N.A.,B07CQM36X3
2025-02-18,525,372,N.A.,N.A.,B07CQM36X3
2025-02-19,503,412,N.A.,N.A.,B07CQM36X3
2025-02-20,467,491,N.A.,N.A.,B07CQM36X3
2025-02-21,470,483,N.A.,N.A.,B07CQM36X3
2025-02-22,484,452,4.6,43771,B07CQM36X3
2025-02-23,472,539,N.A.,N.A.,B07CQM36X3
2025-02-24,496,478,N.A.,N.A.,B07CQM36X3
2025-02-25,545,380,N.A.,N.A.,B07CQM36X3
2025-02-26,524,419,N.A.,N.A.,B07CQM36X3
2025-02-27,485,505,N.A.,N.A.,B07CQM36X3
2025-02-28,475,531,N.A.,N.A.,B07CQM36X3
2025-03-01,483,510,4.6,43813,B07CQM36X3
2025-03-02,486,503,N.A.,N.A.,B07CQM36X3
2025-03-03,484,497,N.A.,N.A.,B07CQM36X3
2025-03-04,519,414,N.A.,N.A.,B07CQM36X3
2025-03-05,488,477,N.A.,N.A.,B07CQM36X3
2025-03-06,480,494,N.A.,N.A.,B07CQM36X3
2025-03-07,471,510,N.A.,N.A.,B07CQM36X3
2025-03-08,433,615,N.A.,N.A.,B07CQM36X3
2025-03-09,405,719,4.6,43868,B07CQM36X3
2025-03-10,409,750,N.A.,N.A.,B07CQM36X3
2025-03-11,441,657,N.A.,N.A.,B07CQM36X3
2025-03-12,437,689,N.A.,N.A.,B07CQM36X3
2025-03-13,449,666,N.A.,N.A.,B07CQM36X3
2025-03-14,488,573,N.A.,N.A.,B07CQM36X3
2025-03-15,439,766,N.A.,N.A.,B07CQM36X3
2025-03-16,441,759,4.6,43912,B07CQM36X3
2025-03-17,432,812,N.A.,N.A.,B07CQM36X3
2025-03-18,464,709,N.A.,N.A.,B07CQM36X3
2025-03-19,474,686,N.A.,N.A.,B07CQM36X3
2025-03-20,475,690,N.A.,N.A.,B07CQM36X3
2025-03-21,462,743,N.A.,N.A.,B07CQM36X3
2025-03-22,451,800,N.A.,N.A.,B07CQM36X3
2025-03-23,450,804,4.6,43957,B07CQM36X3
2025-03-24,525,572,N.A.,N.A.,B07CQM36X3
2025-03-25,603,411,N.A.,N.A.,B07CQM36X3
2025-03-26,549,513,N.A.,N.A.,B07CQM36X3
2025-03-27,552,505,N.A.,N.A.,B07CQM36X3
2025-03-28,549,508,N.A.,N.A.,B07CQM36X3
2025-03-29,549,504,N.A.,N.A.,B07CQM36X3
2025-03-30,533,539,4.6,43984,B07CQM36X3
2025-03-31,535,536,N.A.,N.A.,B07CQM36X3
2025-04-01,551,499,N.A.,N.A.,B07CQM36X3
2025-04-02,498,632,N.A.,N.A.,B07CQM36X3
2025-04-03,473,713,N.A.,N.A.,B07CQM36X3
2025-04-04,457,769,N.A.,N.A.,B07CQM36X3
2025-04-05,443,823,N.A.,N.A.,B07CQM36X3
2025-04-06,404,927,N.A.,N.A.,B07CQM36X3
2025-04-07,391,1001,4.6,44035,B07CQM36X3
2025-04-08,410,899,N.A.,N.A.,B07CQM36X3
2025-04-09,382,1055,N.A.,N.A.,B07CQM36X3
2025-04-10,384,1043,N.A.,N.A.,B07CQM36X3
2025-04-11,382,1052,N.A.,N.A.,B07CQM36X3
2025-04-12,385,1037,N.A.,N.A.,B07CQM36X3
2025-04-13,354,1246,N.A.,N.A.,B07CQM36X3
2025-04-14,361,1215,4.6,44080,B07CQM36X3
2025-04-15,335,1436,N.A.,N.A.,B07CQM36X3
2025-04-16,349,1328,N.A.,N.A.,B07CQM36X3
2025-04-17,345,1369,N.A.,N.A.,B07CQM36X3
2025-04-18,343,1396,N.A.,N.A.,B07CQM36X3
2025-04-19,361,1281,N.A.,N.A.,B07CQM36X3
2025-04-20,361,1277,N.A.,N.A.,B07CQM36X3
2025-04-21,359,1297,4.6,44114,B07CQM36X3
2025-04-22,371,1207,N.A.,N.A.,B07CQM36X3
2025-04-23,389,1094,N.A.,N.A.,B07CQM36X3
2025-04-24,366,1241,N.A.,N.A.,B07CQM36X3
2025-04-25,382,1138,N.A.,N.A.,B07CQM36X3
2025-04-26,365,1248,N.A.,N.A.,B07CQM36X3
2025-04-27,399,1264,N.A.,N.A.,B07CQM36X3
2025-04-28,401,1253,4.6,44148,B07CQM36X3
2025-04-29,404,1235,N.A.,N.A.,B07CQM36X3
2025-04-30,407,1213,N.A.,N.A.,B07CQM36X3
2025-05-01,379,1392,N.A.,N.A.,B07CQM36X3
2025-05-02,385,1350,N.A.,N.A.,B07CQM36X3
2025-05-03,349,1625,N.A.,N.A.,B07CQM36X3
2025-05-04,347,1648,N.A.,N.A.,B07CQM36X3
2025-05-05,376,1418,4.6,44187,B07CQM36X3
2025-05-06,441,1038,N.A.,N.A.,B07CQM36X3
2025-05-07,452,985,N.A.,N.A.,B07CQM36X3
2025-05-08,453,983,N.A.,N.A.,B07CQM36X3
2025-05-09,441,1035,N.A.,N.A.,B07CQM36X3
2025-05-10,427,1104,N.A.,N.A.,B07CQM36X3
2025-05-11,450,995,N.A.,N.A.,B07CQM36X3
2025-05-12,428,1098,N.A.,N.A.,B07CQM36X3
2025-05-13,379,1396,4.6,44229,B07CQM36X3
2025-05-14,421,1138,N.A.,N.A.,B07CQM36X3
2025-05-15,410,1199,N.A.,N.A.,B07CQM36X3
2025-02-17,318,1739,N.A.,N.A.,B0CDLP9SQ3
2025-02-18,343,1537,N.A.,N.A.,B0CDLP9SQ3
2025-02-19,311,1796,N.A.,N.A.,B0CDLP9SQ3
2025-02-20,341,1541,N.A.,N.A.,B0CDLP9SQ3
2025-02-21,339,1551,N.A.,N.A.,B0CDLP9SQ3
2025-02-22,352,1459,4.6,2086,B0CDLP9SQ3
2025-02-23,322,1679,N.A.,N.A.,B0CDLP9SQ3
2025-02-24,322,1680,N.A.,N.A.,B0CDLP9SQ3
2025-02-25,311,1772,N.A.,N.A.,B0CDLP9SQ3
2025-02-26,276,2134,N.A.,N.A.,B0CDLP9SQ3
2025-02-27,309,1780,N.A.,N.A.,B0CDLP9SQ3
2025-02-28,317,1709,N.A.,N.A.,B0CDLP9SQ3
2025-03-01,329,1602,4.6,2147,B0CDLP9SQ3
2025-03-02,317,1700,N.A.,N.A.,B0CDLP9SQ3
2025-03-03,312,1734,N.A.,N.A.,B0CDLP9SQ3
2025-03-04,295,1903,N.A.,N.A.,B0CDLP9SQ3
2025-03-05,301,1837,N.A.,N.A.,B0CDLP9SQ3
2025-03-06,277,2093,N.A.,N.A.,B0CDLP9SQ3
2025-03-07,290,1934,N.A.,N.A.,B0CDLP9SQ3
2025-03-08,278,2070,4.6,2209,B0CDLP9SQ3
2025-03-09,229,2793,N.A.,N.A.,B0CDLP9SQ3
2025-03-10,224,2885,N.A.,N.A.,B0CDLP9SQ3
2025-03-11,226,2844,N.A.,N.A.,B0CDLP9SQ3
2025-03-12,228,2816,N.A.,N.A.,B0CDLP9SQ3
2025-03-13,222,2938,N.A.,N.A.,B0CDLP9SQ3
2025-03-14,232,2734,N.A.,N.A.,B0CDLP9SQ3
2025-03-15,215,3071,N.A.,N.A.,B0CDLP9SQ3
2025-03-16,224,2900,4.6,2264,B0CDLP9SQ3
2025-03-17,216,3144,N.A.,N.A.,B0CDLP9SQ3
2025-03-18,195,3713,N.A.,N.A.,B0CDLP9SQ3
2025-03-19,202,3576,N.A.,N.A.,B0CDLP9SQ3
2025-03-20,205,3548,N.A.,N.A.,B0CDLP9SQ3
2025-03-21,209,3502,N.A.,N.A.,B0CDLP9SQ3
2025-03-22,231,3096,N.A.,N.A.,B0CDLP9SQ3
2025-03-23,192,4053,N.A.,N.A.,B0CDLP9SQ3
2025-03-24,181,4445,4.6,2295,B0CDLP9SQ3
2025-03-25,171,4807,N.A.,N.A.,B0CDLP9SQ3
2025-03-26,225,3245,N.A.,N.A.,B0CDLP9SQ3
2025-03-27,252,2741,N.A.,N.A.,B0CDLP9SQ3
2025-03-28,277,2359,N.A.,N.A.,B0CDLP9SQ3
2025-03-29,299,2091,N.A.,N.A.,B0CDLP9SQ3
2025-03-30,309,1981,N.A.,N.A.,B0CDLP9SQ3
2025-03-31,303,2075,N.A.,N.A.,B0CDLP9SQ3
2025-04-01,298,2143,4.6,2356,B0CDLP9SQ3
2025-04-02,291,2239,N.A.,N.A.,B0CDLP9SQ3
2025-04-03,312,2021,N.A.,N.A.,B0CDLP9SQ3
2025-04-04,308,2078,N.A.,N.A.,B0CDLP9SQ3
2025-04-05,309,2090,N.A.,N.A.,B0CDLP9SQ3
2025-04-06,295,2246,N.A.,N.A.,B0CDLP9SQ3
2025-04-07,267,2626,N.A.,N.A.,B0CDLP9SQ3
2025-04-08,250,2884,4.6,2404,B0CDLP9SQ3
2025-04-09,212,3661,N.A.,N.A.,B0CDLP9SQ3
2025-04-10,238,3106,N.A.,N.A.,B0CDLP9SQ3
2025-04-11,230,3261,N.A.,N.A.,B0CDLP9SQ3
2025-04-12,235,3165,N.A.,N.A.,B0CDLP9SQ3
2025-04-13,235,3160,N.A.,N.A.,B0CDLP9SQ3
2025-04-14,206,3804,N.A.,N.A.,B0CDLP9SQ3
2025-04-15,230,3221,4.6,2477,B0CDLP9SQ3
2025-04-16,241,2989,N.A.,N.A.,B0CDLP9SQ3
2025-04-17,306,2050,N.A.,N.A.,B0CDLP9SQ3
2025-04-18,346,1661,N.A.,N.A.,B0CDLP9SQ3
2025-04-19,319,1883,N.A.,N.A.,B0CDLP9SQ3
2025-04-20,295,2124,N.A.,N.A.,B0CDLP9SQ3
2025-04-21,344,1637,N.A.,N.A.,B0CDLP9SQ3
2025-04-22,301,2060,N.A.,N.A.,B0CDLP9SQ3
2025-04-23,280,2310,4.6,2549,B0CDLP9SQ3
2025-04-24,308,1977,N.A.,N.A.,B0CDLP9SQ3
2025-04-25,296,2117,N.A.,N.A.,B0CDLP9SQ3
2025-04-26,355,1557,N.A.,N.A.,B0CDLP9SQ3
2025-04-27,356,1550,N.A.,N.A.,B0CDLP9SQ3
2025-04-28,367,1641,N.A.,N.A.,B0CDLP9SQ3
2025-04-29,413,1438,N.A.,N.A.,B0CDLP9SQ3
2025-04-30,388,1663,N.A.,N.A.,B0CDLP9SQ3
2025-05-01,408,1590,4.6,2590,B0CDLP9SQ3
2025-05-02,418,1615,N.A.,N.A.,B0CDLP9SQ3
2025-05-03,461,1510,N.A.,N.A.,B0CDLP9SQ3
2025-05-04,506,1303,N.A.,N.A.,B0CDLP9SQ3
2025-05-05,550,1140,N.A.,N.A.,B0CDLP9SQ3
2025-05-06,601,984,N.A.,N.A.,B0CDLP9SQ3
2025-05-07,670,820,N.A.,N.A.,B0CDLP9SQ3
2025-05-08,825,568,4.6,2658,B0CDLP9SQ3
2025-05-09,691,777,N.A.,N.A.,B0CDLP9SQ3
2025-05-10,594,1003,N.A.,N.A.,B0CDLP9SQ3
2025-05-11,509,1292,N.A.,N.A.,B0CDLP9SQ3
2025-05-12,426,1713,N.A.,N.A.,B0CDLP9SQ3
2025-05-13,393,1932,N.A.,N.A.,B0CDLP9SQ3
2025-05-14,377,2061,N.A.,N.A.,B0CDLP9SQ3
2025-05-15,405,1851,N.A.,N.A.,B0CDLP9SQ3
2025-02-17,537,351,N.A.,N.A.,B09Y5J3WKQ
2025-02-18,541,344,N.A.,N.A.,B09Y5J3WKQ
2025-02-19,534,356,N.A.,N.A.,B09Y5J3WKQ
2025-02-20,538,350,N.A.,N.A.,B09Y5J3WKQ
2025-02-21,554,325,4.5,3823,B09Y5J3WKQ
2025-02-22,548,334,N.A.,N.A.,B09Y5J3WKQ
2025-02-23,568,343,N.A.,N.A.,B09Y5J3WKQ
2025-02-24,610,285,N.A.,N.A.,B09Y5J3WKQ
2025-02-25,588,314,N.A.,N.A.,B09Y5J3WKQ
2025-02-26,572,337,N.A.,N.A.,B09Y5J3WKQ
2025-02-27,603,294,N.A.,N.A.,B09Y5J3WKQ
2025-02-28,556,362,N.A.,N.A.,B09Y5J3WKQ
2025-03-01,584,320,4.5,3852,B09Y5J3WKQ
2025-03-02,575,333,N.A.,N.A.,B09Y5J3WKQ
2025-03-03,549,364,N.A.,N.A.,B09Y5J3WKQ
2025-03-04,565,332,N.A.,N.A.,B09Y5J3WKQ
2025-03-05,610,267,N.A.,N.A.,B09Y5J3WKQ
2025-03-06,596,281,N.A.,N.A.,B09Y5J3WKQ
2025-03-07,572,309,N.A.,N.A.,B09Y5J3WKQ
2025-03-08,558,319,N.A.,N.A.,B09Y5J3WKQ
2025-03-09,553,328,4.5,3877,B09Y5J3WKQ
2025-03-10,583,314,N.A.,N.A.,B09Y5J3WKQ
2025-03-11,608,298,N.A.,N.A.,B09Y5J3WKQ
2025-03-12,614,302,N.A.,N.A.,B09Y5J3WKQ
2025-03-13,585,356,N.A.,N.A.,B09Y5J3WKQ
2025-03-14,592,363,N.A.,N.A.,B09Y5J3WKQ
2025-03-15,607,370,N.A.,N.A.,B09Y5J3WKQ
2025-03-16,600,381,4.5,3899,B09Y5J3WKQ
2025-03-17,607,380,N.A.,N.A.,B09Y5J3WKQ
2025-03-18,630,354,N.A.,N.A.,B09Y5J3WKQ
2025-03-19,647,336,N.A.,N.A.,B09Y5J3WKQ
2025-03-20,664,318,N.A.,N.A.,B09Y5J3WKQ
2025-03-21,644,349,N.A.,N.A.,B09Y5J3WKQ
2025-03-22,660,338,N.A.,N.A.,B09Y5J3WKQ
2025-03-23,655,344,4.5,3925,B09Y5J3WKQ
2025-03-24,617,392,N.A.,N.A.,B09Y5J3WKQ
2025-03-25,595,426,N.A.,N.A.,B09Y5J3WKQ
2025-03-26,911,133,N.A.,N.A.,B09Y5J3WKQ
2025-03-27,909,132,N.A.,N.A.,B09Y5J3WKQ
2025-03-28,899,133,N.A.,N.A.,B09Y5J3WKQ
2025-03-29,835,161,N.A.,N.A.,B09Y5J3WKQ
2025-03-30,814,174,N.A.,N.A.,B09Y5J3WKQ
2025-03-31,799,184,4.5,3958,B09Y5J3WKQ
2025-04-01,817,172,N.A.,N.A.,B09Y5J3WKQ
2025-04-02,683,287,N.A.,N.A.,B09Y5J3WKQ
2025-04-03,611,386,N.A.,N.A.,B09Y5J3WKQ
2025-04-04,553,494,N.A.,N.A.,B09Y5J3WKQ
2025-04-05,534,537,N.A.,N.A.,B09Y5J3WKQ
2025-04-06,486,595,N.A.,N.A.,B09Y5J3WKQ
2025-04-07,498,559,4.5,3995,B09Y5J3WKQ
2025-04-08,499,556,N.A.,N.A.,B09Y5J3WKQ
2025-04-09,478,619,N.A.,N.A.,B09Y5J3WKQ
2025-04-10,468,654,N.A.,N.A.,B09Y5J3WKQ
2025-04-11,445,739,N.A.,N.A.,B09Y5J3WKQ
2025-04-12,451,715,N.A.,N.A.,B09Y5J3WKQ
2025-04-13,461,679,N.A.,N.A.,B09Y5J3WKQ
2025-04-14,447,750,N.A.,N.A.,B09Y5J3WKQ
2025-04-15,460,711,4.5,4034,B09Y5J3WKQ
2025-04-16,448,765,N.A.,N.A.,B09Y5J3WKQ
2025-04-17,453,755,N.A.,N.A.,B09Y5J3WKQ
2025-04-18,445,796,N.A.,N.A.,B09Y5J3WKQ
2025-04-19,450,797,N.A.,N.A.,B09Y5J3WKQ
2025-04-20,463,744,N.A.,N.A.,B09Y5J3WKQ
2025-04-21,441,834,N.A.,N.A.,B09Y5J3WKQ
2025-04-22,447,807,4.5,4063,B09Y5J3WKQ
2025-04-23,445,818,N.A.,N.A.,B09Y5J3WKQ
2025-04-24,458,765,N.A.,N.A.,B09Y5J3WKQ
2025-04-25,436,854,N.A.,N.A.,B09Y5J3WKQ
2025-04-26,398,1041,N.A.,N.A.,B09Y5J3WKQ
2025-04-27,405,1228,N.A.,N.A.,B09Y5J3WKQ
2025-04-28,455,971,N.A.,N.A.,B09Y5J3WKQ
2025-04-29,465,931,N.A.,N.A.,B09Y5J3WKQ
2025-04-30,472,901,4.5,4079,B09Y5J3WKQ
2025-05-01,471,907,N.A.,N.A.,B09Y5J3WKQ
2025-05-02,479,876,N.A.,N.A.,B09Y5J3WKQ
2025-05-03,495,816,N.A.,N.A.,B09Y5J3WKQ
2025-05-04,464,935,N.A.,N.A.,B09Y5J3WKQ
2025-05-05,515,752,N.A.,N.A.,B09Y5J3WKQ
2025-05-06,463,939,N.A.,N.A.,B09Y5J3WKQ
2025-05-07,465,930,N.A.,N.A.,B09Y5J3WKQ
2025-05-08,457,964,4.5,4134,B09Y5J3WKQ
2025-05-09,439,1047,N.A.,N.A.,B09Y5J3WKQ
2025-05-10,438,1052,N.A.,N.A.,B09Y5J3WKQ
2025-05-11,425,1118,N.A.,N.A.,B09Y5J3WKQ
2025-05-12,399,1262,N.A.,N.A.,B09Y5J3WKQ
2025-05-13,392,1305,N.A.,N.A.,B09Y5J3WKQ
2025-05-14,399,1264,N.A.,N.A.,B09Y5J3WKQ
2025-05-15,443,1028,4.5,750,B09Y5J3WKQ
2025-02-17,198,543,N.A.,N.A.,B086BNZTSF
2025-02-18,222,453,N.A.,N.A.,B086BNZTSF
2025-02-19,218,467,N.A.,N.A.,B086BNZTSF
2025-02-20,200,538,N.A.,N.A.,B086BNZTSF
2025-02-21,203,523,N.A.,N.A.,B086BNZTSF
2025-02-22,216,475,N.A.,N.A.,B086BNZTSF
2025-02-23,211,492,N.A.,N.A.,B086BNZTSF
2025-02-24,207,509,4.7,21153,B086BNZTSF
2025-02-25,186,602,N.A.,N.A.,B086BNZTSF
2025-02-26,157,781,N.A.,N.A.,B086BNZTSF
2025-02-27,152,825,N.A.,N.A.,B086BNZTSF
2025-02-28,183,619,N.A.,N.A.,B086BNZTSF
2025-03-01,169,700,N.A.,N.A.,B086BNZTSF
2025-03-02,196,555,N.A.,N.A.,B086BNZTSF
2025-03-03,178,647,4.7,21166,B086BNZTSF
2025-03-04,193,567,N.A.,N.A.,B086BNZTSF
2025-03-05,192,575,N.A.,N.A.,B086BNZTSF
2025-03-06,194,566,N.A.,N.A.,B086BNZTSF
2025-03-07,202,530,N.A.,N.A.,B086BNZTSF
2025-03-08,204,521,N.A.,N.A.,B086BNZTSF
2025-03-09,210,526,N.A.,N.A.,B086BNZTSF
2025-03-10,223,474,4.7,21172,B086BNZTSF
2025-03-11,211,521,N.A.,N.A.,B086BNZTSF
2025-03-12,210,526,N.A.,N.A.,B086BNZTSF
2025-03-13,208,533,N.A.,N.A.,B086BNZTSF
2025-03-14,202,559,N.A.,N.A.,B086BNZTSF
2025-03-15,205,546,N.A.,N.A.,B086BNZTSF
2025-03-16,229,453,N.A.,N.A.,B086BNZTSF
2025-03-17,266,361,N.A.,N.A.,B086BNZTSF
2025-03-18,277,341,4.7,21195,B086BNZTSF
2025-03-19,270,362,N.A.,N.A.,B086BNZTSF
2025-03-20,299,305,N.A.,N.A.,B086BNZTSF
2025-03-21,295,319,N.A.,N.A.,B086BNZTSF
2025-03-22,287,345,N.A.,N.A.,B086BNZTSF
2025-03-23,242,463,N.A.,N.A.,B086BNZTSF
2025-03-24,281,358,N.A.,N.A.,B086BNZTSF
2025-03-25,260,410,4.7,21208,B086BNZTSF
2025-03-26,294,331,N.A.,N.A.,B086BNZTSF
2025-03-27,280,360,N.A.,N.A.,B086BNZTSF
2025-03-28,299,321,N.A.,N.A.,B086BNZTSF
2025-03-29,345,248,N.A.,N.A.,B086BNZTSF
2025-03-30,348,211,N.A.,N.A.,B086BNZTSF
2025-03-31,421,140,N.A.,N.A.,B086BNZTSF
2025-04-01,435,130,4.7,21221,B086BNZTSF
2025-04-02,350,209,N.A.,N.A.,B086BNZTSF
2025-04-03,285,316,N.A.,N.A.,B086BNZTSF
2025-04-04,264,368,N.A.,N.A.,B086BNZTSF
2025-04-05,269,355,N.A.,N.A.,B086BNZTSF
2025-04-06,272,347,N.A.,N.A.,B086BNZTSF
2025-04-07,255,392,N.A.,N.A.,B086BNZTSF
2025-04-08,257,385,N.A.,N.A.,B086BNZTSF
2025-04-09,238,447,4.7,21250,B086BNZTSF
2025-04-10,205,583,N.A.,N.A.,B086BNZTSF
2025-04-11,196,631,N.A.,N.A.,B086BNZTSF
2025-04-12,202,600,N.A.,N.A.,B086BNZTSF
2025-04-13,203,598,N.A.,N.A.,B086BNZTSF
2025-04-14,175,776,N.A.,N.A.,B086BNZTSF
2025-04-15,183,728,N.A.,N.A.,B086BNZTSF
2025-04-16,185,723,N.A.,N.A.,B086BNZTSF
2025-04-17,164,890,4.7,21286,B086BNZTSF
2025-04-18,169,856,N.A.,N.A.,B086BNZTSF
2025-04-19,161,932,N.A.,N.A.,B086BNZTSF
2025-04-20,161,936,N.A.,N.A.,B086BNZTSF
2025-04-21,202,651,N.A.,N.A.,B086BNZTSF
2025-04-22,216,588,N.A.,N.A.,B086BNZTSF
2025-04-23,190,734,N.A.,N.A.,B086BNZTSF
2025-04-24,186,770,4.7,21303,B086BNZTSF
2025-04-25,183,792,N.A.,N.A.,B086BNZTSF
2025-04-26,171,892,N.A.,N.A.,B086BNZTSF
2025-04-27,189,768,N.A.,N.A.,B086BNZTSF
2025-04-28,170,903,N.A.,N.A.,B086BNZTSF
2025-04-29,187,777,N.A.,N.A.,B086BNZTSF
2025-04-30,190,763,N.A.,N.A.,B086BNZTSF
2025-05-01,189,766,N.A.,N.A.,B086BNZTSF
2025-05-02,206,666,4.7,21322,B086BNZTSF
2025-05-03,215,622,N.A.,N.A.,B086BNZTSF
2025-05-04,228,561,N.A.,N.A.,B086BNZTSF
2025-05-05,233,544,N.A.,N.A.,B086BNZTSF
2025-05-06,258,457,N.A.,N.A.,B086BNZTSF
2025-05-07,267,428,N.A.,N.A.,B086BNZTSF
2025-05-08,277,402,N.A.,N.A.,B086BNZTSF
2025-05-09,280,395,4.7,21341,B086BNZTSF
2025-05-10,277,401,N.A.,N.A.,B086BNZTSF
2025-05-11,264,438,N.A.,N.A.,B086BNZTSF
2025-05-12,280,394,N.A.,N.A.,B086BNZTSF
2025-05-13,272,414,N.A.,N.A.,B086BNZTSF
2025-05-14,248,489,N.A.,N.A.,B086BNZTSF
2025-05-15,254,468,N.A.,N.A.,B086BNZTSF
2025-02-17,88,8931,N.A.,N.A.,B0D498LQH9
2025-02-18,92,8341,N.A.,N.A.,B0D498LQH9
2025-02-19,86,9120,N.A.,N.A.,B0D498LQH9
2025-02-20,78,10467,N.A.,N.A.,B0D498LQH9
2025-02-21,77,10647,N.A.,N.A.,B0D498LQH9
2025-02-22,74,11234,N.A.,N.A.,B0D498LQH9
2025-02-23,87,10096,N.A.,N.A.,B0D498LQH9
2025-02-24,88,9903,N.A.,N.A.,B0D498LQH9
2025-02-25,94,9027,N.A.,N.A.,B0D498LQH9
2025-02-26,95,8954,N.A.,N.A.,B0D498LQH9
2025-02-27,92,9277,N.A.,N.A.,B0D498LQH9
2025-02-28,98,8553,N.A.,N.A.,B0D498LQH9
2025-03-01,87,10083,N.A.,N.A.,B0D498LQH9
2025-03-02,96,8784,4.6,38,B0D498LQH9
2025-03-03,86,10319,N.A.,N.A.,B0D498LQH9
2025-03-04,82,10970,N.A.,N.A.,B0D498LQH9
2025-03-05,87,10188,N.A.,N.A.,B0D498LQH9
2025-03-06,87,10250,N.A.,N.A.,B0D498LQH9
2025-03-07,78,11897,N.A.,N.A.,B0D498LQH9
2025-03-08,87,10543,N.A.,N.A.,B0D498LQH9
2025-03-09,86,10699,N.A.,N.A.,B0D498LQH9
2025-03-10,79,11961,N.A.,N.A.,B0D498LQH9
2025-03-11,87,10565,N.A.,N.A.,B0D498LQH9
2025-03-12,103,8436,N.A.,N.A.,B0D498LQH9
2025-03-13,100,8831,N.A.,N.A.,B0D498LQH9
2025-03-14,100,8834,N.A.,N.A.,B0D498LQH9
2025-03-15,102,8650,N.A.,N.A.,B0D498LQH9
2025-03-16,110,7783,N.A.,N.A.,B0D498LQH9
2025-03-17,118,7216,N.A.,N.A.,B0D498LQH9
2025-03-18,110,8037,N.A.,N.A.,B0D498LQH9
2025-03-19,112,7819,N.A.,N.A.,B0D498LQH9
2025-03-20,114,7720,N.A.,N.A.,B0D498LQH9
2025-03-21,128,6677,N.A.,N.A.,B0D498LQH9
2025-03-22,148,5501,N.A.,N.A.,B0D498LQH9
2025-03-23,129,6659,N.A.,N.A.,B0D498LQH9
2025-03-24,162,4859,N.A.,N.A.,B0D498LQH9
2025-03-25,166,4706,N.A.,N.A.,B0D498LQH9
2025-03-26,322,1563,N.A.,N.A.,B0D498LQH9
2025-03-27,320,1583,N.A.,N.A.,B0D498LQH9
2025-03-28,336,1448,N.A.,N.A.,B0D498LQH9
2025-03-29,349,1352,N.A.,N.A.,B0D498LQH9
2025-03-30,353,1320,N.A.,N.A.,B0D498LQH9
2025-03-31,373,1184,N.A.,N.A.,B0D498LQH9
2025-04-01,402,1012,N.A.,N.A.,B0D498LQH9
2025-04-02,339,1430,4.7,74,B0D498LQH9
2025-04-03,303,1766,N.A.,N.A.,B0D498LQH9
2025-04-04,289,1932,N.A.,N.A.,B0D498LQH9
2025-04-05,277,2086,N.A.,N.A.,B0D498LQH9
2025-04-06,250,2481,N.A.,N.A.,B0D498LQH9
2025-04-07,237,2719,N.A.,N.A.,B0D498LQH9
2025-04-08,397,967,N.A.,N.A.,B0D498LQH9
2025-04-09,423,834,N.A.,N.A.,B0D498LQH9
2025-04-10,459,684,N.A.,N.A.,B0D498LQH9
2025-04-11,460,683,N.A.,N.A.,B0D498LQH9
2025-04-12,473,636,N.A.,N.A.,B0D498LQH9
2025-04-13,452,712,N.A.,N.A.,B0D498LQH9
2025-04-14,483,620,N.A.,N.A.,B0D498LQH9
2025-04-15,420,882,N.A.,N.A.,B0D498LQH9
2025-04-16,391,1042,N.A.,N.A.,B0D498LQH9
2025-04-17,383,1102,N.A.,N.A.,B0D498LQH9
2025-04-18,399,1017,N.A.,N.A.,B0D498LQH9
2025-04-19,377,1167,N.A.,N.A.,B0D498LQH9
2025-04-20,380,1151,N.A.,N.A.,B0D498LQH9
2025-04-21,385,1122,N.A.,N.A.,B0D498LQH9
2025-04-22,424,911,N.A.,N.A.,B0D498LQH9
2025-04-23,424,911,N.A.,N.A.,B0D498LQH9
2025-04-24,416,950,N.A.,N.A.,B0D498LQH9
2025-04-25,411,974,N.A.,N.A.,B0D498LQH9
2025-04-26,367,1238,N.A.,N.A.,B0D498LQH9
2025-04-27,364,1502,N.A.,N.A.,B0D498LQH9
2025-04-28,394,1297,N.A.,N.A.,B0D498LQH9
2025-04-29,414,1178,N.A.,N.A.,B0D498LQH9
2025-04-30,405,1226,N.A.,N.A.,B0D498LQH9
2025-05-01,468,919,N.A.,N.A.,B0D498LQH9
2025-05-02,452,988,4.7,114,B0D498LQH9
2025-05-03,446,1011,N.A.,N.A.,B0D498LQH9
2025-05-04,405,1226,N.A.,N.A.,B0D498LQH9
2025-05-05,409,1205,N.A.,N.A.,B0D498LQH9
2025-05-06,427,1108,N.A.,N.A.,B0D498LQH9
2025-05-07,430,1089,N.A.,N.A.,B0D498LQH9
2025-05-08,432,1082,N.A.,N.A.,B0D498LQH9
2025-05-09,425,1116,N.A.,N.A.,B0D498LQH9
2025-05-10,431,1086,N.A.,N.A.,B0D498LQH9
2025-05-11,409,1205,N.A.,N.A.,B0D498LQH9
2025-05-12,415,1172,N.A.,N.A.,B0D498LQH9
2025-05-13,406,1222,N.A.,N.A.,B0D498LQH9
2025-05-14,439,1044,N.A.,N.A.,B0D498LQH9
2025-05-15,405,1229,N.A.,N.A.,B0D498LQH9
2025-02-17,1522,8,N.A.,N.A.,B01LP0U5X0
2025-02-18,1597,7,4.6,100194,B01LP0U5X0
2025-02-19,1685,6,N.A.,N.A.,B01LP0U5X0
2025-02-20,1685,6,N.A.,N.A.,B01LP0U5X0
2025-02-21,1685,6,N.A.,N.A.,B01LP0U5X0
2025-02-22,1685,6,N.A.,N.A.,B01LP0U5X0
2025-02-23,1685,6,N.A.,N.A.,B01LP0U5X0
2025-02-24,1695,6,N.A.,N.A.,B01LP0U5X0
2025-02-25,1701,6,4.6,100360,B01LP0U5X0
2025-02-26,1704,6,N.A.,N.A.,B01LP0U5X0
2025-02-27,1617,7,N.A.,N.A.,B01LP0U5X0
2025-02-28,1622,7,N.A.,N.A.,B01LP0U5X0
2025-03-01,1631,7,N.A.,N.A.,B01LP0U5X0
2025-03-02,1631,7,N.A.,N.A.,B01LP0U5X0
2025-03-03,1724,6,N.A.,N.A.,B01LP0U5X0
2025-03-04,1724,6,4.6,100649,B01LP0U5X0
2025-03-05,1724,6,N.A.,N.A.,B01LP0U5X0
2025-03-06,1724,6,N.A.,N.A.,B01LP0U5X0
2025-03-07,1631,7,N.A.,N.A.,B01LP0U5X0
2025-03-08,1631,7,N.A.,N.A.,B01LP0U5X0
2025-03-09,1382,8,N.A.,N.A.,B01LP0U5X0
2025-03-10,1382,8,N.A.,N.A.,B01LP0U5X0
2025-03-11,1382,8,N.A.,N.A.,B01LP0U5X0
2025-03-12,1382,8,4.6,100753,B01LP0U5X0
2025-03-13,1382,8,N.A.,N.A.,B01LP0U5X0
2025-03-14,1444,7,N.A.,N.A.,B01LP0U5X0
2025-03-15,1382,8,N.A.,N.A.,B01LP0U5X0
2025-03-16,1444,7,N.A.,N.A.,B01LP0U5X0
2025-03-17,1477,7,N.A.,N.A.,B01LP0U5X0
2025-03-18,1433,8,N.A.,N.A.,B01LP0U5X0
2025-03-19,1445,8,4.6,100911,B01LP0U5X0
2025-03-20,1524,7,N.A.,N.A.,B01LP0U5X0
2025-03-21,1477,8,N.A.,N.A.,B01LP0U5X0
2025-03-22,1508,8,N.A.,N.A.,B01LP0U5X0
2025-03-23,1577,7,N.A.,N.A.,B01LP0U5X0
2025-03-24,1508,8,N.A.,N.A.,B01LP0U5X0
2025-03-25,1508,8,N.A.,N.A.,B01LP0U5X0
2025-03-26,1275,13,4.6,101031,B01LP0U5X0
2025-03-27,1352,11,N.A.,N.A.,B01LP0U5X0
2025-03-28,1275,13,N.A.,N.A.,B01LP0U5X0
2025-03-29,1182,16,N.A.,N.A.,B01LP0U5X0
2025-03-30,972,15,N.A.,N.A.,B01LP0U5X0
2025-03-31,1040,12,N.A.,N.A.,B01LP0U5X0
2025-04-01,1040,12,N.A.,N.A.,B01LP0U5X0
2025-04-02,1131,9,N.A.,N.A.,B01LP0U5X0
2025-04-03,1131,9,4.6,101209,B01LP0U5X0
2025-04-04,1131,9,N.A.,N.A.,B01LP0U5X0
2025-04-05,1097,10,N.A.,N.A.,B01LP0U5X0
2025-04-06,1169,8,N.A.,N.A.,B01LP0U5X0
2025-04-07,1169,8,N.A.,N.A.,B01LP0U5X0
2025-04-08,1169,8,N.A.,N.A.,B01LP0U5X0
2025-04-09,1067,11,N.A.,N.A.,B01LP0U5X0
2025-04-10,1067,11,N.A.,N.A.,B01LP0U5X0
2025-04-11,1067,11,4.6,101393,B01LP0U5X0
2025-04-12,1015,13,N.A.,N.A.,B01LP0U5X0
2025-04-13,1009,14,N.A.,N.A.,B01LP0U5X0
2025-04-14,1049,13,N.A.,N.A.,B01LP0U5X0
2025-04-15,1065,13,N.A.,N.A.,B01LP0U5X0
2025-04-16,1057,14,N.A.,N.A.,B01LP0U5X0
2025-04-17,1049,15,N.A.,N.A.,B01LP0U5X0
2025-04-18,1089,14,4.6,101525,B01LP0U5X0
2025-04-19,1105,14,N.A.,N.A.,B01LP0U5X0
2025-04-20,1248,10,N.A.,N.A.,B01LP0U5X0
2025-04-21,1309,9,N.A.,N.A.,B01LP0U5X0
2025-04-22,1329,9,N.A.,N.A.,B01LP0U5X0
2025-04-23,1348,9,N.A.,N.A.,B01LP0U5X0
2025-04-24,1323,10,N.A.,N.A.,B01LP0U5X0
2025-04-25,1301,11,N.A.,N.A.,B01LP0U5X0
2025-04-26,1282,12,4.6,101696,B01LP0U5X0
2025-04-27,1380,10,N.A.,N.A.,B01LP0U5X0
2025-04-28,1482,8,N.A.,N.A.,B01LP0U5X0
2025-04-29,1380,10,N.A.,N.A.,B01LP0U5X0
2025-04-30,1337,11,N.A.,N.A.,B01LP0U5X0
2025-05-01,1337,11,N.A.,N.A.,B01LP0U5X0
2025-05-02,1337,11,N.A.,N.A.,B01LP0U5X0
2025-05-03,1380,10,N.A.,N.A.,B01LP0U5X0
2025-05-04,1380,10,4.6,101847,B01LP0U5X0
2025-05-05,1337,11,N.A.,N.A.,B01LP0U5X0
2025-05-06,1380,10,N.A.,N.A.,B01LP0U5X0
2025-05-07,1264,13,N.A.,N.A.,B01LP0U5X0
2025-05-08,1482,8,N.A.,N.A.,B01LP0U5X0
2025-05-09,1337,11,N.A.,N.A.,B01LP0U5X0
2025-05-10,1337,11,N.A.,N.A.,B01LP0U5X0
2025-05-11,1337,11,N.A.,N.A.,B01LP0U5X0
2025-05-12,1299,12,4.6,102031,B01LP0U5X0
2025-05-13,1337,11,N.A.,N.A.,B01LP0U5X0
2025-05-14,1337,11,N.A.,N.A.,B01LP0U5X0
2025-05-15,1380,10,N.A.,N.A.,B01LP0U5X0
2025-02-17,161,56,N.A.,N.A.,B08QGV722F
2025-02-18,169,51,N.A.,N.A.,B08QGV722F
2025-02-19,173,48,N.A.,N.A.,B08QGV722F
2025-02-20,171,48,N.A.,N.A.,B08QGV722F
2025-02-21,178,44,4.5,353,B08QGV722F
2025-02-22,161,51,N.A.,N.A.,B08QGV722F
2025-02-23,150,56,N.A.,N.A.,B08QGV722F
2025-02-24,155,53,N.A.,N.A.,B08QGV722F
2025-02-25,179,42,N.A.,N.A.,B08QGV722F
2025-02-26,189,38,N.A.,N.A.,B08QGV722F
2025-02-27,176,43,N.A.,N.A.,B08QGV722F
2025-02-28,186,39,N.A.,N.A.,B08QGV722F
2025-03-01,174,44,N.A.,N.A.,B08QGV722F
2025-03-02,159,51,N.A.,N.A.,B08QGV722F
2025-03-03,154,54,N.A.,N.A.,B08QGV722F
2025-03-04,155,53,N.A.,N.A.,B08QGV722F
2025-03-05,144,60,N.A.,N.A.,B08QGV722F
2025-03-06,143,61,N.A.,N.A.,B08QGV722F
2025-03-07,141,62,N.A.,N.A.,B08QGV722F
2025-03-08,133,68,N.A.,N.A.,B08QGV722F
2025-03-09,137,66,N.A.,N.A.,B08QGV722F
2025-03-10,159,52,N.A.,N.A.,B08QGV722F
2025-03-11,184,41,N.A.,N.A.,B08QGV722F
2025-03-12,191,39,N.A.,N.A.,B08QGV722F
2025-03-13,192,39,N.A.,N.A.,B08QGV722F
2025-03-14,225,30,N.A.,N.A.,B08QGV722F
2025-03-15,218,32,N.A.,N.A.,B08QGV722F
2025-03-16,241,27,N.A.,N.A.,B08QGV722F
2025-03-17,203,37,N.A.,N.A.,B08QGV722F
2025-03-18,161,55,N.A.,N.A.,B08QGV722F
2025-03-19,152,61,N.A.,N.A.,B08QGV722F
2025-03-20,128,81,N.A.,N.A.,B08QGV722F
2025-03-21,149,64,N.A.,N.A.,B08QGV722F
2025-03-22,136,75,N.A.,N.A.,B08QGV722F
2025-03-23,140,72,N.A.,N.A.,B08QGV722F
2025-03-24,181,48,4.4,412,B08QGV722F
2025-03-25,189,45,N.A.,N.A.,B08QGV722F
2025-03-26,201,41,N.A.,N.A.,B08QGV722F
2025-03-27,218,36,N.A.,N.A.,B08QGV722F
2025-03-28,219,36,N.A.,N.A.,B08QGV722F
2025-03-29,213,38,N.A.,N.A.,B08QGV722F
2025-03-30,184,49,N.A.,N.A.,B08QGV722F
2025-03-31,226,35,N.A.,N.A.,B08QGV722F
2025-04-01,259,28,N.A.,N.A.,B08QGV722F
2025-04-02,313,20,N.A.,N.A.,B08QGV722F
2025-04-03,324,19,N.A.,N.A.,B08QGV722F
2025-04-04,336,18,N.A.,N.A.,B08QGV722F
2025-04-05,328,19,N.A.,N.A.,B08QGV722F
2025-04-06,339,18,N.A.,N.A.,B08QGV722F
2025-04-07,304,22,N.A.,N.A.,B08QGV722F
2025-04-08,388,14,N.A.,N.A.,B08QGV722F
2025-04-09,388,14,N.A.,N.A.,B08QGV722F
2025-04-10,420,12,N.A.,N.A.,B08QGV722F
2025-04-11,403,13,N.A.,N.A.,B08QGV722F
2025-04-12,403,13,N.A.,N.A.,B08QGV722F
2025-04-13,320,20,N.A.,N.A.,B08QGV722F
2025-04-14,303,22,N.A.,N.A.,B08QGV722F
2025-04-15,327,19,N.A.,N.A.,B08QGV722F
2025-04-16,281,25,N.A.,N.A.,B08QGV722F
2025-04-17,268,27,N.A.,N.A.,B08QGV722F
2025-04-18,280,25,N.A.,N.A.,B08QGV722F
2025-04-19,256,29,N.A.,N.A.,B08QGV722F
2025-04-20,256,29,N.A.,N.A.,B08QGV722F
2025-04-21,307,21,N.A.,N.A.,B08QGV722F
2025-04-22,382,14,N.A.,N.A.,B08QGV722F
2025-04-23,413,12,4.5,512,B08QGV722F
2025-04-24,507,8,N.A.,N.A.,B08QGV722F
2025-04-25,478,9,N.A.,N.A.,B08QGV722F
2025-04-26,454,10,N.A.,N.A.,B08QGV722F
2025-04-27,461,12,N.A.,N.A.,B08QGV722F
2025-04-28,508,10,N.A.,N.A.,B08QGV722F
2025-04-29,441,13,N.A.,N.A.,B08QGV722F
2025-04-30,423,14,N.A.,N.A.,B08QGV722F
2025-05-01,379,17,N.A.,N.A.,B08QGV722F
2025-05-02,407,15,N.A.,N.A.,B08QGV722F
2025-05-03,379,17,N.A.,N.A.,B08QGV722F
2025-05-04,393,16,N.A.,N.A.,B08QGV722F
2025-05-05,407,15,N.A.,N.A.,B08QGV722F
2025-05-06,393,16,N.A.,N.A.,B08QGV722F
2025-05-07,336,21,N.A.,N.A.,B08QGV722F
2025-05-08,319,23,N.A.,N.A.,B08QGV722F
2025-05-09,319,23,N.A.,N.A.,B08QGV722F
2025-05-10,303,25,N.A.,N.A.,B08QGV722F
2025-05-11,267,31,N.A.,N.A.,B08QGV722F
2025-05-12,278,29,N.A.,N.A.,B08QGV722F
2025-05-13,303,25,N.A.,N.A.,B08QGV722F
2025-05-14,278,29,N.A.,N.A.,B08QGV722F
2025-05-15,267,31,N.A.,N.A.,B08QGV722F
2025-02-17,1405,15,N.A.,N.A.,B0BB7STYJL
2025-02-18,1260,24,N.A.,N.A.,B0BB7STYJL
2025-02-19,1007,56,N.A.,N.A.,B0BB7STYJL
2025-02-20,902,81,N.A.,N.A.,B0BB7STYJL
2025-02-21,842,101,N.A.,N.A.,B0BB7STYJL
2025-02-22,805,116,N.A.,N.A.,B0BB7STYJL
2025-02-23,807,129,4.3,25724,B0BB7STYJL
2025-02-24,859,106,N.A.,N.A.,B0BB7STYJL
2025-02-25,803,131,N.A.,N.A.,B0BB7STYJL
2025-02-26,775,146,N.A.,N.A.,B0BB7STYJL
2025-02-27,751,160,N.A.,N.A.,B0BB7STYJL
2025-02-28,750,161,N.A.,N.A.,B0BB7STYJL
2025-03-01,731,173,N.A.,N.A.,B0BB7STYJL
2025-03-02,862,105,4.3,25890,B0BB7STYJL
2025-03-03,719,174,N.A.,N.A.,B0BB7STYJL
2025-03-04,821,112,N.A.,N.A.,B0BB7STYJL
2025-03-05,743,150,N.A.,N.A.,B0BB7STYJL
2025-03-06,713,167,N.A.,N.A.,B0BB7STYJL
2025-03-07,673,194,N.A.,N.A.,B0BB7STYJL
2025-03-08,623,234,N.A.,N.A.,B0BB7STYJL
2025-03-09,590,274,4.3,26033,B0BB7STYJL
2025-03-10,581,318,N.A.,N.A.,B0BB7STYJL
2025-03-11,975,70,N.A.,N.A.,B0BB7STYJL
2025-03-12,1244,30,N.A.,N.A.,B0BB7STYJL
2025-03-13,1307,27,N.A.,N.A.,B0BB7STYJL
2025-03-14,1406,23,N.A.,N.A.,B0BB7STYJL
2025-03-15,1486,23,N.A.,N.A.,B0BB7STYJL
2025-03-16,1504,22,4.3,26189,B0BB7STYJL
2025-03-17,1445,27,N.A.,N.A.,B0BB7STYJL
2025-03-18,1085,77,N.A.,N.A.,B0BB7STYJL
2025-03-19,1090,77,N.A.,N.A.,B0BB7STYJL
2025-03-20,918,133,N.A.,N.A.,B0BB7STYJL
2025-03-21,884,151,N.A.,N.A.,B0BB7STYJL
2025-03-22,849,175,N.A.,N.A.,B0BB7STYJL
2025-03-23,1051,93,4.3,26411,B0BB7STYJL
2025-03-24,997,105,N.A.,N.A.,B0BB7STYJL
2025-03-25,1142,65,N.A.,N.A.,B0BB7STYJL
2025-03-26,1079,77,N.A.,N.A.,B0BB7STYJL
2025-03-27,1076,76,N.A.,N.A.,B0BB7STYJL
2025-03-28,1222,46,N.A.,N.A.,B0BB7STYJL
2025-03-29,1167,51,N.A.,N.A.,B0BB7STYJL
2025-03-30,1178,49,4.3,26563,B0BB7STYJL
2025-03-31,1144,55,N.A.,N.A.,B0BB7STYJL
2025-04-01,1240,40,N.A.,N.A.,B0BB7STYJL
2025-04-02,1123,59,N.A.,N.A.,B0BB7STYJL
2025-04-03,971,99,N.A.,N.A.,B0BB7STYJL
2025-04-04,884,135,N.A.,N.A.,B0BB7STYJL
2025-04-05,789,191,N.A.,N.A.,B0BB7STYJL
2025-04-06,676,231,4.3,26711,B0BB7STYJL
2025-04-07,828,113,N.A.,N.A.,B0BB7STYJL
2025-04-08,1071,36,N.A.,N.A.,B0BB7STYJL
2025-04-09,1116,29,N.A.,N.A.,B0BB7STYJL
2025-04-10,1138,26,N.A.,N.A.,B0BB7STYJL
2025-04-11,1154,24,N.A.,N.A.,B0BB7STYJL
2025-04-12,1130,27,N.A.,N.A.,B0BB7STYJL
2025-04-13,1109,30,N.A.,N.A.,B0BB7STYJL
2025-04-14,1032,48,4.3,27890,B0BB7STYJL
2025-04-15,835,122,N.A.,N.A.,B0BB7STYJL
2025-04-16,767,169,N.A.,N.A.,B0BB7STYJL
2025-04-17,736,198,N.A.,N.A.,B0BB7STYJL
2025-04-18,924,91,N.A.,N.A.,B0BB7STYJL
2025-04-19,751,201,N.A.,N.A.,B0BB7STYJL
2025-04-20,688,263,N.A.,N.A.,B0BB7STYJL
2025-04-21,672,282,N.A.,N.A.,B0BB7STYJL
2025-04-22,627,344,4.3,27966,B0BB7STYJL
2025-04-23,656,303,N.A.,N.A.,B0BB7STYJL
2025-04-24,607,377,N.A.,N.A.,B0BB7STYJL
2025-04-25,661,297,N.A.,N.A.,B0BB7STYJL
2025-04-26,733,217,N.A.,N.A.,B0BB7STYJL
2025-04-27,720,346,N.A.,N.A.,B0BB7STYJL
2025-04-28,685,392,N.A.,N.A.,B0BB7STYJL
2025-04-29,696,377,4.3,28094,B0BB7STYJL
2025-04-30,814,253,N.A.,N.A.,B0BB7STYJL
2025-05-01,740,323,N.A.,N.A.,B0BB7STYJL
2025-05-02,715,353,N.A.,N.A.,B0BB7STYJL
2025-05-03,644,454,N.A.,N.A.,B0BB7STYJL
2025-05-04,652,441,N.A.,N.A.,B0BB7STYJL
2025-05-05,866,214,N.A.,N.A.,B0BB7STYJL
2025-05-06,1086,111,N.A.,N.A.,B0BB7STYJL
2025-05-07,1194,82,4.3,28241,B0BB7STYJL
2025-05-08,1203,80,N.A.,N.A.,B0BB7STYJL
2025-05-09,1217,77,N.A.,N.A.,B0BB7STYJL
2025-05-10,1173,87,N.A.,N.A.,B0BB7STYJL
2025-05-11,1152,92,N.A.,N.A.,B0BB7STYJL
2025-05-12,1001,142,N.A.,N.A.,B0BB7STYJL
2025-05-13,799,266,N.A.,N.A.,B0BB7STYJL
2025-05-14,775,288,N.A.,N.A.,B0BB7STYJL
2025-05-15,1053,122,4.3,28373,B0BB7STYJL
2025-02-17,629,234,N.A.,N.A.,B0D49CSNS7
2025-02-18,643,221,N.A.,N.A.,B0D49CSNS7
2025-02-19,713,166,N.A.,N.A.,B0D49CSNS7
2025-02-20,700,175,N.A.,N.A.,B0D49CSNS7
2025-02-21,717,163,N.A.,N.A.,B0D49CSNS7
2025-02-22,738,150,N.A.,N.A.,B0D49CSNS7
2025-02-23,801,132,4.6,626,B0D49CSNS7
2025-02-24,822,122,N.A.,N.A.,B0D49CSNS7
2025-02-25,805,130,N.A.,N.A.,B0D49CSNS7
2025-02-26,817,124,N.A.,N.A.,B0D49CSNS7
2025-02-27,828,119,N.A.,N.A.,B0D49CSNS7
2025-02-28,842,113,N.A.,N.A.,B0D49CSNS7
2025-03-01,771,148,N.A.,N.A.,B0D49CSNS7
2025-03-02,720,181,4.6,678,B0D49CSNS7
2025-03-03,733,164,N.A.,N.A.,B0D49CSNS7
2025-03-04,706,179,N.A.,N.A.,B0D49CSNS7
2025-03-05,712,171,N.A.,N.A.,B0D49CSNS7
2025-03-06,679,194,N.A.,N.A.,B0D49CSNS7
2025-03-07,654,211,N.A.,N.A.,B0D49CSNS7
2025-03-08,615,243,N.A.,N.A.,B0D49CSNS7
2025-03-09,609,250,4.6,719,B0D49CSNS7
2025-03-10,643,240,N.A.,N.A.,B0D49CSNS7
2025-03-11,661,238,N.A.,N.A.,B0D49CSNS7
2025-03-12,664,245,N.A.,N.A.,B0D49CSNS7
2025-03-13,647,274,N.A.,N.A.,B0D49CSNS7
2025-03-14,710,227,N.A.,N.A.,B0D49CSNS7
2025-03-15,711,249,N.A.,N.A.,B0D49CSNS7
2025-03-16,659,302,N.A.,N.A.,B0D49CSNS7
2025-03-17,667,302,4.6,750,B0D49CSNS7
2025-03-18,717,256,N.A.,N.A.,B0D49CSNS7
2025-03-19,746,233,N.A.,N.A.,B0D49CSNS7
2025-03-20,736,245,N.A.,N.A.,B0D49CSNS7
2025-03-21,794,204,N.A.,N.A.,B0D49CSNS7
2025-03-22,765,232,N.A.,N.A.,B0D49CSNS7
2025-03-23,752,243,N.A.,N.A.,B0D49CSNS7
2025-03-24,730,257,N.A.,N.A.,B0D49CSNS7
2025-03-25,799,198,4.6,794,B0D49CSNS7
2025-03-26,1171,58,N.A.,N.A.,B0D49CSNS7
2025-03-27,1093,72,N.A.,N.A.,B0D49CSNS7
2025-03-28,1011,91,N.A.,N.A.,B0D49CSNS7
2025-03-29,999,90,N.A.,N.A.,B0D49CSNS7
2025-03-30,963,102,N.A.,N.A.,B0D49CSNS7
2025-03-31,936,112,N.A.,N.A.,B0D49CSNS7
2025-04-01,960,103,4.6,829,B0D49CSNS7
2025-04-02,816,173,N.A.,N.A.,B0D49CSNS7
2025-04-03,733,236,N.A.,N.A.,B0D49CSNS7
2025-04-04,694,275,N.A.,N.A.,B0D49CSNS7
2025-04-05,634,350,N.A.,N.A.,B0D49CSNS7
2025-04-06,581,366,N.A.,N.A.,B0D49CSNS7
2025-04-07,554,418,N.A.,N.A.,B0D49CSNS7
2025-04-08,574,378,N.A.,N.A.,B0D49CSNS7
2025-04-09,573,380,4.6,857,B0D49CSNS7
2025-04-10,547,434,N.A.,N.A.,B0D49CSNS7
2025-04-11,575,377,N.A.,N.A.,B0D49CSNS7
2025-04-12,538,454,N.A.,N.A.,B0D49CSNS7
2025-04-13,535,461,N.A.,N.A.,B0D49CSNS7
2025-04-14,505,555,N.A.,N.A.,B0D49CSNS7
2025-04-15,517,532,N.A.,N.A.,B0D49CSNS7
2025-04-16,518,537,N.A.,N.A.,B0D49CSNS7
2025-04-17,503,585,4.6,910,B0D49CSNS7
2025-04-18,516,557,N.A.,N.A.,B0D49CSNS7
2025-04-19,489,656,N.A.,N.A.,B0D49CSNS7
2025-04-20,477,696,N.A.,N.A.,B0D49CSNS7
2025-04-21,481,682,N.A.,N.A.,B0D49CSNS7
2025-04-22,500,620,N.A.,N.A.,B0D49CSNS7
2025-04-23,482,678,N.A.,N.A.,B0D49CSNS7
2025-04-24,505,607,N.A.,N.A.,B0D49CSNS7
2025-04-25,452,789,N.A.,N.A.,B0D49CSNS7
2025-04-26,412,970,N.A.,N.A.,B0D49CSNS7
2025-04-27,477,882,N.A.,N.A.,B0D49CSNS7
2025-04-28,484,857,N.A.,N.A.,B0D49CSNS7
2025-04-29,485,852,N.A.,N.A.,B0D49CSNS7
2025-04-30,557,633,N.A.,N.A.,B0D49CSNS7
2025-05-01,525,721,N.A.,N.A.,B0D49CSNS7
2025-05-02,552,646,4.6,987,B0D49CSNS7
2025-05-03,522,730,N.A.,N.A.,B0D49CSNS7
2025-05-04,523,727,N.A.,N.A.,B0D49CSNS7
2025-05-05,504,786,N.A.,N.A.,B0D49CSNS7
2025-05-06,519,739,N.A.,N.A.,B0D49CSNS7
2025-05-07,510,766,N.A.,N.A.,B0D49CSNS7
2025-05-08,495,818,N.A.,N.A.,B0D49CSNS7
2025-05-09,481,867,N.A.,N.A.,B0D49CSNS7
2025-05-10,467,924,4.6,1042,B0D49CSNS7
2025-05-11,441,1038,N.A.,N.A.,B0D49CSNS7
2025-05-12,460,952,N.A.,N.A.,B0D49CSNS7
2025-05-13,450,995,N.A.,N.A.,B0D49CSNS7
2025-05-14,432,1080,N.A.,N.A.,B0D49CSNS7
2025-05-15,470,912,N.A.,N.A.,B0D49CSNS7
2025-02-17,1,13047,N.A.,N.A.,B0CM6M91TR
2025-02-18,2,11817,N.A.,N.A.,B0CM6M91TR
2025-02-19,2,10588,N.A.,N.A.,B0CM6M91TR
2025-02-20,2,9358,N.A.,N.A.,B0CM6M91TR
2025-02-21,2,8129,N.A.,N.A.,B0CM6M91TR
2025-02-22,3,6899,N.A.,N.A.,B0CM6M91TR
2025-02-23,3,5670,3.4,41,B0CM6M91TR
2025-02-24,3,6575,N.A.,N.A.,B0CM6M91TR
2025-02-25,2,11798,N.A.,N.A.,B0CM6M91TR
2025-02-26,2,12025,N.A.,N.A.,B0CM6M91TR
2025-02-27,3,7454,N.A.,N.A.,B0CM6M91TR
2025-02-28,1,17167,N.A.,N.A.,B0CM6M91TR
2025-03-01,1,15877,N.A.,N.A.,B0CM6M91TR
2025-03-02,1,14587,N.A.,N.A.,B0CM6M91TR
2025-03-03,1,13297,N.A.,N.A.,B0CM6M91TR
2025-03-04,2,12006,N.A.,N.A.,B0CM6M91TR
2025-03-05,2,10716,N.A.,N.A.,B0CM6M91TR
2025-03-06,2,9426,N.A.,N.A.,B0CM6M91TR
2025-03-07,2,8136,N.A.,N.A.,B0CM6M91TR
2025-03-08,2,11992,N.A.,N.A.,B0CM6M91TR
2025-03-09,1,15015,N.A.,N.A.,B0CM6M91TR
2025-03-10,1,13771,N.A.,N.A.,B0CM6M91TR
2025-03-11,1,12527,N.A.,N.A.,B0CM6M91TR
2025-03-12,2,11283,N.A.,N.A.,B0CM6M91TR
2025-03-13,2,10038,N.A.,N.A.,B0CM6M91TR
2025-03-14,2,8794,N.A.,N.A.,B0CM6M91TR
2025-03-15,3,7550,N.A.,N.A.,B0CM6M91TR
2025-03-16,3,6306,N.A.,N.A.,B0CM6M91TR
2025-03-17,1,16518,N.A.,N.A.,B0CM6M91TR
2025-03-18,1,16996,N.A.,N.A.,B0CM6M91TR
2025-03-19,1,17475,N.A.,N.A.,B0CM6M91TR
2025-03-20,1,17953,N.A.,N.A.,B0CM6M91TR
2025-03-21,1,18432,N.A.,N.A.,B0CM6M91TR
2025-03-22,1,18910,N.A.,N.A.,B0CM6M91TR
2025-03-23,1,19389,N.A.,N.A.,B0CM6M91TR
2025-03-24,1,19867,N.A.,N.A.,B0CM6M91TR
2025-03-25,1,18443,N.A.,N.A.,B0CM6M91TR
2025-03-26,1,17019,N.A.,N.A.,B0CM6M91TR
2025-03-27,1,15595,N.A.,N.A.,B0CM6M91TR
2025-03-28,1,14172,N.A.,N.A.,B0CM6M91TR
2025-03-29,1,12748,N.A.,N.A.,B0CM6M91TR
2025-03-30,2,11324,N.A.,N.A.,B0CM6M91TR
2025-03-31,2,9900,N.A.,N.A.,B0CM6M91TR
2025-04-01,1,14807,N.A.,N.A.,B0CM6M91TR
2025-04-02,1,13651,N.A.,N.A.,B0CM6M91TR
2025-04-03,1,12494,N.A.,N.A.,B0CM6M91TR
2025-04-04,2,11338,N.A.,N.A.,B0CM6M91TR
2025-04-05,2,10182,N.A.,N.A.,B0CM6M91TR
2025-04-06,2,9026,N.A.,N.A.,B0CM6M91TR
2025-04-07,3,7869,N.A.,N.A.,B0CM6M91TR
2025-04-08,3,6713,N.A.,N.A.,B0CM6M91TR
2025-04-09,3,6528,N.A.,N.A.,B0CM6M91TR
2025-04-10,3,7476,N.A.,N.A.,B0CM6M91TR
2025-04-11,2,10045,N.A.,N.A.,B0CM6M91TR
2025-04-12,1,18350,N.A.,N.A.,B0CM6M91TR
2025-04-13,1,17739,N.A.,N.A.,B0CM6M91TR
2025-04-14,1,17129,N.A.,N.A.,B0CM6M91TR
2025-04-15,1,16518,N.A.,N.A.,B0CM6M91TR
2025-04-16,1,15908,N.A.,N.A.,B0CM6M91TR
2025-04-17,1,15297,N.A.,N.A.,B0CM6M91TR
2025-04-18,1,14687,N.A.,N.A.,B0CM6M91TR
2025-04-19,1,14076,N.A.,N.A.,B0CM6M91TR
2025-04-20,1,14529,N.A.,N.A.,B0CM6M91TR
2025-04-21,1,14981,N.A.,N.A.,B0CM6M91TR
2025-04-22,1,15434,N.A.,N.A.,B0CM6M91TR
2025-04-23,1,15886,N.A.,N.A.,B0CM6M91TR
2025-04-24,1,16339,N.A.,N.A.,B0CM6M91TR
2025-04-25,1,16791,N.A.,N.A.,B0CM6M91TR
2025-04-26,1,17244,N.A.,N.A.,B0CM6M91TR
2025-04-27,1,16076,N.A.,N.A.,B0CM6M91TR
2025-04-28,1,14908,N.A.,N.A.,B0CM6M91TR
2025-04-29,1,13740,N.A.,N.A.,B0CM6M91TR
2025-04-30,1,12571,N.A.,N.A.,B0CM6M91TR
2025-05-01,2,11403,N.A.,N.A.,B0CM6M91TR
2025-05-02,2,10235,N.A.,N.A.,B0CM6M91TR
2025-05-03,2,9067,N.A.,N.A.,B0CM6M91TR
2025-05-04,3,7063,N.A.,N.A.,B0CM6M91TR
2025-05-05,2,8383,N.A.,N.A.,B0CM6M91TR
2025-05-06,1,12230,N.A.,N.A.,B0CM6M91TR
2025-05-07,2,11112,N.A.,N.A.,B0CM6M91TR
2025-05-08,2,8840,N.A.,N.A.,B0CM6M91TR
2025-05-09,3,6012,N.A.,N.A.,B0CM6M91TR
2025-05-10,2,9897,N.A.,N.A.,B0CM6M91TR
2025-05-11,4,5316,N.A.,N.A.,B0CM6M91TR
2025-05-12,1,14362,N.A.,N.A.,B0CM6M91TR
2025-05-13,1,23408,N.A.,N.A.,B0CM6M91TR
2025-05-14,0,32454,N.A.,N.A.,B0CM6M91TR
2025-05-15,0,41500,N.A.,N.A.,B0CM6M91TR
2025-02-17,N.A.,N.A.,N.A.,N.A.,B07VYZFWLY
2025-02-18,2,64228,N.A.,N.A.,B07VYZFWLY
2025-02-19,2,58616,N.A.,N.A.,B07VYZFWLY
2025-02-20,2,53004,N.A.,N.A.,B07VYZFWLY
2025-02-21,2,47392,N.A.,N.A.,B07VYZFWLY
2025-02-22,3,41781,N.A.,N.A.,B07VYZFWLY
2025-02-23,3,36169,N.A.,N.A.,B07VYZFWLY
2025-02-24,4,30557,N.A.,N.A.,B07VYZFWLY
2025-02-25,5,24945,4.2,37,B07VYZFWLY
2025-02-26,3,46383,N.A.,N.A.,B07VYZFWLY
2025-02-27,2,50077,N.A.,N.A.,B07VYZFWLY
2025-02-28,2,53770,N.A.,N.A.,B07VYZFWLY
2025-03-01,2,57464,N.A.,N.A.,B07VYZFWLY
2025-03-02,2,61158,N.A.,N.A.,B07VYZFWLY
2025-03-03,2,64852,N.A.,N.A.,B07VYZFWLY
2025-03-04,2,68545,N.A.,N.A.,B07VYZFWLY
2025-03-05,2,72239,N.A.,N.A.,B07VYZFWLY
2025-03-06,2,66400,N.A.,N.A.,B07VYZFWLY
2025-03-07,2,60561,N.A.,N.A.,B07VYZFWLY
2025-03-08,2,54722,N.A.,N.A.,B07VYZFWLY
2025-03-09,2,48884,N.A.,N.A.,B07VYZFWLY
2025-03-10,3,43045,N.A.,N.A.,B07VYZFWLY
2025-03-11,3,37206,N.A.,N.A.,B07VYZFWLY
2025-03-12,4,31367,N.A.,N.A.,B07VYZFWLY
2025-03-13,3,41070,N.A.,N.A.,B07VYZFWLY
2025-03-14,5,24621,N.A.,N.A.,B07VYZFWLY
2025-03-15,3,36858,N.A.,N.A.,B07VYZFWLY
2025-03-16,4,31915,N.A.,N.A.,B07VYZFWLY
2025-03-17,3,40672,N.A.,N.A.,B07VYZFWLY
2025-03-18,2,49668,N.A.,N.A.,B07VYZFWLY
2025-03-19,2,58664,N.A.,N.A.,B07VYZFWLY
2025-03-20,2,67660,N.A.,N.A.,B07VYZFWLY
2025-03-21,1,76656,N.A.,N.A.,B07VYZFWLY
2025-03-22,1,85652,N.A.,N.A.,B07VYZFWLY
2025-03-23,1,94648,N.A.,N.A.,B07VYZFWLY
2025-03-24,1,103644,N.A.,N.A.,B07VYZFWLY
2025-03-25,1,112640,N.A.,N.A.,B07VYZFWLY
2025-03-26,1,121636,N.A.,N.A.,B07VYZFWLY
2025-03-27,1,130632,N.A.,N.A.,B07VYZFWLY
2025-03-28,1,139628,N.A.,N.A.,B07VYZFWLY
2025-03-29,1,148624,N.A.,N.A.,B07VYZFWLY
2025-03-30,1,157620,N.A.,N.A.,B07VYZFWLY
2025-03-31,1,166616,N.A.,N.A.,B07VYZFWLY
2025-04-01,0,175612,N.A.,N.A.,B07VYZFWLY
2025-04-02,0,184608,N.A.,N.A.,B07VYZFWLY
2025-04-03,0,193604,N.A.,N.A.,B07VYZFWLY
2025-04-04,0,202600,N.A.,N.A.,B07VYZFWLY
2025-04-05,0,211596,N.A.,N.A.,B07VYZFWLY
2025-04-06,0,220592,N.A.,N.A.,B07VYZFWLY
2025-04-07,0,229588,N.A.,N.A.,B07VYZFWLY
2025-04-08,0,238584,N.A.,N.A.,B07VYZFWLY
2025-04-09,0,247580,N.A.,N.A.,B07VYZFWLY
2025-04-10,0,256576,N.A.,N.A.,B07VYZFWLY
2025-04-11,0,265572,N.A.,N.A.,B07VYZFWLY
2025-04-12,0,274568,N.A.,N.A.,B07VYZFWLY
2025-04-13,0,283564,N.A.,N.A.,B07VYZFWLY
2025-04-14,0,292560,N.A.,N.A.,B07VYZFWLY
2025-04-15,0,301556,N.A.,N.A.,B07VYZFWLY
2025-04-16,0,310552,N.A.,N.A.,B07VYZFWLY
2025-04-17,0,319548,N.A.,N.A.,B07VYZFWLY
2025-04-18,0,328544,N.A.,N.A.,B07VYZFWLY
2025-04-19,0,337540,N.A.,N.A.,B07VYZFWLY
2025-04-20,0,346536,N.A.,N.A.,B07VYZFWLY
2025-04-21,0,355532,N.A.,N.A.,B07VYZFWLY
2025-04-22,0,364528,N.A.,N.A.,B07VYZFWLY
2025-04-23,0,373524,N.A.,N.A.,B07VYZFWLY
2025-04-24,0,382520,N.A.,N.A.,B07VYZFWLY
2025-04-25,0,391516,N.A.,N.A.,B07VYZFWLY
2025-04-26,0,400512,N.A.,N.A.,B07VYZFWLY
2025-04-27,0,409508,N.A.,N.A.,B07VYZFWLY
2025-04-28,0,418504,N.A.,N.A.,B07VYZFWLY
2025-04-29,0,427500,N.A.,N.A.,B07VYZFWLY
2025-04-30,0,436496,N.A.,N.A.,B07VYZFWLY
2025-05-01,0,445492,N.A.,N.A.,B07VYZFWLY
2025-05-02,0,454488,N.A.,N.A.,B07VYZFWLY
2025-05-03,0,463484,N.A.,N.A.,B07VYZFWLY
2025-05-04,0,472480,N.A.,N.A.,B07VYZFWLY
2025-05-05,0,481476,N.A.,N.A.,B07VYZFWLY
2025-05-06,0,490472,N.A.,N.A.,B07VYZFWLY
2025-05-07,0,499468,N.A.,N.A.,B07VYZFWLY
2025-05-08,0,508464,N.A.,N.A.,B07VYZFWLY
2025-05-09,0,517460,N.A.,N.A.,B07VYZFWLY
2025-05-10,0,526456,N.A.,N.A.,B07VYZFWLY
2025-05-11,0,535452,N.A.,N.A.,B07VYZFWLY
2025-05-12,0,544448,N.A.,N.A.,B07VYZFWLY
2025-05-13,0,553444,N.A.,N.A.,B07VYZFWLY
2025-05-14,0,562440,N.A.,N.A.,B07VYZFWLY
2025-05-15,0,571436,N.A.,N.A.,B07VYZFWLY
2025-02-17,360,866,N.A.,N.A.,B0CHMSKB8M
2025-02-18,349,922,N.A.,N.A.,B0CHMSKB8M
2025-02-19,347,936,N.A.,N.A.,B0CHMSKB8M
2025-02-20,366,837,N.A.,N.A.,B0CHMSKB8M
2025-02-21,394,715,N.A.,N.A.,B0CHMSKB8M
2025-02-22,378,784,4.6,1049,B0CHMSKB8M
2025-02-23,400,781,N.A.,N.A.,B0CHMSKB8M
2025-02-24,398,789,N.A.,N.A.,B0CHMSKB8M
2025-02-25,389,828,N.A.,N.A.,B0CHMSKB8M
2025-02-26,38,27239,N.A.,N.A.,B0CHMSKB8M
2025-02-27,36,28694,N.A.,N.A.,B0CHMSKB8M
2025-02-28,34,30149,N.A.,N.A.,B0CHMSKB8M
2025-03-01,33,31604,N.A.,N.A.,B0CHMSKB8M
2025-03-02,31,33059,4.6,182,B0CHMSKB8M
2025-03-03,27,38743,N.A.,N.A.,B0CHMSKB8M
2025-03-04,35,30061,N.A.,N.A.,B0CHMSKB8M
2025-03-05,211,2677,N.A.,N.A.,B0CHMSKB8M
2025-03-06,225,2396,N.A.,N.A.,B0CHMSKB8M
2025-03-07,221,2470,N.A.,N.A.,B0CHMSKB8M
2025-03-08,223,2446,N.A.,N.A.,B0CHMSKB8M
2025-03-09,224,2421,4.6,931,B0CHMSKB8M
2025-03-10,299,1455,N.A.,N.A.,B0CHMSKB8M
2025-03-11,346,1115,N.A.,N.A.,B0CHMSKB8M
2025-03-12,324,1290,N.A.,N.A.,B0CHMSKB8M
2025-03-13,299,1534,N.A.,N.A.,B0CHMSKB8M
2025-03-14,301,1551,N.A.,N.A.,B0CHMSKB8M
2025-03-15,343,1260,N.A.,N.A.,B0CHMSKB8M
2025-03-16,261,2066,4.6,1158,B0CHMSKB8M
2025-03-17,277,1906,N.A.,N.A.,B0CHMSKB8M
2025-03-18,278,1915,N.A.,N.A.,B0CHMSKB8M
2025-03-19,292,1778,N.A.,N.A.,B0CHMSKB8M
2025-03-20,298,1719,N.A.,N.A.,B0CHMSKB8M
2025-03-21,292,1816,N.A.,N.A.,B0CHMSKB8M
2025-03-22,282,1966,N.A.,N.A.,B0CHMSKB8M
2025-03-23,299,1777,4.6,1193,B0CHMSKB8M
2025-03-24,277,2037,N.A.,N.A.,B0CHMSKB8M
2025-03-25,310,1669,N.A.,N.A.,B0CHMSKB8M
2025-03-26,479,699,N.A.,N.A.,B0CHMSKB8M
2025-03-27,436,856,N.A.,N.A.,B0CHMSKB8M
2025-03-28,452,788,N.A.,N.A.,B0CHMSKB8M
2025-03-29,441,831,N.A.,N.A.,B0CHMSKB8M
2025-03-30,391,1074,N.A.,N.A.,B0CHMSKB8M
2025-03-31,390,1077,4.6,1224,B0CHMSKB8M
2025-04-01,403,1006,N.A.,N.A.,B0CHMSKB8M
2025-04-02,338,1434,N.A.,N.A.,B0CHMSKB8M
2025-04-03,302,1781,N.A.,N.A.,B0CHMSKB8M
2025-04-04,281,2029,N.A.,N.A.,B0CHMSKB8M
2025-04-05,275,2114,N.A.,N.A.,B0CHMSKB8M
2025-04-06,252,2430,N.A.,N.A.,B0CHMSKB8M
2025-04-07,267,2192,4.6,1246,B0CHMSKB8M
2025-04-08,245,2564,N.A.,N.A.,B0CHMSKB8M
2025-04-09,234,2777,N.A.,N.A.,B0CHMSKB8M
2025-04-10,220,3107,N.A.,N.A.,B0CHMSKB8M
2025-04-11,208,3402,N.A.,N.A.,B0CHMSKB8M
2025-04-12,206,3479,N.A.,N.A.,B0CHMSKB8M
2025-04-13,206,3475,N.A.,N.A.,B0CHMSKB8M
2025-04-14,204,3538,N.A.,N.A.,B0CHMSKB8M
2025-04-15,213,3295,4.6,1269,B0CHMSKB8M
2025-04-16,197,3783,N.A.,N.A.,B0CHMSKB8M
2025-04-17,196,3819,N.A.,N.A.,B0CHMSKB8M
2025-04-18,201,3675,N.A.,N.A.,B0CHMSKB8M
2025-04-19,204,3595,N.A.,N.A.,B0CHMSKB8M
2025-04-20,203,3624,N.A.,N.A.,B0CHMSKB8M
2025-04-21,225,3053,N.A.,N.A.,B0CHMSKB8M
2025-04-22,210,3414,N.A.,N.A.,B0CHMSKB8M
2025-04-23,206,3544,4.6,1290,B0CHMSKB8M
2025-04-24,194,3894,N.A.,N.A.,B0CHMSKB8M
2025-04-25,197,3811,N.A.,N.A.,B0CHMSKB8M
2025-04-26,133,6813,N.A.,N.A.,B0CHMSKB8M
2025-04-27,167,5436,N.A.,N.A.,B0CHMSKB8M
2025-04-28,190,4486,N.A.,N.A.,B0CHMSKB8M
2025-04-29,167,5431,N.A.,N.A.,B0CHMSKB8M
2025-04-30,176,5042,N.A.,N.A.,B0CHMSKB8M
2025-05-01,161,5728,4.6,1325,B0CHMSKB8M
2025-05-02,170,5325,N.A.,N.A.,B0CHMSKB8M
2025-05-03,169,5380,N.A.,N.A.,B0CHMSKB8M
2025-05-04,171,5279,N.A.,N.A.,B0CHMSKB8M
2025-05-05,181,4840,N.A.,N.A.,B0CHMSKB8M
2025-05-06,166,5505,N.A.,N.A.,B0CHMSKB8M
2025-05-07,172,5243,N.A.,N.A.,B0CHMSKB8M
2025-05-08,167,5431,4.6,1348,B0CHMSKB8M
2025-05-09,166,5488,N.A.,N.A.,B0CHMSKB8M
2025-05-10,169,5344,N.A.,N.A.,B0CHMSKB8M
2025-05-11,163,5631,N.A.,N.A.,B0CHMSKB8M
2025-05-12,154,6155,N.A.,N.A.,B0CHMSKB8M
2025-05-13,162,5687,N.A.,N.A.,B0CHMSKB8M
2025-05-14,165,5535,N.A.,N.A.,B0CHMSKB8M
2025-05-15,187,4600,N.A.,N.A.,B0CHMSKB8M
2025-02-17,315,1135,N.A.,N.A.,B089CJ5SWB
2025-02-18,296,1286,N.A.,N.A.,B089CJ5SWB
2025-02-19,316,1126,N.A.,N.A.,B089CJ5SWB
2025-02-20,317,1124,N.A.,N.A.,B089CJ5SWB
2025-02-21,310,1170,4.6,23874,B089CJ5SWB
2025-02-22,307,1198,N.A.,N.A.,B089CJ5SWB
2025-02-23,367,936,N.A.,N.A.,B089CJ5SWB
2025-02-24,358,988,N.A.,N.A.,B089CJ5SWB
2025-02-25,357,991,N.A.,N.A.,B089CJ5SWB
2025-02-26,360,975,N.A.,N.A.,B089CJ5SWB
2025-02-27,411,736,N.A.,N.A.,B089CJ5SWB
2025-02-28,415,721,N.A.,N.A.,B089CJ5SWB
2025-03-01,421,698,N.A.,N.A.,B089CJ5SWB
2025-03-02,427,674,N.A.,N.A.,B089CJ5SWB
2025-03-03,412,722,N.A.,N.A.,B089CJ5SWB
2025-03-04,421,682,N.A.,N.A.,B089CJ5SWB
2025-03-05,410,720,N.A.,N.A.,B089CJ5SWB
2025-03-06,412,708,N.A.,N.A.,B089CJ5SWB
2025-03-07,400,753,N.A.,N.A.,B089CJ5SWB
2025-03-08,411,696,N.A.,N.A.,B089CJ5SWB
2025-03-09,426,638,N.A.,N.A.,B089CJ5SWB
2025-03-10,448,608,N.A.,N.A.,B089CJ5SWB
2025-03-11,471,565,N.A.,N.A.,B089CJ5SWB
2025-03-12,432,706,N.A.,N.A.,B089CJ5SWB
2025-03-13,479,574,N.A.,N.A.,B089CJ5SWB
2025-03-14,503,534,N.A.,N.A.,B089CJ5SWB
2025-03-15,560,448,N.A.,N.A.,B089CJ5SWB
2025-03-16,565,439,N.A.,N.A.,B089CJ5SWB
2025-03-17,546,488,N.A.,N.A.,B089CJ5SWB
2025-03-18,528,535,N.A.,N.A.,B089CJ5SWB
2025-03-19,568,457,N.A.,N.A.,B089CJ5SWB
2025-03-20,559,481,N.A.,N.A.,B089CJ5SWB
2025-03-21,589,432,N.A.,N.A.,B089CJ5SWB
2025-03-22,569,481,N.A.,N.A.,B089CJ5SWB
2025-03-23,607,413,4.6,23967,B089CJ5SWB
2025-03-24,553,509,N.A.,N.A.,B089CJ5SWB
2025-03-25,559,493,N.A.,N.A.,B089CJ5SWB
2025-03-26,646,345,N.A.,N.A.,B089CJ5SWB
2025-03-27,656,330,N.A.,N.A.,B089CJ5SWB
2025-03-28,667,312,N.A.,N.A.,B089CJ5SWB
2025-03-29,690,280,N.A.,N.A.,B089CJ5SWB
2025-03-30,705,264,N.A.,N.A.,B089CJ5SWB
2025-03-31,686,284,N.A.,N.A.,B089CJ5SWB
2025-04-01,727,242,N.A.,N.A.,B089CJ5SWB
2025-04-02,676,296,N.A.,N.A.,B089CJ5SWB
2025-04-03,623,367,N.A.,N.A.,B089CJ5SWB
2025-04-04,604,397,N.A.,N.A.,B089CJ5SWB
2025-04-05,612,383,N.A.,N.A.,B089CJ5SWB
2025-04-06,555,416,N.A.,N.A.,B089CJ5SWB
2025-04-07,528,478,N.A.,N.A.,B089CJ5SWB
2025-04-08,511,521,N.A.,N.A.,B089CJ5SWB
2025-04-09,490,581,N.A.,N.A.,B089CJ5SWB
2025-04-10,506,535,N.A.,N.A.,B089CJ5SWB
2025-04-11,504,542,N.A.,N.A.,B089CJ5SWB
2025-04-12,528,478,N.A.,N.A.,B089CJ5SWB
2025-04-13,547,435,N.A.,N.A.,B089CJ5SWB
2025-04-14,525,503,N.A.,N.A.,B089CJ5SWB
2025-04-15,520,524,N.A.,N.A.,B089CJ5SWB
2025-04-16,501,585,N.A.,N.A.,B089CJ5SWB
2025-04-17,498,601,N.A.,N.A.,B089CJ5SWB
2025-04-18,518,554,N.A.,N.A.,B089CJ5SWB
2025-04-19,510,590,N.A.,N.A.,B089CJ5SWB
2025-04-20,571,443,N.A.,N.A.,B089CJ5SWB
2025-04-21,527,546,N.A.,N.A.,B089CJ5SWB
2025-04-22,564,459,N.A.,N.A.,B089CJ5SWB
2025-04-23,617,361,4.6,24238,B089CJ5SWB
2025-04-24,614,365,N.A.,N.A.,B089CJ5SWB
2025-04-25,685,267,N.A.,N.A.,B089CJ5SWB
2025-04-26,668,287,N.A.,N.A.,B089CJ5SWB
2025-04-27,762,300,N.A.,N.A.,B089CJ5SWB
2025-04-28,710,359,N.A.,N.A.,B089CJ5SWB
2025-04-29,740,323,N.A.,N.A.,B089CJ5SWB
2025-04-30,766,296,N.A.,N.A.,B089CJ5SWB
2025-05-01,753,310,N.A.,N.A.,B089CJ5SWB
2025-05-02,768,294,N.A.,N.A.,B089CJ5SWB
2025-05-03,765,297,N.A.,N.A.,B089CJ5SWB
2025-05-04,758,304,N.A.,N.A.,B089CJ5SWB
2025-05-05,715,352,N.A.,N.A.,B089CJ5SWB
2025-05-06,702,369,N.A.,N.A.,B089CJ5SWB
2025-05-07,689,386,N.A.,N.A.,B089CJ5SWB
2025-05-08,671,412,N.A.,N.A.,B089CJ5SWB
2025-05-09,692,382,N.A.,N.A.,B089CJ5SWB
2025-05-10,685,392,N.A.,N.A.,B089CJ5SWB
2025-05-11,697,375,N.A.,N.A.,B089CJ5SWB
2025-05-12,667,418,N.A.,N.A.,B089CJ5SWB
2025-05-13,726,339,N.A.,N.A.,B089CJ5SWB
2025-05-14,752,311,N.A.,N.A.,B089CJ5SWB
2025-05-15,748,315,N.A.,N.A.,B089CJ5SWB
2025-02-17,1,25039,N.A.,N.A.,B0C9VPR1SY
2025-02-18,1,22922,N.A.,N.A.,B0C9VPR1SY
2025-02-19,1,20805,N.A.,N.A.,B0C9VPR1SY
2025-02-20,1,18688,N.A.,N.A.,B0C9VPR1SY
2025-02-21,1,16571,N.A.,N.A.,B0C9VPR1SY
2025-02-22,1,14454,N.A.,N.A.,B0C9VPR1SY
2025-02-23,1,12337,N.A.,N.A.,B0C9VPR1SY
2025-02-24,1,24181,N.A.,N.A.,B0C9VPR1SY
2025-02-25,1,21816,N.A.,N.A.,B0C9VPR1SY
2025-02-26,1,19450,N.A.,N.A.,B0C9VPR1SY
2025-02-27,1,17085,N.A.,N.A.,B0C9VPR1SY
2025-02-28,1,14720,N.A.,N.A.,B0C9VPR1SY
2025-03-01,1,12355,N.A.,N.A.,B0C9VPR1SY
2025-03-02,2,9989,N.A.,N.A.,B0C9VPR1SY
2025-03-03,3,7624,N.A.,N.A.,B0C9VPR1SY
2025-03-04,1,19965,N.A.,N.A.,B0C9VPR1SY
2025-03-05,1,20278,N.A.,N.A.,B0C9VPR1SY
2025-03-06,1,20590,N.A.,N.A.,B0C9VPR1SY
2025-03-07,1,20903,N.A.,N.A.,B0C9VPR1SY
2025-03-08,1,21215,N.A.,N.A.,B0C9VPR1SY
2025-03-09,1,21528,N.A.,N.A.,B0C9VPR1SY
2025-03-10,1,21840,N.A.,N.A.,B0C9VPR1SY
2025-03-11,1,22153,4,37,B0C9VPR1SY
2025-03-12,1,21068,N.A.,N.A.,B0C9VPR1SY
2025-03-13,1,19982,N.A.,N.A.,B0C9VPR1SY
2025-03-14,1,18897,N.A.,N.A.,B0C9VPR1SY
2025-03-15,1,17812,N.A.,N.A.,B0C9VPR1SY
2025-03-16,1,16727,N.A.,N.A.,B0C9VPR1SY
2025-03-17,1,15641,N.A.,N.A.,B0C9VPR1SY
2025-03-18,1,14556,N.A.,N.A.,B0C9VPR1SY
2025-03-19,1,16931,N.A.,N.A.,B0C9VPR1SY
2025-03-20,1,19307,N.A.,N.A.,B0C9VPR1SY
2025-03-21,1,21682,N.A.,N.A.,B0C9VPR1SY
2025-03-22,1,24058,N.A.,N.A.,B0C9VPR1SY
2025-03-23,1,26433,N.A.,N.A.,B0C9VPR1SY
2025-03-24,1,28809,N.A.,N.A.,B0C9VPR1SY
2025-03-25,0,31184,N.A.,N.A.,B0C9VPR1SY
2025-03-26,1,27894,N.A.,N.A.,B0C9VPR1SY
2025-03-27,1,24605,N.A.,N.A.,B0C9VPR1SY
2025-03-28,1,21315,N.A.,N.A.,B0C9VPR1SY
2025-03-29,1,18025,N.A.,N.A.,B0C9VPR1SY
2025-03-30,1,14735,N.A.,N.A.,B0C9VPR1SY
2025-03-31,2,11446,N.A.,N.A.,B0C9VPR1SY
2025-04-01,2,8156,N.A.,N.A.,B0C9VPR1SY
2025-04-02,1,18803,N.A.,N.A.,B0C9VPR1SY
2025-04-03,1,18699,N.A.,N.A.,B0C9VPR1SY
2025-04-04,1,18595,N.A.,N.A.,B0C9VPR1SY
2025-04-05,1,18491,N.A.,N.A.,B0C9VPR1SY
2025-04-06,1,18387,N.A.,N.A.,B0C9VPR1SY
2025-04-07,1,18283,N.A.,N.A.,B0C9VPR1SY
2025-04-08,1,18179,N.A.,N.A.,B0C9VPR1SY
2025-04-09,1,18075,N.A.,N.A.,B0C9VPR1SY
2025-04-10,1,16541,N.A.,N.A.,B0C9VPR1SY
2025-04-11,1,15006,N.A.,N.A.,B0C9VPR1SY
2025-04-12,1,13472,N.A.,N.A.,B0C9VPR1SY
2025-04-13,2,11938,N.A.,N.A.,B0C9VPR1SY
2025-04-14,2,10404,N.A.,N.A.,B0C9VPR1SY
2025-04-15,2,8869,N.A.,N.A.,B0C9VPR1SY
2025-04-16,3,7335,4,38,B0C9VPR1SY
2025-04-17,2,8007,N.A.,N.A.,B0C9VPR1SY
2025-04-18,1,18531,N.A.,N.A.,B0C9VPR1SY
2025-04-19,1,17792,N.A.,N.A.,B0C9VPR1SY
2025-04-20,1,17053,N.A.,N.A.,B0C9VPR1SY
2025-04-21,1,16314,N.A.,N.A.,B0C9VPR1SY
2025-04-22,1,15574,N.A.,N.A.,B0C9VPR1SY
2025-04-23,1,14835,N.A.,N.A.,B0C9VPR1SY
2025-04-24,1,14096,N.A.,N.A.,B0C9VPR1SY
2025-04-25,1,13357,N.A.,N.A.,B0C9VPR1SY
2025-04-26,1,12451,N.A.,N.A.,B0C9VPR1SY
2025-04-27,2,11546,N.A.,N.A.,B0C9VPR1SY
2025-04-28,2,10640,N.A.,N.A.,B0C9VPR1SY
2025-04-29,2,9735,N.A.,N.A.,B0C9VPR1SY
2025-04-30,2,8829,N.A.,N.A.,B0C9VPR1SY
2025-05-01,2,7924,N.A.,N.A.,B0C9VPR1SY
2025-05-02,3,7018,N.A.,N.A.,B0C9VPR1SY
2025-05-03,1,19272,N.A.,N.A.,B0C9VPR1SY
2025-05-04,1,20240,N.A.,N.A.,B0C9VPR1SY
2025-05-05,1,21207,N.A.,N.A.,B0C9VPR1SY
2025-05-06,1,22175,N.A.,N.A.,B0C9VPR1SY
2025-05-07,1,23143,N.A.,N.A.,B0C9VPR1SY
2025-05-08,1,24111,N.A.,N.A.,B0C9VPR1SY
2025-05-09,1,25078,N.A.,N.A.,B0C9VPR1SY
2025-05-10,1,26046,N.A.,N.A.,B0C9VPR1SY
2025-05-11,1,27014,N.A.,N.A.,B0C9VPR1SY
2025-05-12,1,27981,N.A.,N.A.,B0C9VPR1SY
2025-05-13,1,28949,N.A.,N.A.,B0C9VPR1SY
2025-05-14,0,29917,N.A.,N.A.,B0C9VPR1SY
2025-05-15,0,30885,N.A.,N.A.,B0C9VPR1SY
2025-02-17,233,1989,N.A.,N.A.,B07N1M3J16
2025-02-18,271,1517,4.6,30102,B07N1M3J16
2025-02-19,283,1402,N.A.,N.A.,B07N1M3J16
2025-02-20,276,1464,N.A.,N.A.,B07N1M3J16
2025-02-21,290,1336,N.A.,N.A.,B07N1M3J16
2025-02-22,308,1189,N.A.,N.A.,B07N1M3J16
2025-02-23,320,1236,N.A.,N.A.,B07N1M3J16
2025-02-24,295,1450,N.A.,N.A.,B07N1M3J16
2025-02-25,296,1441,4.6,29852,B07N1M3J16
2025-02-26,259,1850,N.A.,N.A.,B07N1M3J16
2025-02-27,247,2018,N.A.,N.A.,B07N1M3J16
2025-02-28,250,1972,N.A.,N.A.,B07N1M3J16
2025-03-01,243,2082,N.A.,N.A.,B07N1M3J16
2025-03-02,259,1851,N.A.,N.A.,B07N1M3J16
2025-03-03,227,2345,N.A.,N.A.,B07N1M3J16
2025-03-04,225,2396,N.A.,N.A.,B07N1M3J16
2025-03-05,218,2522,N.A.,N.A.,B07N1M3J16
2025-03-06,213,2648,4.6,29881,B07N1M3J16
2025-03-07,241,2117,N.A.,N.A.,B07N1M3J16
2025-03-08,246,2041,N.A.,N.A.,B07N1M3J16
2025-03-09,224,2431,N.A.,N.A.,B07N1M3J16
2025-03-10,223,2522,N.A.,N.A.,B07N1M3J16
2025-03-11,205,2948,N.A.,N.A.,B07N1M3J16
2025-03-12,217,2700,N.A.,N.A.,B07N1M3J16
2025-03-13,232,2425,N.A.,N.A.,B07N1M3J16
2025-03-14,238,2363,4.6,29899,B07N1M3J16
2025-03-15,228,2600,N.A.,N.A.,B07N1M3J16
2025-03-16,224,2697,N.A.,N.A.,B07N1M3J16
2025-03-17,205,3167,N.A.,N.A.,B07N1M3J16
2025-03-18,316,1526,N.A.,N.A.,B07N1M3J16
2025-03-19,338,1356,N.A.,N.A.,B07N1M3J16
2025-03-20,342,1339,N.A.,N.A.,B07N1M3J16
2025-03-21,359,1234,4.6,29904,B07N1M3J16
2025-03-22,380,1131,N.A.,N.A.,B07N1M3J16
2025-03-23,392,1066,N.A.,N.A.,B07N1M3J16
2025-03-24,355,1292,N.A.,N.A.,B07N1M3J16
2025-03-25,296,1823,N.A.,N.A.,B07N1M3J16
2025-03-26,321,1575,N.A.,N.A.,B07N1M3J16
2025-03-27,314,1637,N.A.,N.A.,B07N1M3J16
2025-03-28,340,1417,N.A.,N.A.,B07N1M3J16
2025-03-29,342,1403,4.6,29920,B07N1M3J16
2025-03-30,317,1630,N.A.,N.A.,B07N1M3J16
2025-03-31,318,1616,N.A.,N.A.,B07N1M3J16
2025-04-01,327,1534,N.A.,N.A.,B07N1M3J16
2025-04-02,285,1981,N.A.,N.A.,B07N1M3J16
2025-04-03,258,2374,N.A.,N.A.,B07N1M3J16
2025-04-04,259,2355,N.A.,N.A.,B07N1M3J16
2025-04-05,235,2775,4.6,29937,B07N1M3J16
2025-04-06,248,2501,N.A.,N.A.,B07N1M3J16
2025-04-07,250,2475,N.A.,N.A.,B07N1M3J16
2025-04-08,219,3123,N.A.,N.A.,B07N1M3J16
2025-04-09,216,3207,N.A.,N.A.,B07N1M3J16
2025-04-10,213,3270,N.A.,N.A.,B07N1M3J16
2025-04-11,213,3280,N.A.,N.A.,B07N1M3J16
2025-04-12,204,3516,N.A.,N.A.,B07N1M3J16
2025-04-13,211,3333,4.6,29971,B07N1M3J16
2025-04-14,206,3488,N.A.,N.A.,B07N1M3J16
2025-04-15,287,1944,N.A.,N.A.,B07N1M3J16
2025-04-16,300,1797,N.A.,N.A.,B07N1M3J16
2025-04-17,319,1600,N.A.,N.A.,B07N1M3J16
2025-04-18,330,1507,N.A.,N.A.,B07N1M3J16
2025-04-19,352,1345,N.A.,N.A.,B07N1M3J16
2025-04-20,362,1271,N.A.,N.A.,B07N1M3J16
2025-04-21,354,1331,4.6,29986,B07N1M3J16
2025-04-22,276,2143,N.A.,N.A.,B07N1M3J16
2025-04-23,248,2585,N.A.,N.A.,B07N1M3J16
2025-04-24,221,3149,N.A.,N.A.,B07N1M3J16
2025-04-25,217,3246,N.A.,N.A.,B07N1M3J16
2025-04-26,228,2993,N.A.,N.A.,B07N1M3J16
2025-04-27,251,2890,N.A.,N.A.,B07N1M3J16
2025-04-28,224,3474,N.A.,N.A.,B07N1M3J16
2025-04-29,218,3623,4.6,30008,B07N1M3J16
2025-04-30,190,4511,N.A.,N.A.,B07N1M3J16
2025-05-01,196,4286,N.A.,N.A.,B07N1M3J16
2025-05-02,198,4213,N.A.,N.A.,B07N1M3J16
2025-05-03,206,3977,N.A.,N.A.,B07N1M3J16
2025-05-04,209,3899,N.A.,N.A.,B07N1M3J16
2025-05-05,207,3946,N.A.,N.A.,B07N1M3J16
2025-05-06,192,4423,4.6,30024,B07N1M3J16
2025-05-07,179,4907,N.A.,N.A.,B07N1M3J16
2025-05-08,189,4524,N.A.,N.A.,B07N1M3J16
2025-05-09,195,4342,N.A.,N.A.,B07N1M3J16
2025-05-10,184,4736,N.A.,N.A.,B07N1M3J16
2025-05-11,208,3919,N.A.,N.A.,B07N1M3J16
2025-05-12,174,5119,N.A.,N.A.,B07N1M3J16
2025-05-13,261,2708,4.6,30050,B07N1M3J16
2025-05-14,275,2479,N.A.,N.A.,B07N1M3J16
2025-05-15,255,2812,N.A.,N.A.,B07N1M3J16
2025-02-17,110,1302,N.A.,N.A.,B097F2QX67
2025-02-18,92,1666,N.A.,N.A.,B097F2QX67
2025-02-19,95,1592,N.A.,N.A.,B097F2QX67
2025-02-20,90,1731,N.A.,N.A.,B097F2QX67
2025-02-21,92,1662,N.A.,N.A.,B097F2QX67
2025-02-22,85,1875,N.A.,N.A.,B097F2QX67
2025-02-23,94,1625,N.A.,N.A.,B097F2QX67
2025-02-24,94,1622,N.A.,N.A.,B097F2QX67
2025-02-25,95,1618,N.A.,N.A.,B097F2QX67
2025-02-26,93,1655,N.A.,N.A.,B097F2QX67
2025-02-27,93,1655,N.A.,N.A.,B097F2QX67
2025-02-28,80,2057,N.A.,N.A.,B097F2QX67
2025-03-01,78,2121,N.A.,N.A.,B097F2QX67
2025-03-02,78,2139,N.A.,N.A.,B097F2QX67
2025-03-03,82,1997,N.A.,N.A.,B097F2QX67
2025-03-04,74,2274,N.A.,N.A.,B097F2QX67
2025-03-05,73,2335,N.A.,N.A.,B097F2QX67
2025-03-06,76,2194,N.A.,N.A.,B097F2QX67
2025-03-07,75,2228,N.A.,N.A.,B097F2QX67
2025-03-08,79,2093,N.A.,N.A.,B097F2QX67
2025-03-09,80,2268,N.A.,N.A.,B097F2QX67
2025-03-10,96,1740,N.A.,N.A.,B097F2QX67
2025-03-11,93,1844,N.A.,N.A.,B097F2QX67
2025-03-12,92,1846,N.A.,N.A.,B097F2QX67
2025-03-13,82,2167,N.A.,N.A.,B097F2QX67
2025-03-14,84,2113,N.A.,N.A.,B097F2QX67
2025-03-15,83,2147,N.A.,N.A.,B097F2QX67
2025-03-16,85,2060,N.A.,N.A.,B097F2QX67
2025-03-17,91,1938,N.A.,N.A.,B097F2QX67
2025-03-18,83,2225,N.A.,N.A.,B097F2QX67
2025-03-19,83,2225,N.A.,N.A.,B097F2QX67
2025-03-20,89,2056,N.A.,N.A.,B097F2QX67
2025-03-21,83,2277,N.A.,N.A.,B097F2QX67
2025-03-22,84,2315,N.A.,N.A.,B097F2QX67
2025-03-23,92,2035,N.A.,N.A.,B097F2QX67
2025-03-24,83,2354,4.5,7882,B097F2QX67
2025-03-25,73,2791,N.A.,N.A.,B097F2QX67
2025-03-26,78,2524,N.A.,N.A.,B097F2QX67
2025-03-27,81,2436,N.A.,N.A.,B097F2QX67
2025-03-28,69,2990,N.A.,N.A.,B097F2QX67
2025-03-29,74,2736,N.A.,N.A.,B097F2QX67
2025-03-30,77,2660,N.A.,N.A.,B097F2QX67
2025-03-31,77,2678,4.5,7887,B097F2QX67
2025-04-01,72,2942,N.A.,N.A.,B097F2QX67
2025-04-02,75,2760,N.A.,N.A.,B097F2QX67
2025-04-03,78,2624,N.A.,N.A.,B097F2QX67
2025-04-04,72,2900,N.A.,N.A.,B097F2QX67
2025-04-05,71,2955,N.A.,N.A.,B097F2QX67
2025-04-06,69,3064,N.A.,N.A.,B097F2QX67
2025-04-07,75,2787,4.5,7901,B097F2QX67
2025-04-08,63,3523,N.A.,N.A.,B097F2QX67
2025-04-09,77,2645,N.A.,N.A.,B097F2QX67
2025-04-10,83,2395,N.A.,N.A.,B097F2QX67
2025-04-11,64,3411,N.A.,N.A.,B097F2QX67
2025-04-12,70,3016,N.A.,N.A.,B097F2QX67
2025-04-13,71,3005,N.A.,N.A.,B097F2QX67
2025-04-14,72,2963,N.A.,N.A.,B097F2QX67
2025-04-15,71,3037,4.5,7907,B097F2QX67
2025-04-16,64,3435,N.A.,N.A.,B097F2QX67
2025-04-17,64,3488,N.A.,N.A.,B097F2QX67
2025-04-18,68,3222,N.A.,N.A.,B097F2QX67
2025-04-19,70,3091,N.A.,N.A.,B097F2QX67
2025-04-20,73,2975,N.A.,N.A.,B097F2QX67
2025-04-21,73,2961,N.A.,N.A.,B097F2QX67
2025-04-22,66,3408,4.5,7910,B097F2QX67
2025-04-23,73,3001,N.A.,N.A.,B097F2QX67
2025-04-24,78,2762,N.A.,N.A.,B097F2QX67
2025-04-25,64,3614,N.A.,N.A.,B097F2QX67
2025-04-26,77,2845,N.A.,N.A.,B097F2QX67
2025-04-27,73,3053,N.A.,N.A.,B097F2QX67
2025-04-28,80,2710,N.A.,N.A.,B097F2QX67
2025-04-29,68,3325,N.A.,N.A.,B097F2QX67
2025-04-30,63,3666,4.5,7917,B097F2QX67
2025-05-01,60,3895,N.A.,N.A.,B097F2QX67
2025-05-02,66,3459,N.A.,N.A.,B097F2QX67
2025-05-03,75,2951,N.A.,N.A.,B097F2QX67
2025-05-04,67,3424,N.A.,N.A.,B097F2QX67
2025-05-05,83,2562,N.A.,N.A.,B097F2QX67
2025-05-06,82,2623,N.A.,N.A.,B097F2QX67
2025-05-07,87,2407,4.5,7922,B097F2QX67
2025-05-08,78,2791,N.A.,N.A.,B097F2QX67
2025-05-09,77,2831,N.A.,N.A.,B097F2QX67
2025-05-10,75,2931,N.A.,N.A.,B097F2QX67
2025-05-11,74,2977,N.A.,N.A.,B097F2QX67
2025-05-12,72,3105,N.A.,N.A.,B097F2QX67
2025-05-13,50,4876,N.A.,N.A.,B097F2QX67
2025-05-14,56,4259,4.5,7928,B097F2QX67
2025-05-15,73,3021,N.A.,N.A.,B097F2QX67
2025-02-17,N.A.,N.A.,N.A.,N.A.,B0DSBS9PPK
2025-02-18,N.A.,N.A.,N.A.,N.A.,B0DSBS9PPK
2025-02-19,N.A.,N.A.,N.A.,N.A.,B0DSBS9PPK
2025-02-20,N.A.,N.A.,N.A.,N.A.,B0DSBS9PPK
2025-02-21,N.A.,N.A.,N.A.,N.A.,B0DSBS9PPK
2025-02-22,N.A.,N.A.,N.A.,N.A.,B0DSBS9PPK
2025-02-23,N.A.,N.A.,N.A.,N.A.,B0DSBS9PPK
2025-02-24,N.A.,N.A.,N.A.,N.A.,B0DSBS9PPK
2025-02-25,N.A.,N.A.,N.A.,N.A.,B0DSBS9PPK
2025-02-26,N.A.,N.A.,N.A.,N.A.,B0DSBS9PPK
2025-02-27,N.A.,N.A.,N.A.,N.A.,B0DSBS9PPK
2025-02-28,0,60488,N.A.,N.A.,B0DSBS9PPK
2025-03-01,0,56614,N.A.,N.A.,B0DSBS9PPK
2025-03-02,0,52740,N.A.,N.A.,B0DSBS9PPK
2025-03-03,0,48866,N.A.,N.A.,B0DSBS9PPK
2025-03-04,0,44992,N.A.,N.A.,B0DSBS9PPK
2025-03-05,0,41118,N.A.,N.A.,B0DSBS9PPK
2025-03-06,0,37244,N.A.,N.A.,B0DSBS9PPK
2025-03-07,0,33370,N.A.,N.A.,B0DSBS9PPK
2025-03-08,0,29497,N.A.,N.A.,B0DSBS9PPK
2025-03-09,1,25623,N.A.,N.A.,B0DSBS9PPK
2025-03-10,1,21749,N.A.,N.A.,B0DSBS9PPK
2025-03-11,1,17875,N.A.,N.A.,B0DSBS9PPK
2025-03-12,1,14001,N.A.,N.A.,B0DSBS9PPK
2025-03-13,2,10127,N.A.,N.A.,B0DSBS9PPK
2025-03-14,3,6253,N.A.,N.A.,B0DSBS9PPK
2025-03-15,1,12985,N.A.,N.A.,B0DSBS9PPK
2025-03-16,1,18668,N.A.,N.A.,B0DSBS9PPK
2025-03-17,1,24351,N.A.,N.A.,B0DSBS9PPK
2025-03-18,0,30034,N.A.,N.A.,B0DSBS9PPK
2025-03-19,0,35716,N.A.,N.A.,B0DSBS9PPK
2025-03-20,0,41399,N.A.,N.A.,B0DSBS9PPK
2025-03-21,0,47082,N.A.,N.A.,B0DSBS9PPK
2025-03-22,0,52765,N.A.,N.A.,B0DSBS9PPK
2025-03-23,0,54918,N.A.,N.A.,B0DSBS9PPK
2025-03-24,0,57071,N.A.,N.A.,B0DSBS9PPK
2025-03-25,0,59223,N.A.,N.A.,B0DSBS9PPK
2025-03-26,0,61376,N.A.,N.A.,B0DSBS9PPK
2025-03-27,0,63529,N.A.,N.A.,B0DSBS9PPK
2025-03-28,0,65682,N.A.,N.A.,B0DSBS9PPK
2025-03-29,0,67835,N.A.,N.A.,B0DSBS9PPK
2025-03-30,0,69987,N.A.,N.A.,B0DSBS9PPK
2025-03-31,0,72140,N.A.,N.A.,B0DSBS9PPK
2025-04-01,0,74293,N.A.,N.A.,B0DSBS9PPK
2025-04-02,0,76446,N.A.,N.A.,B0DSBS9PPK
2025-04-03,0,78598,N.A.,N.A.,B0DSBS9PPK
2025-04-04,0,80751,N.A.,N.A.,B0DSBS9PPK
2025-04-05,0,82904,N.A.,N.A.,B0DSBS9PPK
2025-04-06,0,80023,N.A.,N.A.,B0DSBS9PPK
2025-04-07,0,77141,N.A.,N.A.,B0DSBS9PPK
2025-04-08,0,74260,N.A.,N.A.,B0DSBS9PPK
2025-04-09,0,71378,N.A.,N.A.,B0DSBS9PPK
2025-04-10,0,68497,N.A.,N.A.,B0DSBS9PPK
2025-04-11,0,65615,N.A.,N.A.,B0DSBS9PPK
2025-04-12,0,62734,N.A.,N.A.,B0DSBS9PPK
2025-04-13,0,59853,N.A.,N.A.,B0DSBS9PPK
2025-04-14,0,56971,N.A.,N.A.,B0DSBS9PPK
2025-04-15,0,54090,N.A.,N.A.,B0DSBS9PPK
2025-04-16,0,51208,N.A.,N.A.,B0DSBS9PPK
2025-04-17,0,48327,N.A.,N.A.,B0DSBS9PPK
2025-04-18,0,45445,N.A.,N.A.,B0DSBS9PPK
2025-04-19,0,42564,N.A.,N.A.,B0DSBS9PPK
2025-04-20,0,42357,N.A.,N.A.,B0DSBS9PPK
2025-04-21,0,42150,N.A.,N.A.,B0DSBS9PPK
2025-04-22,0,41943,N.A.,N.A.,B0DSBS9PPK
2025-04-23,0,41735,N.A.,N.A.,B0DSBS9PPK
2025-04-24,0,41528,N.A.,N.A.,B0DSBS9PPK
2025-04-25,0,41321,N.A.,N.A.,B0DSBS9PPK
2025-04-26,0,41114,N.A.,N.A.,B0DSBS9PPK
2025-04-27,0,40907,N.A.,N.A.,B0DSBS9PPK
2025-04-28,0,40700,N.A.,N.A.,B0DSBS9PPK
2025-04-29,0,40493,N.A.,N.A.,B0DSBS9PPK
2025-04-30,0,40285,N.A.,N.A.,B0DSBS9PPK
2025-05-01,0,40078,N.A.,N.A.,B0DSBS9PPK
2025-05-02,0,39871,N.A.,N.A.,B0DSBS9PPK
2025-05-03,0,39664,N.A.,N.A.,B0DSBS9PPK
2025-05-04,0,39457,N.A.,N.A.,B0DSBS9PPK
2025-05-05,0,39250,N.A.,N.A.,B0DSBS9PPK
2025-05-06,0,39043,N.A.,N.A.,B0DSBS9PPK
2025-05-07,0,38835,N.A.,N.A.,B0DSBS9PPK
2025-05-08,0,38628,N.A.,N.A.,B0DSBS9PPK
2025-05-09,0,38421,N.A.,N.A.,B0DSBS9PPK
2025-05-10,0,38214,N.A.,N.A.,B0DSBS9PPK
2025-05-11,0,38007,N.A.,N.A.,B0DSBS9PPK
2025-05-12,0,37800,N.A.,N.A.,B0DSBS9PPK
2025-05-13,0,37593,N.A.,N.A.,B0DSBS9PPK
2025-05-14,0,37385,N.A.,N.A.,B0DSBS9PPK
2025-05-15,0,37178,N.A.,N.A.,B0DSBS9PPK
2025-02-17,271,325,N.A.,N.A.,B0C7SFV8RH
2025-02-18,260,350,N.A.,N.A.,B0C7SFV8RH
2025-02-19,260,350,N.A.,N.A.,B0C7SFV8RH
2025-02-20,283,302,4.6,1319,B0C7SFV8RH
2025-02-21,270,327,N.A.,N.A.,B0C7SFV8RH
2025-02-22,263,342,N.A.,N.A.,B0C7SFV8RH
2025-02-23,238,405,N.A.,N.A.,B0C7SFV8RH
2025-02-24,304,267,N.A.,N.A.,B0C7SFV8RH
2025-02-25,338,222,N.A.,N.A.,B0C7SFV8RH
2025-02-26,340,220,N.A.,N.A.,B0C7SFV8RH
2025-02-27,341,219,N.A.,N.A.,B0C7SFV8RH
2025-02-28,341,219,N.A.,N.A.,B0C7SFV8RH
2025-03-01,341,218,4.6,1354,B0C7SFV8RH
2025-03-02,317,248,N.A.,N.A.,B0C7SFV8RH
2025-03-03,334,227,N.A.,N.A.,B0C7SFV8RH
2025-03-04,354,204,N.A.,N.A.,B0C7SFV8RH
2025-03-05,373,186,N.A.,N.A.,B0C7SFV8RH
2025-03-06,338,222,N.A.,N.A.,B0C7SFV8RH
2025-03-07,321,243,N.A.,N.A.,B0C7SFV8RH
2025-03-08,304,267,N.A.,N.A.,B0C7SFV8RH
2025-03-09,294,291,4.6,1392,B0C7SFV8RH
2025-03-10,284,311,N.A.,N.A.,B0C7SFV8RH
2025-03-11,301,280,N.A.,N.A.,B0C7SFV8RH
2025-03-12,277,325,N.A.,N.A.,B0C7SFV8RH
2025-03-13,311,263,N.A.,N.A.,B0C7SFV8RH
2025-03-14,284,311,N.A.,N.A.,B0C7SFV8RH
2025-03-15,269,342,N.A.,N.A.,B0C7SFV8RH
2025-03-16,293,293,4.6,1434,B0C7SFV8RH
2025-03-17,313,269,N.A.,N.A.,B0C7SFV8RH
2025-03-18,304,290,N.A.,N.A.,B0C7SFV8RH
2025-03-19,294,312,N.A.,N.A.,B0C7SFV8RH
2025-03-20,296,312,N.A.,N.A.,B0C7SFV8RH
2025-03-21,280,350,N.A.,N.A.,B0C7SFV8RH
2025-03-22,289,341,N.A.,N.A.,B0C7SFV8RH
2025-03-23,291,337,4.6,1456,B0C7SFV8RH
2025-03-24,282,357,N.A.,N.A.,B0C7SFV8RH
2025-03-25,328,272,N.A.,N.A.,B0C7SFV8RH
2025-03-26,261,408,N.A.,N.A.,B0C7SFV8RH
2025-03-27,255,423,N.A.,N.A.,B0C7SFV8RH
2025-03-28,254,428,N.A.,N.A.,B0C7SFV8RH
2025-03-29,224,528,N.A.,N.A.,B0C7SFV8RH
2025-03-30,213,543,N.A.,N.A.,B0C7SFV8RH
2025-03-31,222,505,4.6,1507,B0C7SFV8RH
2025-04-01,211,553,N.A.,N.A.,B0C7SFV8RH
2025-04-02,255,392,N.A.,N.A.,B0C7SFV8RH
2025-04-03,259,381,N.A.,N.A.,B0C7SFV8RH
2025-04-04,289,307,N.A.,N.A.,B0C7SFV8RH
2025-04-05,261,376,N.A.,N.A.,B0C7SFV8RH
2025-04-06,208,566,N.A.,N.A.,B0C7SFV8RH
2025-04-07,172,785,N.A.,N.A.,B0C7SFV8RH
2025-04-08,184,704,4.6,1595,B0C7SFV8RH
2025-04-09,180,732,N.A.,N.A.,B0C7SFV8RH
2025-04-10,199,616,N.A.,N.A.,B0C7SFV8RH
2025-04-11,220,512,N.A.,N.A.,B0C7SFV8RH
2025-04-12,190,666,N.A.,N.A.,B0C7SFV8RH
2025-04-13,185,706,N.A.,N.A.,B0C7SFV8RH
2025-04-14,203,605,N.A.,N.A.,B0C7SFV8RH
2025-04-15,186,711,4.6,1648,B0C7SFV8RH
2025-04-16,174,798,N.A.,N.A.,B0C7SFV8RH
2025-04-17,187,718,N.A.,N.A.,B0C7SFV8RH
2025-04-18,168,860,N.A.,N.A.,B0C7SFV8RH
2025-04-19,171,847,N.A.,N.A.,B0C7SFV8RH
2025-04-20,170,862,N.A.,N.A.,B0C7SFV8RH
2025-04-21,166,896,N.A.,N.A.,B0C7SFV8RH
2025-04-22,172,855,4.6,1701,B0C7SFV8RH
2025-04-23,184,773,N.A.,N.A.,B0C7SFV8RH
2025-04-24,241,498,N.A.,N.A.,B0C7SFV8RH
2025-04-25,285,374,N.A.,N.A.,B0C7SFV8RH
2025-04-26,335,281,N.A.,N.A.,B0C7SFV8RH
2025-04-27,356,254,N.A.,N.A.,B0C7SFV8RH
2025-04-28,369,237,N.A.,N.A.,B0C7SFV8RH
2025-04-29,396,207,N.A.,N.A.,B0C7SFV8RH
2025-04-30,417,187,4.6,1739,B0C7SFV8RH
2025-05-01,451,160,N.A.,N.A.,B0C7SFV8RH
2025-05-02,449,161,N.A.,N.A.,B0C7SFV8RH
2025-05-03,422,183,N.A.,N.A.,B0C7SFV8RH
2025-05-04,397,206,N.A.,N.A.,B0C7SFV8RH
2025-05-05,385,219,N.A.,N.A.,B0C7SFV8RH
2025-05-06,378,226,N.A.,N.A.,B0C7SFV8RH
2025-05-07,376,229,N.A.,N.A.,B0C7SFV8RH
2025-05-08,343,272,4.6,1781,B0C7SFV8RH
2025-05-09,278,399,N.A.,N.A.,B0C7SFV8RH
2025-05-10,252,475,N.A.,N.A.,B0C7SFV8RH
2025-05-11,260,449,N.A.,N.A.,B0C7SFV8RH
2025-05-12,247,491,N.A.,N.A.,B0C7SFV8RH
2025-05-13,268,427,N.A.,N.A.,B0C7SFV8RH
2025-05-14,260,448,N.A.,N.A.,B0C7SFV8RH
2025-05-15,279,396,4.6,1834,B0C7SFV8RH
2025-02-17,N.A.,N.A.,N.A.,N.A.,B07WH3HPJQ
2025-02-18,N.A.,N.A.,N.A.,N.A.,B07WH3HPJQ
2025-02-19,N.A.,N.A.,N.A.,N.A.,B07WH3HPJQ
2025-02-20,0,62983,N.A.,N.A.,B07WH3HPJQ
2025-02-21,0,62793,N.A.,N.A.,B07WH3HPJQ
2025-02-22,0,62602,N.A.,N.A.,B07WH3HPJQ
2025-02-23,0,62412,N.A.,N.A.,B07WH3HPJQ
2025-02-24,0,62221,N.A.,N.A.,B07WH3HPJQ
2025-02-25,0,62031,N.A.,N.A.,B07WH3HPJQ
2025-02-26,0,61840,N.A.,N.A.,B07WH3HPJQ
2025-02-27,0,61650,N.A.,N.A.,B07WH3HPJQ
2025-02-28,0,61459,N.A.,N.A.,B07WH3HPJQ
2025-03-01,0,61269,N.A.,N.A.,B07WH3HPJQ
2025-03-02,0,61078,N.A.,N.A.,B07WH3HPJQ
2025-03-03,0,60888,N.A.,N.A.,B07WH3HPJQ
2025-03-04,0,60697,N.A.,N.A.,B07WH3HPJQ
2025-03-05,0,60507,N.A.,N.A.,B07WH3HPJQ
2025-03-06,0,60316,N.A.,N.A.,B07WH3HPJQ
2025-03-07,0,59804,N.A.,N.A.,B07WH3HPJQ
2025-03-08,0,59292,N.A.,N.A.,B07WH3HPJQ
2025-03-09,0,58780,N.A.,N.A.,B07WH3HPJQ
2025-03-10,0,58268,N.A.,N.A.,B07WH3HPJQ
2025-03-11,0,57756,N.A.,N.A.,B07WH3HPJQ
2025-03-12,0,57244,N.A.,N.A.,B07WH3HPJQ
2025-03-13,0,56733,N.A.,N.A.,B07WH3HPJQ
2025-03-14,0,56221,N.A.,N.A.,B07WH3HPJQ
2025-03-15,0,55709,N.A.,N.A.,B07WH3HPJQ
2025-03-16,0,55197,N.A.,N.A.,B07WH3HPJQ
2025-03-17,0,54685,N.A.,N.A.,B07WH3HPJQ
2025-03-18,0,54173,N.A.,N.A.,B07WH3HPJQ
2025-03-19,0,53661,N.A.,N.A.,B07WH3HPJQ
2025-03-20,0,53149,N.A.,N.A.,B07WH3HPJQ
2025-03-21,0,51401,N.A.,N.A.,B07WH3HPJQ
2025-03-22,0,49653,N.A.,N.A.,B07WH3HPJQ
2025-03-23,0,47905,N.A.,N.A.,B07WH3HPJQ
2025-03-24,0,46157,N.A.,N.A.,B07WH3HPJQ
2025-03-25,0,44409,N.A.,N.A.,B07WH3HPJQ
2025-03-26,0,42661,N.A.,N.A.,B07WH3HPJQ
2025-03-27,0,40913,N.A.,N.A.,B07WH3HPJQ
2025-03-28,0,39164,N.A.,N.A.,B07WH3HPJQ
2025-03-29,0,37416,N.A.,N.A.,B07WH3HPJQ
2025-03-30,0,35668,N.A.,N.A.,B07WH3HPJQ
2025-03-31,0,33920,N.A.,N.A.,B07WH3HPJQ
2025-04-01,0,32172,N.A.,N.A.,B07WH3HPJQ
2025-04-02,0,30424,N.A.,N.A.,B07WH3HPJQ
2025-04-03,1,28676,N.A.,N.A.,B07WH3HPJQ
2025-04-04,1,27235,N.A.,N.A.,B07WH3HPJQ
2025-04-05,1,25794,N.A.,N.A.,B07WH3HPJQ
2025-04-06,1,24353,N.A.,N.A.,B07WH3HPJQ
2025-04-07,1,22912,N.A.,N.A.,B07WH3HPJQ
2025-04-08,1,21471,N.A.,N.A.,B07WH3HPJQ
2025-04-09,1,20030,N.A.,N.A.,B07WH3HPJQ
2025-04-10,1,18589,3.9,51,B07WH3HPJQ
2025-04-11,1,19422,N.A.,N.A.,B07WH3HPJQ
2025-04-12,1,20255,N.A.,N.A.,B07WH3HPJQ
2025-04-13,1,21088,N.A.,N.A.,B07WH3HPJQ
2025-04-14,1,21920,N.A.,N.A.,B07WH3HPJQ
2025-04-15,1,22753,N.A.,N.A.,B07WH3HPJQ
2025-04-16,1,23586,N.A.,N.A.,B07WH3HPJQ
2025-04-17,1,24419,N.A.,N.A.,B07WH3HPJQ
2025-04-18,1,25492,N.A.,N.A.,B07WH3HPJQ
2025-04-19,1,26565,N.A.,N.A.,B07WH3HPJQ
2025-04-20,1,27638,N.A.,N.A.,B07WH3HPJQ
2025-04-21,0,28710,N.A.,N.A.,B07WH3HPJQ
2025-04-22,0,29783,N.A.,N.A.,B07WH3HPJQ
2025-04-23,0,30856,N.A.,N.A.,B07WH3HPJQ
2025-04-24,0,31929,N.A.,N.A.,B07WH3HPJQ
2025-04-25,0,30889,N.A.,N.A.,B07WH3HPJQ
2025-04-26,0,29849,N.A.,N.A.,B07WH3HPJQ
2025-04-27,1,28809,N.A.,N.A.,B07WH3HPJQ
2025-04-28,1,27770,N.A.,N.A.,B07WH3HPJQ
2025-04-29,1,26730,N.A.,N.A.,B07WH3HPJQ
2025-04-30,1,25690,N.A.,N.A.,B07WH3HPJQ
2025-05-01,1,24650,N.A.,N.A.,B07WH3HPJQ
2025-05-02,1,23959,N.A.,N.A.,B07WH3HPJQ
2025-05-03,1,23268,N.A.,N.A.,B07WH3HPJQ
2025-05-04,1,22577,N.A.,N.A.,B07WH3HPJQ
2025-05-05,1,21887,N.A.,N.A.,B07WH3HPJQ
2025-05-06,1,21196,N.A.,N.A.,B07WH3HPJQ
2025-05-07,1,20505,N.A.,N.A.,B07WH3HPJQ
2025-05-08,1,19814,N.A.,N.A.,B07WH3HPJQ
2025-05-09,1,20227,N.A.,N.A.,B07WH3HPJQ
2025-05-10,1,20640,N.A.,N.A.,B07WH3HPJQ
2025-05-11,1,21053,N.A.,N.A.,B07WH3HPJQ
2025-05-12,1,21467,N.A.,N.A.,B07WH3HPJQ
2025-05-13,1,21880,N.A.,N.A.,B07WH3HPJQ
2025-05-14,1,22293,N.A.,N.A.,B07WH3HPJQ
2025-05-15,1,22706,4,53,B07WH3HPJQ
2025-02-17,433,582,4.7,690,B0CCJFMRN1
2025-02-18,440,562,N.A.,N.A.,B0CCJFMRN1
2025-02-19,478,465,N.A.,N.A.,B0CCJFMRN1
2025-02-20,453,527,N.A.,N.A.,B0CCJFMRN1
2025-02-21,459,511,N.A.,N.A.,B0CCJFMRN1
2025-02-22,470,482,N.A.,N.A.,B0CCJFMRN1
2025-02-23,464,559,N.A.,N.A.,B0CCJFMRN1
2025-02-24,491,491,N.A.,N.A.,B0CCJFMRN1
2025-02-25,555,363,4.7,708,B0CCJFMRN1
2025-02-26,548,375,N.A.,N.A.,B0CCJFMRN1
2025-02-27,541,387,N.A.,N.A.,B0CCJFMRN1
2025-02-28,533,402,N.A.,N.A.,B0CCJFMRN1
2025-03-01,518,431,N.A.,N.A.,B0CCJFMRN1
2025-03-02,505,459,N.A.,N.A.,B0CCJFMRN1
2025-03-03,492,478,N.A.,N.A.,B0CCJFMRN1
2025-03-04,471,526,4.7,729,B0CCJFMRN1
2025-03-05,458,557,N.A.,N.A.,B0CCJFMRN1
2025-03-06,435,624,N.A.,N.A.,B0CCJFMRN1
2025-03-07,433,626,N.A.,N.A.,B0CCJFMRN1
2025-03-08,393,774,N.A.,N.A.,B0CCJFMRN1
2025-03-09,389,792,N.A.,N.A.,B0CCJFMRN1
2025-03-10,412,739,N.A.,N.A.,B0CCJFMRN1
2025-03-11,435,681,4.7,761,B0CCJFMRN1
2025-03-12,412,785,N.A.,N.A.,B0CCJFMRN1
2025-03-13,407,824,N.A.,N.A.,B0CCJFMRN1
2025-03-14,414,823,N.A.,N.A.,B0CCJFMRN1
2025-03-15,401,924,N.A.,N.A.,B0CCJFMRN1
2025-03-16,363,1127,N.A.,N.A.,B0CCJFMRN1
2025-03-17,380,1057,N.A.,N.A.,B0CCJFMRN1
2025-03-18,505,591,N.A.,N.A.,B0CCJFMRN1
2025-03-19,496,622,4.7,776,B0CCJFMRN1
2025-03-20,471,701,N.A.,N.A.,B0CCJFMRN1
2025-03-21,469,719,N.A.,N.A.,B0CCJFMRN1
2025-03-22,452,797,N.A.,N.A.,B0CCJFMRN1
2025-03-23,431,879,N.A.,N.A.,B0CCJFMRN1
2025-03-24,419,931,N.A.,N.A.,B0CCJFMRN1
2025-03-25,468,737,N.A.,N.A.,B0CCJFMRN1
2025-03-26,457,774,N.A.,N.A.,B0CCJFMRN1
2025-03-27,458,769,4.7,797,B0CCJFMRN1
2025-03-28,458,767,N.A.,N.A.,B0CCJFMRN1
2025-03-29,444,821,N.A.,N.A.,B0CCJFMRN1
2025-03-30,382,1123,N.A.,N.A.,B0CCJFMRN1
2025-03-31,399,1027,N.A.,N.A.,B0CCJFMRN1
2025-04-01,433,863,N.A.,N.A.,B0CCJFMRN1
2025-04-02,492,652,N.A.,N.A.,B0CCJFMRN1
2025-04-03,436,852,4.7,818,B0CCJFMRN1
2025-04-04,424,906,N.A.,N.A.,B0CCJFMRN1
2025-04-05,399,1029,N.A.,N.A.,B0CCJFMRN1
2025-04-06,366,1161,N.A.,N.A.,B0CCJFMRN1
2025-04-07,353,1254,N.A.,N.A.,B0CCJFMRN1
2025-04-08,433,792,N.A.,N.A.,B0CCJFMRN1
2025-04-09,458,690,N.A.,N.A.,B0CCJFMRN1
2025-04-10,440,759,N.A.,N.A.,B0CCJFMRN1
2025-04-11,420,848,4.7,841,B0CCJFMRN1
2025-04-12,410,897,N.A.,N.A.,B0CCJFMRN1
2025-04-13,378,1077,N.A.,N.A.,B0CCJFMRN1
2025-04-14,390,1030,N.A.,N.A.,B0CCJFMRN1
2025-04-15,382,1089,N.A.,N.A.,B0CCJFMRN1
2025-04-16,355,1279,N.A.,N.A.,B0CCJFMRN1
2025-04-17,322,1569,N.A.,N.A.,B0CCJFMRN1
2025-04-18,333,1484,N.A.,N.A.,B0CCJFMRN1
2025-04-19,335,1484,4.7,869,B0CCJFMRN1
2025-04-20,326,1569,N.A.,N.A.,B0CCJFMRN1
2025-04-21,337,1468,N.A.,N.A.,B0CCJFMRN1
2025-04-22,358,1305,N.A.,N.A.,B0CCJFMRN1
2025-04-23,371,1209,N.A.,N.A.,B0CCJFMRN1
2025-04-24,343,1416,N.A.,N.A.,B0CCJFMRN1
2025-04-25,311,1715,N.A.,N.A.,B0CCJFMRN1
2025-04-26,325,1575,N.A.,N.A.,B0CCJFMRN1
2025-04-27,320,1908,4.7,891,B0CCJFMRN1
2025-04-28,324,1863,N.A.,N.A.,B0CCJFMRN1
2025-04-29,354,1587,N.A.,N.A.,B0CCJFMRN1
2025-04-30,341,1696,N.A.,N.A.,B0CCJFMRN1
2025-05-01,351,1611,N.A.,N.A.,B0CCJFMRN1
2025-05-02,363,1515,N.A.,N.A.,B0CCJFMRN1
2025-05-03,329,1809,N.A.,N.A.,B0CCJFMRN1
2025-05-04,287,2301,N.A.,N.A.,B0CCJFMRN1
2025-05-05,295,2204,4.7,907,B0CCJFMRN1
2025-05-06,393,1298,N.A.,N.A.,B0CCJFMRN1
2025-05-07,410,1199,N.A.,N.A.,B0CCJFMRN1
2025-05-08,428,1099,N.A.,N.A.,B0CCJFMRN1
2025-05-09,429,1094,N.A.,N.A.,B0CCJFMRN1
2025-05-10,418,1151,N.A.,N.A.,B0CCJFMRN1
2025-05-11,375,1421,N.A.,N.A.,B0CCJFMRN1
2025-05-12,368,1474,4.7,932,B0CCJFMRN1
2025-05-13,334,1763,N.A.,N.A.,B0CCJFMRN1
2025-05-14,298,2167,N.A.,N.A.,B0CCJFMRN1
2025-05-15,304,2083,N.A.,N.A.,B0CCJFMRN1
2025-02-17,337,995,4.4,3583,B0B2C61WMQ
2025-02-18,459,510,N.A.,N.A.,B0B2C61WMQ
2025-02-19,517,385,N.A.,N.A.,B0B2C61WMQ
2025-02-20,548,334,N.A.,N.A.,B0B2C61WMQ
2025-02-21,541,344,N.A.,N.A.,B0B2C61WMQ
2025-02-22,555,324,N.A.,N.A.,B0B2C61WMQ
2025-02-23,595,304,N.A.,N.A.,B0B2C61WMQ
2025-02-24,589,313,4.4,3634,B0B2C61WMQ
2025-02-25,475,529,N.A.,N.A.,B0B2C61WMQ
2025-02-26,432,658,N.A.,N.A.,B0B2C61WMQ
2025-02-27,391,821,N.A.,N.A.,B0B2C61WMQ
2025-02-28,476,527,N.A.,N.A.,B0B2C61WMQ
2025-03-01,371,917,N.A.,N.A.,B0B2C61WMQ
2025-03-02,349,1038,N.A.,N.A.,B0B2C61WMQ
2025-03-03,356,989,4.4,3662,B0B2C61WMQ
2025-03-04,321,1221,N.A.,N.A.,B0B2C61WMQ
2025-03-05,339,1090,N.A.,N.A.,B0B2C61WMQ
2025-03-06,325,1187,N.A.,N.A.,B0B2C61WMQ
2025-03-07,317,1244,N.A.,N.A.,B0B2C61WMQ
2025-03-08,331,1126,N.A.,N.A.,B0B2C61WMQ
2025-03-09,349,1007,N.A.,N.A.,B0B2C61WMQ
2025-03-10,340,1121,4.4,3730,B0B2C61WMQ
2025-03-11,444,647,N.A.,N.A.,B0B2C61WMQ
2025-03-12,348,1120,N.A.,N.A.,B0B2C61WMQ
2025-03-13,304,1493,N.A.,N.A.,B0B2C61WMQ
2025-03-14,318,1397,N.A.,N.A.,B0B2C61WMQ
2025-03-15,331,1345,N.A.,N.A.,B0B2C61WMQ
2025-03-16,316,1473,N.A.,N.A.,B0B2C61WMQ
2025-03-17,319,1474,4.4,3779,B0B2C61WMQ
2025-03-18,308,1593,N.A.,N.A.,B0B2C61WMQ
2025-03-19,314,1554,N.A.,N.A.,B0B2C61WMQ
2025-03-20,298,1727,N.A.,N.A.,B0B2C61WMQ
2025-03-21,310,1625,N.A.,N.A.,B0B2C61WMQ
2025-03-22,519,592,N.A.,N.A.,B0B2C61WMQ
2025-03-23,390,1076,N.A.,N.A.,B0B2C61WMQ
2025-03-24,352,1314,4.4,3843,B0B2C61WMQ
2025-03-25,459,767,N.A.,N.A.,B0B2C61WMQ
2025-03-26,343,1388,N.A.,N.A.,B0B2C61WMQ
2025-03-27,413,958,N.A.,N.A.,B0B2C61WMQ
2025-03-28,422,916,N.A.,N.A.,B0B2C61WMQ
2025-03-29,421,920,N.A.,N.A.,B0B2C61WMQ
2025-03-30,396,1044,N.A.,N.A.,B0B2C61WMQ
2025-03-31,378,1149,4.4,3901,B0B2C61WMQ
2025-04-01,386,1099,N.A.,N.A.,B0B2C61WMQ
2025-04-02,325,1551,N.A.,N.A.,B0B2C61WMQ
2025-04-03,309,1707,N.A.,N.A.,B0B2C61WMQ
2025-04-04,299,1815,N.A.,N.A.,B0B2C61WMQ
2025-04-05,294,1866,N.A.,N.A.,B0B2C61WMQ
2025-04-06,418,857,N.A.,N.A.,B0B2C61WMQ
2025-04-07,320,1541,4.4,3957,B0B2C61WMQ
2025-04-08,277,2047,N.A.,N.A.,B0B2C61WMQ
2025-04-09,269,2160,N.A.,N.A.,B0B2C61WMQ
2025-04-10,267,2185,N.A.,N.A.,B0B2C61WMQ
2025-04-11,265,2220,N.A.,N.A.,B0B2C61WMQ
2025-04-12,327,1475,N.A.,N.A.,B0B2C61WMQ
2025-04-13,278,2030,N.A.,N.A.,B0B2C61WMQ
2025-04-14,240,2678,N.A.,N.A.,B0B2C61WMQ
2025-04-15,236,2781,4.4,4010,B0B2C61WMQ
2025-04-16,224,3046,N.A.,N.A.,B0B2C61WMQ
2025-04-17,233,2849,N.A.,N.A.,B0B2C61WMQ
2025-04-18,224,3058,N.A.,N.A.,B0B2C61WMQ
2025-04-19,397,1048,N.A.,N.A.,B0B2C61WMQ
2025-04-20,318,1641,N.A.,N.A.,B0B2C61WMQ
2025-04-21,284,2035,N.A.,N.A.,B0B2C61WMQ
2025-04-22,427,897,N.A.,N.A.,B0B2C61WMQ
2025-04-23,448,803,4.4,4076,B0B2C61WMQ
2025-04-24,446,812,N.A.,N.A.,B0B2C61WMQ
2025-04-25,492,644,N.A.,N.A.,B0B2C61WMQ
2025-04-26,495,636,N.A.,N.A.,B0B2C61WMQ
2025-04-27,583,571,N.A.,N.A.,B0B2C61WMQ
2025-04-28,606,524,N.A.,N.A.,B0B2C61WMQ
2025-04-29,415,1168,N.A.,N.A.,B0B2C61WMQ
2025-04-30,342,1690,N.A.,N.A.,B0B2C61WMQ
2025-05-01,304,2088,4.4,4156,B0B2C61WMQ
2025-05-02,384,1357,N.A.,N.A.,B0B2C61WMQ
2025-05-03,314,1975,N.A.,N.A.,B0B2C61WMQ
2025-05-04,301,2123,N.A.,N.A.,B0B2C61WMQ
2025-05-05,435,1065,N.A.,N.A.,B0B2C61WMQ
2025-05-06,294,2214,N.A.,N.A.,B0B2C61WMQ
2025-05-07,255,2811,N.A.,N.A.,B0B2C61WMQ
2025-05-08,256,2801,N.A.,N.A.,B0B2C61WMQ
2025-05-09,256,2805,4.4,4213,B0B2C61WMQ
2025-05-10,272,2532,N.A.,N.A.,B0B2C61WMQ
2025-05-11,227,3418,N.A.,N.A.,B0B2C61WMQ
2025-05-12,328,1823,N.A.,N.A.,B0B2C61WMQ
2025-05-13,239,3134,N.A.,N.A.,B0B2C61WMQ
2025-05-14,301,2125,N.A.,N.A.,B0B2C61WMQ
2025-05-15,350,1615,N.A.,N.A.,B0B2C61WMQ
2025-02-17,144,4386,N.A.,N.A.,B0D5PSLYKG
2025-02-18,167,3508,N.A.,N.A.,B0D5PSLYKG
2025-02-19,176,3219,4.4,84,B0D5PSLYKG
2025-02-20,180,3091,N.A.,N.A.,B0D5PSLYKG
2025-02-21,170,3406,N.A.,N.A.,B0D5PSLYKG
2025-02-22,172,3324,N.A.,N.A.,B0D5PSLYKG
2025-02-23,181,3434,N.A.,N.A.,B0D5PSLYKG
2025-02-24,202,2852,N.A.,N.A.,B0D5PSLYKG
2025-02-25,203,2833,N.A.,N.A.,B0D5PSLYKG
2025-02-26,211,2665,N.A.,N.A.,B0D5PSLYKG
2025-02-27,212,2636,N.A.,N.A.,B0D5PSLYKG
2025-02-28,211,2656,N.A.,N.A.,B0D5PSLYKG
2025-03-01,199,2930,N.A.,N.A.,B0D5PSLYKG
2025-03-02,189,3204,N.A.,N.A.,B0D5PSLYKG
2025-03-03,189,3208,N.A.,N.A.,B0D5PSLYKG
2025-03-04,202,2875,N.A.,N.A.,B0D5PSLYKG
2025-03-05,209,2731,N.A.,N.A.,B0D5PSLYKG
2025-03-06,218,2534,N.A.,N.A.,B0D5PSLYKG
2025-03-07,204,2860,N.A.,N.A.,B0D5PSLYKG
2025-03-08,201,2944,N.A.,N.A.,B0D5PSLYKG
2025-03-09,193,3154,N.A.,N.A.,B0D5PSLYKG
2025-03-10,173,3865,N.A.,N.A.,B0D5PSLYKG
2025-03-11,193,3253,N.A.,N.A.,B0D5PSLYKG
2025-03-12,188,3432,N.A.,N.A.,B0D5PSLYKG
2025-03-13,212,2836,N.A.,N.A.,B0D5PSLYKG
2025-03-14,207,3004,N.A.,N.A.,B0D5PSLYKG
2025-03-15,211,2960,N.A.,N.A.,B0D5PSLYKG
2025-03-16,197,3325,N.A.,N.A.,B0D5PSLYKG
2025-03-17,221,2803,N.A.,N.A.,B0D5PSLYKG
2025-03-18,240,2477,N.A.,N.A.,B0D5PSLYKG
2025-03-19,237,2547,N.A.,N.A.,B0D5PSLYKG
2025-03-20,238,2547,N.A.,N.A.,B0D5PSLYKG
2025-03-21,245,2457,4.4,119,B0D5PSLYKG
2025-03-22,218,3046,N.A.,N.A.,B0D5PSLYKG
2025-03-23,212,3175,N.A.,N.A.,B0D5PSLYKG
2025-03-24,205,3371,N.A.,N.A.,B0D5PSLYKG
2025-03-25,219,3059,N.A.,N.A.,B0D5PSLYKG
2025-03-26,221,3031,N.A.,N.A.,B0D5PSLYKG
2025-03-27,214,3189,N.A.,N.A.,B0D5PSLYKG
2025-03-28,193,3808,N.A.,N.A.,B0D5PSLYKG
2025-03-29,190,3923,N.A.,N.A.,B0D5PSLYKG
2025-03-30,173,4535,N.A.,N.A.,B0D5PSLYKG
2025-03-31,175,4468,N.A.,N.A.,B0D5PSLYKG
2025-04-01,187,4045,N.A.,N.A.,B0D5PSLYKG
2025-04-02,187,4047,N.A.,N.A.,B0D5PSLYKG
2025-04-03,197,3711,N.A.,N.A.,B0D5PSLYKG
2025-04-04,160,5135,N.A.,N.A.,B0D5PSLYKG
2025-04-05,169,4714,N.A.,N.A.,B0D5PSLYKG
2025-04-06,165,4969,N.A.,N.A.,B0D5PSLYKG
2025-04-07,154,5489,N.A.,N.A.,B0D5PSLYKG
2025-04-08,150,5734,N.A.,N.A.,B0D5PSLYKG
2025-04-09,150,5716,N.A.,N.A.,B0D5PSLYKG
2025-04-10,153,5554,N.A.,N.A.,B0D5PSLYKG
2025-04-11,152,5616,N.A.,N.A.,B0D5PSLYKG
2025-04-12,150,5732,N.A.,N.A.,B0D5PSLYKG
2025-04-13,133,6813,N.A.,N.A.,B0D5PSLYKG
2025-04-14,134,6746,N.A.,N.A.,B0D5PSLYKG
2025-04-15,161,5155,N.A.,N.A.,B0D5PSLYKG
2025-04-16,153,5589,N.A.,N.A.,B0D5PSLYKG
2025-04-17,161,5158,N.A.,N.A.,B0D5PSLYKG
2025-04-18,156,5446,N.A.,N.A.,B0D5PSLYKG
2025-04-19,166,4933,N.A.,N.A.,B0D5PSLYKG
2025-04-20,172,4696,N.A.,N.A.,B0D5PSLYKG
2025-04-21,181,4328,4.4,191,B0D5PSLYKG
2025-04-22,200,3710,N.A.,N.A.,B0D5PSLYKG
2025-04-23,196,3828,N.A.,N.A.,B0D5PSLYKG
2025-04-24,198,3774,N.A.,N.A.,B0D5PSLYKG
2025-04-25,186,4171,N.A.,N.A.,B0D5PSLYKG
2025-04-26,176,4517,N.A.,N.A.,B0D5PSLYKG
2025-04-27,180,4862,N.A.,N.A.,B0D5PSLYKG
2025-04-28,166,5479,N.A.,N.A.,B0D5PSLYKG
2025-04-29,188,4565,N.A.,N.A.,B0D5PSLYKG
2025-04-30,188,4565,N.A.,N.A.,B0D5PSLYKG
2025-05-01,193,4392,N.A.,N.A.,B0D5PSLYKG
2025-05-02,169,5356,N.A.,N.A.,B0D5PSLYKG
2025-05-03,199,4207,N.A.,N.A.,B0D5PSLYKG
2025-05-04,169,5379,N.A.,N.A.,B0D5PSLYKG
2025-05-05,186,4639,N.A.,N.A.,B0D5PSLYKG
2025-05-06,176,5028,N.A.,N.A.,B0D5PSLYKG
2025-05-07,168,5401,N.A.,N.A.,B0D5PSLYKG
2025-05-08,176,5041,N.A.,N.A.,B0D5PSLYKG
2025-05-09,180,4899,N.A.,N.A.,B0D5PSLYKG
2025-05-10,158,5897,N.A.,N.A.,B0D5PSLYKG
2025-05-11,160,5829,N.A.,N.A.,B0D5PSLYKG
2025-05-12,168,5398,N.A.,N.A.,B0D5PSLYKG
2025-05-13,172,5216,N.A.,N.A.,B0D5PSLYKG
2025-05-14,178,4961,N.A.,N.A.,B0D5PSLYKG
2025-05-15,179,4926,N.A.,N.A.,B0D5PSLYKG
2025-02-17,511,397,N.A.,N.A.,B08GKQ9ZQ6
2025-02-18,421,621,N.A.,N.A.,B08GKQ9ZQ6
2025-02-19,401,689,N.A.,N.A.,B08GKQ9ZQ6
2025-02-20,374,800,N.A.,N.A.,B08GKQ9ZQ6
2025-02-21,421,621,4.2,7749,B08GKQ9ZQ6
2025-02-22,401,688,N.A.,N.A.,B08GKQ9ZQ6
2025-02-23,418,707,N.A.,N.A.,B08GKQ9ZQ6
2025-02-24,436,645,N.A.,N.A.,B08GKQ9ZQ6
2025-02-25,415,720,N.A.,N.A.,B08GKQ9ZQ6
2025-02-26,409,742,N.A.,N.A.,B08GKQ9ZQ6
2025-02-27,442,627,N.A.,N.A.,B08GKQ9ZQ6
2025-02-28,483,511,N.A.,N.A.,B08GKQ9ZQ6
2025-03-01,471,540,N.A.,N.A.,B08GKQ9ZQ6
2025-03-02,454,589,N.A.,N.A.,B08GKQ9ZQ6
2025-03-03,445,606,N.A.,N.A.,B08GKQ9ZQ6
2025-03-04,426,663,N.A.,N.A.,B08GKQ9ZQ6
2025-03-05,437,622,N.A.,N.A.,B08GKQ9ZQ6
2025-03-06,485,481,N.A.,N.A.,B08GKQ9ZQ6
2025-03-07,471,509,N.A.,N.A.,B08GKQ9ZQ6
2025-03-08,458,537,N.A.,N.A.,B08GKQ9ZQ6
2025-03-09,447,571,N.A.,N.A.,B08GKQ9ZQ6
2025-03-10,601,290,N.A.,N.A.,B08GKQ9ZQ6
2025-03-11,680,219,N.A.,N.A.,B08GKQ9ZQ6
2025-03-12,1008,67,N.A.,N.A.,B08GKQ9ZQ6
2025-03-13,984,78,N.A.,N.A.,B08GKQ9ZQ6
2025-03-14,1100,59,N.A.,N.A.,B08GKQ9ZQ6
2025-03-15,1178,55,N.A.,N.A.,B08GKQ9ZQ6
2025-03-16,1122,65,N.A.,N.A.,B08GKQ9ZQ6
2025-03-17,1066,80,N.A.,N.A.,B08GKQ9ZQ6
2025-03-18,949,117,N.A.,N.A.,B08GKQ9ZQ6
2025-03-19,900,139,N.A.,N.A.,B08GKQ9ZQ6
2025-03-20,801,195,N.A.,N.A.,B08GKQ9ZQ6
2025-03-21,769,222,N.A.,N.A.,B08GKQ9ZQ6
2025-03-22,761,235,N.A.,N.A.,B08GKQ9ZQ6
2025-03-23,746,248,N.A.,N.A.,B08GKQ9ZQ6
2025-03-24,735,252,4.2,7966,B08GKQ9ZQ6
2025-03-25,742,242,N.A.,N.A.,B08GKQ9ZQ6
2025-03-26,824,179,N.A.,N.A.,B08GKQ9ZQ6
2025-03-27,837,169,N.A.,N.A.,B08GKQ9ZQ6
2025-03-28,815,179,N.A.,N.A.,B08GKQ9ZQ6
2025-03-29,825,167,N.A.,N.A.,B08GKQ9ZQ6
2025-03-30,851,152,N.A.,N.A.,B08GKQ9ZQ6
2025-03-31,835,161,N.A.,N.A.,B08GKQ9ZQ6
2025-04-01,825,167,N.A.,N.A.,B08GKQ9ZQ6
2025-04-02,753,219,N.A.,N.A.,B08GKQ9ZQ6
2025-04-03,750,221,N.A.,N.A.,B08GKQ9ZQ6
2025-04-04,726,243,N.A.,N.A.,B08GKQ9ZQ6
2025-04-05,722,247,N.A.,N.A.,B08GKQ9ZQ6
2025-04-06,678,229,N.A.,N.A.,B08GKQ9ZQ6
2025-04-07,663,246,N.A.,N.A.,B08GKQ9ZQ6
2025-04-08,770,148,N.A.,N.A.,B08GKQ9ZQ6
2025-04-09,801,128,N.A.,N.A.,B08GKQ9ZQ6
2025-04-10,824,115,N.A.,N.A.,B08GKQ9ZQ6
2025-04-11,856,99,N.A.,N.A.,B08GKQ9ZQ6
2025-04-12,872,92,N.A.,N.A.,B08GKQ9ZQ6
2025-04-13,868,94,N.A.,N.A.,B08GKQ9ZQ6
2025-04-14,866,102,N.A.,N.A.,B08GKQ9ZQ6
2025-04-15,749,179,N.A.,N.A.,B08GKQ9ZQ6
2025-04-16,724,205,N.A.,N.A.,B08GKQ9ZQ6
2025-04-17,687,246,N.A.,N.A.,B08GKQ9ZQ6
2025-04-18,676,266,N.A.,N.A.,B08GKQ9ZQ6
2025-04-19,689,262,N.A.,N.A.,B08GKQ9ZQ6
2025-04-20,676,278,N.A.,N.A.,B08GKQ9ZQ6
2025-04-21,633,336,N.A.,N.A.,B08GKQ9ZQ6
2025-04-22,598,393,N.A.,N.A.,B08GKQ9ZQ6
2025-04-23,617,360,N.A.,N.A.,B08GKQ9ZQ6
2025-04-24,610,371,4.2,8290,B08GKQ9ZQ6
2025-04-25,598,392,N.A.,N.A.,B08GKQ9ZQ6
2025-04-26,627,345,N.A.,N.A.,B08GKQ9ZQ6
2025-04-27,697,376,N.A.,N.A.,B08GKQ9ZQ6
2025-04-28,656,434,N.A.,N.A.,B08GKQ9ZQ6
2025-04-29,643,456,N.A.,N.A.,B08GKQ9ZQ6
2025-04-30,658,432,N.A.,N.A.,B08GKQ9ZQ6
2025-05-01,679,400,N.A.,N.A.,B08GKQ9ZQ6
2025-05-02,684,393,N.A.,N.A.,B08GKQ9ZQ6
2025-05-03,695,378,N.A.,N.A.,B08GKQ9ZQ6
2025-05-04,678,401,N.A.,N.A.,B08GKQ9ZQ6
2025-05-05,639,462,N.A.,N.A.,B08GKQ9ZQ6
2025-05-06,627,484,N.A.,N.A.,B08GKQ9ZQ6
2025-05-07,634,471,N.A.,N.A.,B08GKQ9ZQ6
2025-05-08,622,492,N.A.,N.A.,B08GKQ9ZQ6
2025-05-09,622,493,N.A.,N.A.,B08GKQ9ZQ6
2025-05-10,667,418,N.A.,N.A.,B08GKQ9ZQ6
2025-05-11,691,383,N.A.,N.A.,B08GKQ9ZQ6
2025-05-12,703,368,N.A.,N.A.,B08GKQ9ZQ6
2025-05-13,681,397,N.A.,N.A.,B08GKQ9ZQ6
2025-05-14,626,485,N.A.,N.A.,B08GKQ9ZQ6
2025-05-15,661,427,N.A.,N.A.,B08GKQ9ZQ6
2025-02-17,1914,3,N.A.,N.A.,B07HQPKDZB
2025-02-18,1914,3,N.A.,N.A.,B07HQPKDZB
2025-02-19,1695,6,N.A.,N.A.,B07HQPKDZB
2025-02-20,1533,10,N.A.,N.A.,B07HQPKDZB
2025-02-21,1475,12,N.A.,N.A.,B07HQPKDZB
2025-02-22,1503,11,N.A.,N.A.,B07HQPKDZB
2025-02-23,1558,10,4.3,58184,B07HQPKDZB
2025-02-24,1528,11,N.A.,N.A.,B07HQPKDZB
2025-02-25,1477,13,N.A.,N.A.,B07HQPKDZB
2025-02-26,1502,12,N.A.,N.A.,B07HQPKDZB
2025-02-27,1528,11,N.A.,N.A.,B07HQPKDZB
2025-02-28,1477,13,N.A.,N.A.,B07HQPKDZB
2025-03-01,1454,14,N.A.,N.A.,B07HQPKDZB
2025-03-02,1432,15,N.A.,N.A.,B07HQPKDZB
2025-03-03,1372,16,4.4,58419,B07HQPKDZB
2025-03-04,1510,9,N.A.,N.A.,B07HQPKDZB
2025-03-05,1490,9,N.A.,N.A.,B07HQPKDZB
2025-03-06,1441,10,N.A.,N.A.,B07HQPKDZB
2025-03-07,1388,11,N.A.,N.A.,B07HQPKDZB
2025-03-08,1342,11,N.A.,N.A.,B07HQPKDZB
2025-03-09,1342,11,N.A.,N.A.,B07HQPKDZB
2025-03-10,1446,11,N.A.,N.A.,B07HQPKDZB
2025-03-11,1537,10,4.4,58636,B07HQPKDZB
2025-03-12,1524,12,N.A.,N.A.,B07HQPKDZB
2025-03-13,1593,11,N.A.,N.A.,B07HQPKDZB
2025-03-14,1574,14,N.A.,N.A.,B07HQPKDZB
2025-03-15,1576,18,N.A.,N.A.,B07HQPKDZB
2025-03-16,1488,23,N.A.,N.A.,B07HQPKDZB
2025-03-17,1473,25,N.A.,N.A.,B07HQPKDZB
2025-03-18,1530,22,4.4,58780,B07HQPKDZB
2025-03-19,1591,19,N.A.,N.A.,B07HQPKDZB
2025-03-20,1560,21,N.A.,N.A.,B07HQPKDZB
2025-03-21,1650,17,N.A.,N.A.,B07HQPKDZB
2025-03-22,1667,17,N.A.,N.A.,B07HQPKDZB
2025-03-23,1625,19,N.A.,N.A.,B07HQPKDZB
2025-03-24,1626,17,N.A.,N.A.,B07HQPKDZB
2025-03-25,1527,21,N.A.,N.A.,B07HQPKDZB
2025-03-26,1678,13,4.4,58960,B07HQPKDZB
2025-03-27,1716,11,N.A.,N.A.,B07HQPKDZB
2025-03-28,1657,12,N.A.,N.A.,B07HQPKDZB
2025-03-29,1585,13,N.A.,N.A.,B07HQPKDZB
2025-03-30,1540,15,N.A.,N.A.,B07HQPKDZB
2025-03-31,1636,11,N.A.,N.A.,B07HQPKDZB
2025-04-01,1584,13,N.A.,N.A.,B07HQPKDZB
2025-04-02,1521,16,4.4,59092,B07HQPKDZB
2025-04-03,1409,23,N.A.,N.A.,B07HQPKDZB
2025-04-04,1360,27,N.A.,N.A.,B07HQPKDZB
2025-04-05,1317,31,N.A.,N.A.,B07HQPKDZB
2025-04-06,1130,27,N.A.,N.A.,B07HQPKDZB
2025-04-07,1095,32,N.A.,N.A.,B07HQPKDZB
2025-04-08,1290,12,N.A.,N.A.,B07HQPKDZB
2025-04-09,1306,11,4.4,59221,B07HQPKDZB
2025-04-10,1324,10,N.A.,N.A.,B07HQPKDZB
2025-04-11,1416,6,N.A.,N.A.,B07HQPKDZB
2025-04-12,1389,7,N.A.,N.A.,B07HQPKDZB
2025-04-13,1416,6,N.A.,N.A.,B07HQPKDZB
2025-04-14,1423,7,N.A.,N.A.,B07HQPKDZB
2025-04-15,1339,12,N.A.,N.A.,B07HQPKDZB
2025-04-16,1279,17,N.A.,N.A.,B07HQPKDZB
2025-04-17,1207,25,4.4,59390,B07HQPKDZB
2025-04-18,1189,29,N.A.,N.A.,B07HQPKDZB
2025-04-19,1120,43,N.A.,N.A.,B07HQPKDZB
2025-04-20,1099,47,N.A.,N.A.,B07HQPKDZB
2025-04-21,1041,60,N.A.,N.A.,B07HQPKDZB
2025-04-22,1037,61,N.A.,N.A.,B07HQPKDZB
2025-04-23,990,74,N.A.,N.A.,B07HQPKDZB
2025-04-24,1000,71,N.A.,N.A.,B07HQPKDZB
2025-04-25,978,78,4.4,59569,B07HQPKDZB
2025-04-26,954,86,N.A.,N.A.,B07HQPKDZB
2025-04-27,1164,89,N.A.,N.A.,B07HQPKDZB
2025-04-28,1152,92,N.A.,N.A.,B07HQPKDZB
2025-04-29,1141,95,N.A.,N.A.,B07HQPKDZB
2025-04-30,1080,113,N.A.,N.A.,B07HQPKDZB
2025-05-01,1073,115,N.A.,N.A.,B07HQPKDZB
2025-05-02,1099,107,N.A.,N.A.,B07HQPKDZB
2025-05-03,1116,102,4.3,59761,B07HQPKDZB
2025-05-04,1116,102,N.A.,N.A.,B07HQPKDZB
2025-05-05,1047,124,N.A.,N.A.,B07HQPKDZB
2025-05-06,1062,119,N.A.,N.A.,B07HQPKDZB
2025-05-07,1067,117,N.A.,N.A.,B07HQPKDZB
2025-05-08,1073,115,N.A.,N.A.,B07HQPKDZB
2025-05-09,1130,98,N.A.,N.A.,B07HQPKDZB
2025-05-10,1109,104,N.A.,N.A.,B07HQPKDZB
2025-05-11,1044,125,4.3,59918,B07HQPKDZB
2025-05-12,974,154,N.A.,N.A.,B07HQPKDZB
2025-05-13,933,174,N.A.,N.A.,B07HQPKDZB
2025-05-14,898,194,N.A.,N.A.,B07HQPKDZB
2025-05-15,1116,102,N.A.,N.A.,B07HQPKDZB
2025-02-17,33,31890,N.A.,N.A.,B0BJTGLYTT
2025-02-18,27,38788,N.A.,N.A.,B0BJTGLYTT
2025-02-19,25,41366,N.A.,N.A.,B0BJTGLYTT
2025-02-20,30,34552,N.A.,N.A.,B0BJTGLYTT
2025-02-21,37,27737,N.A.,N.A.,B0BJTGLYTT
2025-02-22,36,29063,N.A.,N.A.,B0BJTGLYTT
2025-02-23,34,30388,4.7,1054,B0BJTGLYTT
2025-02-24,37,28351,N.A.,N.A.,B0BJTGLYTT
2025-02-25,38,27502,N.A.,N.A.,B0BJTGLYTT
2025-02-26,36,29024,N.A.,N.A.,B0BJTGLYTT
2025-02-27,34,30545,N.A.,N.A.,B0BJTGLYTT
2025-02-28,34,30975,N.A.,N.A.,B0BJTGLYTT
2025-03-01,38,27301,N.A.,N.A.,B0BJTGLYTT
2025-03-02,44,23626,N.A.,N.A.,B0BJTGLYTT
2025-03-03,44,23915,N.A.,N.A.,B0BJTGLYTT
2025-03-04,40,26350,N.A.,N.A.,B0BJTGLYTT
2025-03-05,50,20747,N.A.,N.A.,B0BJTGLYTT
2025-03-06,38,27760,N.A.,N.A.,B0BJTGLYTT
2025-03-07,39,26861,N.A.,N.A.,B0BJTGLYTT
2025-03-08,44,24069,N.A.,N.A.,B0BJTGLYTT
2025-03-09,41,25564,N.A.,N.A.,B0BJTGLYTT
2025-03-10,36,29882,N.A.,N.A.,B0BJTGLYTT
2025-03-11,41,25547,N.A.,N.A.,B0BJTGLYTT
2025-03-12,46,22687,N.A.,N.A.,B0BJTGLYTT
2025-03-13,52,19935,N.A.,N.A.,B0BJTGLYTT
2025-03-14,44,23562,N.A.,N.A.,B0BJTGLYTT
2025-03-15,39,26854,N.A.,N.A.,B0BJTGLYTT
2025-03-16,36,29737,N.A.,N.A.,B0BJTGLYTT
2025-03-17,39,27390,N.A.,N.A.,B0BJTGLYTT
2025-03-18,45,23811,N.A.,N.A.,B0BJTGLYTT
2025-03-19,43,25363,N.A.,N.A.,B0BJTGLYTT
2025-03-20,52,20383,N.A.,N.A.,B0BJTGLYTT
2025-03-21,49,22198,N.A.,N.A.,B0BJTGLYTT
2025-03-22,51,21446,N.A.,N.A.,B0BJTGLYTT
2025-03-23,50,21719,N.A.,N.A.,B0BJTGLYTT
2025-03-24,59,18450,N.A.,N.A.,B0BJTGLYTT
2025-03-25,64,16845,4.7,1059,B0BJTGLYTT
2025-03-26,71,14852,N.A.,N.A.,B0BJTGLYTT
2025-03-27,83,12465,N.A.,N.A.,B0BJTGLYTT
2025-03-28,84,12368,N.A.,N.A.,B0BJTGLYTT
2025-03-29,93,10900,N.A.,N.A.,B0BJTGLYTT
2025-03-30,86,12085,N.A.,N.A.,B0BJTGLYTT
2025-03-31,90,11388,N.A.,N.A.,B0BJTGLYTT
2025-04-01,98,10308,N.A.,N.A.,B0BJTGLYTT
2025-04-02,68,15859,N.A.,N.A.,B0BJTGLYTT
2025-04-03,53,21088,N.A.,N.A.,B0BJTGLYTT
2025-04-04,49,22933,N.A.,N.A.,B0BJTGLYTT
2025-04-05,45,25025,N.A.,N.A.,B0BJTGLYTT
2025-04-06,53,20878,N.A.,N.A.,B0BJTGLYTT
2025-04-07,57,19253,N.A.,N.A.,B0BJTGLYTT
2025-04-08,56,19653,N.A.,N.A.,B0BJTGLYTT
2025-04-09,48,23258,N.A.,N.A.,B0BJTGLYTT
2025-04-10,56,19554,N.A.,N.A.,B0BJTGLYTT
2025-04-11,51,21778,N.A.,N.A.,B0BJTGLYTT
2025-04-12,64,16899,N.A.,N.A.,B0BJTGLYTT
2025-04-13,68,15765,N.A.,N.A.,B0BJTGLYTT
2025-04-14,87,11865,N.A.,N.A.,B0BJTGLYTT
2025-04-15,76,13929,N.A.,N.A.,B0BJTGLYTT
2025-04-16,91,11331,N.A.,N.A.,B0BJTGLYTT
2025-04-17,86,12214,N.A.,N.A.,B0BJTGLYTT
2025-04-18,66,16737,N.A.,N.A.,B0BJTGLYTT
2025-04-19,80,13506,N.A.,N.A.,B0BJTGLYTT
2025-04-20,60,19013,N.A.,N.A.,B0BJTGLYTT
2025-04-21,71,15586,N.A.,N.A.,B0BJTGLYTT
2025-04-22,65,17236,N.A.,N.A.,B0BJTGLYTT
2025-04-23,59,19244,N.A.,N.A.,B0BJTGLYTT
2025-04-24,59,19477,4.8,1073,B0BJTGLYTT
2025-04-25,50,23613,N.A.,N.A.,B0BJTGLYTT
2025-04-26,44,27210,N.A.,N.A.,B0BJTGLYTT
2025-04-27,43,27459,N.A.,N.A.,B0BJTGLYTT
2025-04-28,57,20855,N.A.,N.A.,B0BJTGLYTT
2025-04-29,63,19031,N.A.,N.A.,B0BJTGLYTT
2025-04-30,55,22298,N.A.,N.A.,B0BJTGLYTT
2025-05-01,61,19973,N.A.,N.A.,B0BJTGLYTT
2025-05-02,57,22041,N.A.,N.A.,B0BJTGLYTT
2025-05-03,52,25032,N.A.,N.A.,B0BJTGLYTT
2025-05-04,73,17109,N.A.,N.A.,B0BJTGLYTT
2025-05-05,87,14133,N.A.,N.A.,B0BJTGLYTT
2025-05-06,92,13234,N.A.,N.A.,B0BJTGLYTT
2025-05-07,103,11516,N.A.,N.A.,B0BJTGLYTT
2025-05-08,114,10285,N.A.,N.A.,B0BJTGLYTT
2025-05-09,108,10911,N.A.,N.A.,B0BJTGLYTT
2025-05-10,106,11162,N.A.,N.A.,B0BJTGLYTT
2025-05-11,129,8792,N.A.,N.A.,B0BJTGLYTT
2025-05-12,112,10530,N.A.,N.A.,B0BJTGLYTT
2025-05-13,96,12615,N.A.,N.A.,B0BJTGLYTT
2025-05-14,98,12264,N.A.,N.A.,B0BJTGLYTT
2025-05-15,92,13141,N.A.,N.A.,B0BJTGLYTT
2025-02-17,216,2280,N.A.,N.A.,B09X9X6HWS
2025-02-18,244,1835,N.A.,N.A.,B09X9X6HWS
2025-02-19,246,1807,N.A.,N.A.,B09X9X6HWS
2025-02-20,226,2112,N.A.,N.A.,B09X9X6HWS
2025-02-21,247,1800,N.A.,N.A.,B09X9X6HWS
2025-02-22,226,2110,N.A.,N.A.,B09X9X6HWS
2025-02-23,247,2021,4.6,1365,B09X9X6HWS
2025-02-24,246,2027,N.A.,N.A.,B09X9X6HWS
2025-02-25,249,1982,N.A.,N.A.,B09X9X6HWS
2025-02-26,268,1734,N.A.,N.A.,B09X9X6HWS
2025-02-27,266,1765,N.A.,N.A.,B09X9X6HWS
2025-02-28,263,1795,N.A.,N.A.,B09X9X6HWS
2025-03-01,262,1807,N.A.,N.A.,B09X9X6HWS
2025-03-02,274,1670,N.A.,N.A.,B09X9X6HWS
2025-03-03,267,1743,N.A.,N.A.,B09X9X6HWS
2025-03-04,286,1530,N.A.,N.A.,B09X9X6HWS
2025-03-05,270,1708,N.A.,N.A.,B09X9X6HWS
2025-03-06,265,1775,N.A.,N.A.,B09X9X6HWS
2025-03-07,268,1729,N.A.,N.A.,B09X9X6HWS
2025-03-08,286,1522,N.A.,N.A.,B09X9X6HWS
2025-03-09,263,1798,N.A.,N.A.,B09X9X6HWS
2025-03-10,284,1603,N.A.,N.A.,B09X9X6HWS
2025-03-11,276,1738,N.A.,N.A.,B09X9X6HWS
2025-03-12,290,1599,N.A.,N.A.,B09X9X6HWS
2025-03-13,304,1491,N.A.,N.A.,B09X9X6HWS
2025-03-14,293,1631,N.A.,N.A.,B09X9X6HWS
2025-03-15,344,1251,N.A.,N.A.,B09X9X6HWS
2025-03-16,321,1428,N.A.,N.A.,B09X9X6HWS
2025-03-17,325,1423,N.A.,N.A.,B09X9X6HWS
2025-03-18,321,1475,N.A.,N.A.,B09X9X6HWS
2025-03-19,335,1376,N.A.,N.A.,B09X9X6HWS
2025-03-20,337,1376,N.A.,N.A.,B09X9X6HWS
2025-03-21,319,1540,N.A.,N.A.,B09X9X6HWS
2025-03-22,324,1530,N.A.,N.A.,B09X9X6HWS
2025-03-23,311,1646,N.A.,N.A.,B09X9X6HWS
2025-03-24,365,1226,N.A.,N.A.,B09X9X6HWS
2025-03-25,364,1235,N.A.,N.A.,B09X9X6HWS
2025-03-26,505,620,4.6,1407,B09X9X6HWS
2025-03-27,537,539,N.A.,N.A.,B09X9X6HWS
2025-03-28,564,477,N.A.,N.A.,B09X9X6HWS
2025-03-29,544,514,N.A.,N.A.,B09X9X6HWS
2025-03-30,528,552,N.A.,N.A.,B09X9X6HWS
2025-03-31,531,544,N.A.,N.A.,B09X9X6HWS
2025-04-01,552,496,N.A.,N.A.,B09X9X6HWS
2025-04-02,491,655,N.A.,N.A.,B09X9X6HWS
2025-04-03,439,838,N.A.,N.A.,B09X9X6HWS
2025-04-04,414,954,N.A.,N.A.,B09X9X6HWS
2025-04-05,414,951,N.A.,N.A.,B09X9X6HWS
2025-04-06,373,1114,N.A.,N.A.,B09X9X6HWS
2025-04-07,380,1069,N.A.,N.A.,B09X9X6HWS
2025-04-08,356,1230,N.A.,N.A.,B09X9X6HWS
2025-04-09,352,1264,N.A.,N.A.,B09X9X6HWS
2025-04-10,336,1392,N.A.,N.A.,B09X9X6HWS
2025-04-11,328,1465,N.A.,N.A.,B09X9X6HWS
2025-04-12,321,1531,N.A.,N.A.,B09X9X6HWS
2025-04-13,309,1646,N.A.,N.A.,B09X9X6HWS
2025-04-14,328,1482,N.A.,N.A.,B09X9X6HWS
2025-04-15,340,1392,N.A.,N.A.,B09X9X6HWS
2025-04-16,326,1529,N.A.,N.A.,B09X9X6HWS
2025-04-17,330,1496,N.A.,N.A.,B09X9X6HWS
2025-04-18,338,1437,N.A.,N.A.,B09X9X6HWS
2025-04-19,302,1819,N.A.,N.A.,B09X9X6HWS
2025-04-20,343,1419,N.A.,N.A.,B09X9X6HWS
2025-04-21,341,1433,N.A.,N.A.,B09X9X6HWS
2025-04-22,344,1408,N.A.,N.A.,B09X9X6HWS
2025-04-23,361,1279,N.A.,N.A.,B09X9X6HWS
2025-04-24,386,1111,N.A.,N.A.,B09X9X6HWS
2025-04-25,385,1121,4.6,1459,B09X9X6HWS
2025-04-26,15,73758,N.A.,N.A.,B09X9X6HWS
2025-04-27,326,1845,N.A.,N.A.,B09X9X6HWS
2025-04-28,366,1488,N.A.,N.A.,B09X9X6HWS
2025-04-29,395,1290,N.A.,N.A.,B09X9X6HWS
2025-04-30,388,1330,N.A.,N.A.,B09X9X6HWS
2025-05-01,407,1213,N.A.,N.A.,B09X9X6HWS
2025-05-02,402,1242,N.A.,N.A.,B09X9X6HWS
2025-05-03,367,1485,N.A.,N.A.,B09X9X6HWS
2025-05-04,378,1402,N.A.,N.A.,B09X9X6HWS
2025-05-05,397,1274,N.A.,N.A.,B09X9X6HWS
2025-05-06,358,1552,N.A.,N.A.,B09X9X6HWS
2025-05-07,392,1309,N.A.,N.A.,B09X9X6HWS
2025-05-08,377,1411,N.A.,N.A.,B09X9X6HWS
2025-05-09,361,1530,N.A.,N.A.,B09X9X6HWS
2025-05-10,359,1545,N.A.,N.A.,B09X9X6HWS
2025-05-11,365,1499,N.A.,N.A.,B09X9X6HWS
2025-05-12,388,1336,N.A.,N.A.,B09X9X6HWS
2025-05-13,385,1354,N.A.,N.A.,B09X9X6HWS
2025-05-14,393,1303,N.A.,N.A.,B09X9X6HWS
2025-05-15,391,1313,N.A.,N.A.,B09X9X6HWS
2025-02-17,83,9558,N.A.,N.A.,B0CPXKR8M8
2025-02-18,87,9019,N.A.,N.A.,B0CPXKR8M8
2025-02-19,88,8936,N.A.,N.A.,B0CPXKR8M8
2025-02-20,92,8386,N.A.,N.A.,B0CPXKR8M8
2025-02-21,87,9036,4.5,263,B0CPXKR8M8
2025-02-22,82,9750,N.A.,N.A.,B0CPXKR8M8
2025-02-23,105,7770,N.A.,N.A.,B0CPXKR8M8
2025-02-24,107,7553,N.A.,N.A.,B0CPXKR8M8
2025-02-25,126,6029,N.A.,N.A.,B0CPXKR8M8
2025-02-26,129,5761,N.A.,N.A.,B0CPXKR8M8
2025-02-27,119,6546,N.A.,N.A.,B0CPXKR8M8
2025-02-28,113,7009,N.A.,N.A.,B0CPXKR8M8
2025-03-01,120,6458,N.A.,N.A.,B0CPXKR8M8
2025-03-02,146,4816,N.A.,N.A.,B0CPXKR8M8
2025-03-03,159,4238,N.A.,N.A.,B0CPXKR8M8
2025-03-04,143,5051,N.A.,N.A.,B0CPXKR8M8
2025-03-05,127,6017,N.A.,N.A.,B0CPXKR8M8
2025-03-06,131,5778,N.A.,N.A.,B0CPXKR8M8
2025-03-07,135,5539,N.A.,N.A.,B0CPXKR8M8
2025-03-08,138,5426,N.A.,N.A.,B0CPXKR8M8
2025-03-09,134,5663,N.A.,N.A.,B0CPXKR8M8
2025-03-10,165,4160,N.A.,N.A.,B0CPXKR8M8
2025-03-11,165,4186,N.A.,N.A.,B0CPXKR8M8
2025-03-12,166,4212,N.A.,N.A.,B0CPXKR8M8
2025-03-13,156,4633,N.A.,N.A.,B0CPXKR8M8
2025-03-14,175,3926,N.A.,N.A.,B0CPXKR8M8
2025-03-15,190,3510,N.A.,N.A.,B0CPXKR8M8
2025-03-16,194,3396,N.A.,N.A.,B0CPXKR8M8
2025-03-17,175,4052,N.A.,N.A.,B0CPXKR8M8
2025-03-18,188,3670,N.A.,N.A.,B0CPXKR8M8
2025-03-19,195,3497,N.A.,N.A.,B0CPXKR8M8
2025-03-20,196,3497,N.A.,N.A.,B0CPXKR8M8
2025-03-21,220,2944,N.A.,N.A.,B0CPXKR8M8
2025-03-22,217,3064,N.A.,N.A.,B0CPXKR8M8
2025-03-23,204,3364,N.A.,N.A.,B0CPXKR8M8
2025-03-24,210,3245,4.5,278,B0CPXKR8M8
2025-03-25,225,2916,N.A.,N.A.,B0CPXKR8M8
2025-03-26,311,1665,N.A.,N.A.,B0CPXKR8M8
2025-03-27,332,1478,N.A.,N.A.,B0CPXKR8M8
2025-03-28,392,1069,N.A.,N.A.,B0CPXKR8M8
2025-03-29,511,596,N.A.,N.A.,B0CPXKR8M8
2025-03-30,530,548,N.A.,N.A.,B0CPXKR8M8
2025-03-31,511,596,N.A.,N.A.,B0CPXKR8M8
2025-04-01,498,633,N.A.,N.A.,B0CPXKR8M8
2025-04-02,469,725,N.A.,N.A.,B0CPXKR8M8
2025-04-03,435,855,N.A.,N.A.,B0CPXKR8M8
2025-04-04,382,1123,N.A.,N.A.,B0CPXKR8M8
2025-04-05,363,1246,N.A.,N.A.,B0CPXKR8M8
2025-04-06,350,1277,N.A.,N.A.,B0CPXKR8M8
2025-04-07,369,1136,N.A.,N.A.,B0CPXKR8M8
2025-04-08,344,1324,N.A.,N.A.,B0CPXKR8M8
2025-04-09,337,1378,N.A.,N.A.,B0CPXKR8M8
2025-04-10,335,1396,N.A.,N.A.,B0CPXKR8M8
2025-04-11,335,1399,N.A.,N.A.,B0CPXKR8M8
2025-04-12,340,1354,N.A.,N.A.,B0CPXKR8M8
2025-04-13,358,1213,N.A.,N.A.,B0CPXKR8M8
2025-04-14,342,1363,N.A.,N.A.,B0CPXKR8M8
2025-04-15,379,1108,N.A.,N.A.,B0CPXKR8M8
2025-04-16,400,991,N.A.,N.A.,B0CPXKR8M8
2025-04-17,412,937,N.A.,N.A.,B0CPXKR8M8
2025-04-18,438,826,N.A.,N.A.,B0CPXKR8M8
2025-04-19,516,574,N.A.,N.A.,B0CPXKR8M8
2025-04-20,550,489,N.A.,N.A.,B0CPXKR8M8
2025-04-21,542,509,N.A.,N.A.,B0CPXKR8M8
2025-04-22,565,456,N.A.,N.A.,B0CPXKR8M8
2025-04-23,606,378,4.5,315,B0CPXKR8M8
2025-04-24,558,472,N.A.,N.A.,B0CPXKR8M8
2025-04-25,532,532,N.A.,N.A.,B0CPXKR8M8
2025-04-26,509,593,N.A.,N.A.,B0CPXKR8M8
2025-04-27,554,640,N.A.,N.A.,B0CPXKR8M8
2025-04-28,572,597,N.A.,N.A.,B0CPXKR8M8
2025-04-29,538,684,N.A.,N.A.,B0CPXKR8M8
2025-04-30,547,659,N.A.,N.A.,B0CPXKR8M8
2025-05-01,541,676,N.A.,N.A.,B0CPXKR8M8
2025-05-02,500,799,N.A.,N.A.,B0CPXKR8M8
2025-05-03,490,836,N.A.,N.A.,B0CPXKR8M8
2025-05-04,453,982,N.A.,N.A.,B0CPXKR8M8
2025-05-05,444,1021,N.A.,N.A.,B0CPXKR8M8
2025-05-06,391,1316,N.A.,N.A.,B0CPXKR8M8
2025-05-07,403,1236,N.A.,N.A.,B0CPXKR8M8
2025-05-08,397,1274,N.A.,N.A.,B0CPXKR8M8
2025-05-09,365,1495,N.A.,N.A.,B0CPXKR8M8
2025-05-10,379,1394,N.A.,N.A.,B0CPXKR8M8
2025-05-11,377,1408,N.A.,N.A.,B0CPXKR8M8
2025-05-12,391,1315,N.A.,N.A.,B0CPXKR8M8
2025-05-13,417,1160,N.A.,N.A.,B0CPXKR8M8
2025-05-14,412,1186,N.A.,N.A.,B0CPXKR8M8
2025-05-15,418,1151,N.A.,N.A.,B0CPXKR8M8
2025-02-17,1646,7,N.A.,N.A.,B09P1GB319
2025-02-18,1914,3,N.A.,N.A.,B09P1GB319
2025-02-19,2041,2,N.A.,N.A.,B09P1GB319
2025-02-20,2041,2,N.A.,N.A.,B09P1GB319
2025-02-21,2041,2,4.6,11209,B09P1GB319
2025-02-22,1914,3,N.A.,N.A.,B09P1GB319
2025-02-23,2051,2,N.A.,N.A.,B09P1GB319
2025-02-24,1929,3,N.A.,N.A.,B09P1GB319
2025-02-25,1929,3,N.A.,N.A.,B09P1GB319
2025-02-26,1929,3,N.A.,N.A.,B09P1GB319
2025-02-27,1841,4,N.A.,N.A.,B09P1GB319
2025-02-28,1772,5,N.A.,N.A.,B09P1GB319
2025-03-01,1772,5,4.6,11316,B09P1GB319
2025-03-02,1668,7,N.A.,N.A.,B09P1GB319
2025-03-03,1658,6,N.A.,N.A.,B09P1GB319
2025-03-04,1815,3,N.A.,N.A.,B09P1GB319
2025-03-05,1650,5,N.A.,N.A.,B09P1GB319
2025-03-06,1578,6,N.A.,N.A.,B09P1GB319
2025-03-07,1365,12,N.A.,N.A.,B09P1GB319
2025-03-08,1321,12,N.A.,N.A.,B09P1GB319
2025-03-09,1284,14,4.6,11428,B09P1GB319
2025-03-10,1380,14,N.A.,N.A.,B09P1GB319
2025-03-11,1460,13,N.A.,N.A.,B09P1GB319
2025-03-12,1477,14,N.A.,N.A.,B09P1GB319
2025-03-13,1494,15,N.A.,N.A.,B09P1GB319
2025-03-14,1656,11,N.A.,N.A.,B09P1GB319
2025-03-15,1760,11,N.A.,N.A.,B09P1GB319
2025-03-16,1699,13,N.A.,N.A.,B09P1GB319
2025-03-17,1780,11,4.6,11547,B09P1GB319
2025-03-18,1791,11,N.A.,N.A.,B09P1GB319
2025-03-19,1735,13,N.A.,N.A.,B09P1GB319
2025-03-20,1714,14,N.A.,N.A.,B09P1GB319
2025-03-21,1817,11,N.A.,N.A.,B09P1GB319
2025-03-22,1836,11,N.A.,N.A.,B09P1GB319
2025-03-23,1802,12,N.A.,N.A.,B09P1GB319
2025-03-24,1724,13,4.6,11623,B09P1GB319
2025-03-25,1670,14,N.A.,N.A.,B09P1GB319
2025-03-26,2184,3,N.A.,N.A.,B09P1GB319
2025-03-27,2152,3,N.A.,N.A.,B09P1GB319
2025-03-28,1942,5,N.A.,N.A.,B09P1GB319
2025-03-29,1821,6,N.A.,N.A.,B09P1GB319
2025-03-30,1820,6,N.A.,N.A.,B09P1GB319
2025-03-31,1874,5,N.A.,N.A.,B09P1GB319
2025-04-01,1820,6,4.6,11730,B09P1GB319
2025-04-02,1733,8,N.A.,N.A.,B09P1GB319
2025-04-03,1733,8,N.A.,N.A.,B09P1GB319
2025-04-04,1697,9,N.A.,N.A.,B09P1GB319
2025-04-05,1584,13,N.A.,N.A.,B09P1GB319
2025-04-06,1306,11,N.A.,N.A.,B09P1GB319
2025-04-07,1275,13,N.A.,N.A.,B09P1GB319
2025-04-08,1247,15,N.A.,N.A.,B09P1GB319
2025-04-09,1212,18,4.6,11832,B09P1GB319
2025-04-10,1201,19,N.A.,N.A.,B09P1GB319
2025-04-11,1191,20,N.A.,N.A.,B09P1GB319
2025-04-12,1146,25,N.A.,N.A.,B09P1GB319
2025-04-13,1146,25,N.A.,N.A.,B09P1GB319
2025-04-14,1126,31,N.A.,N.A.,B09P1GB319
2025-04-15,1204,23,N.A.,N.A.,B09P1GB319
2025-04-16,1234,21,4.6,11943,B09P1GB319
2025-04-17,1256,20,N.A.,N.A.,B09P1GB319
2025-04-18,1251,22,N.A.,N.A.,B09P1GB319
2025-04-19,1230,27,N.A.,N.A.,B09P1GB319
2025-04-20,1222,28,N.A.,N.A.,B09P1GB319
2025-04-21,1267,23,N.A.,N.A.,B09P1GB319
2025-04-22,1230,27,N.A.,N.A.,B09P1GB319
2025-04-23,1150,38,4.6,12024,B09P1GB319
2025-04-24,1156,37,N.A.,N.A.,B09P1GB319
2025-04-25,1126,42,N.A.,N.A.,B09P1GB319
2025-04-26,681,272,N.A.,N.A.,B09P1GB319
2025-04-27,1008,139,N.A.,N.A.,B09P1GB319
2025-04-28,1291,63,N.A.,N.A.,B09P1GB319
2025-04-29,1316,59,N.A.,N.A.,B09P1GB319
2025-04-30,1394,48,4.6,14228,B09P1GB319
2025-05-01,1428,44,N.A.,N.A.,B09P1GB319
2025-05-02,271,2542,N.A.,N.A.,B09P1GB319
2025-05-03,1274,66,N.A.,N.A.,B09P1GB319
2025-05-04,1227,75,N.A.,N.A.,B09P1GB319
2025-05-05,1268,67,N.A.,N.A.,B09P1GB319
2025-05-06,1303,61,N.A.,N.A.,B09P1GB319
2025-05-07,1349,54,N.A.,N.A.,B09P1GB319
2025-05-08,1329,57,4.6,11855,B09P1GB319
2025-05-09,1335,56,N.A.,N.A.,B09P1GB319
2025-05-10,1316,59,N.A.,N.A.,B09P1GB319
2025-05-11,1227,75,N.A.,N.A.,B09P1GB319
2025-05-12,1194,82,N.A.,N.A.,B09P1GB319
2025-05-13,1198,81,N.A.,N.A.,B09P1GB319
2025-05-14,1297,62,N.A.,N.A.,B09P1GB319
2025-05-15,1371,51,N.A.,N.A.,B09P1GB319
2025-02-17,384,176,N.A.,N.A.,B087R2Q4HM
2025-02-18,406,159,N.A.,N.A.,B087R2Q4HM
2025-02-19,361,197,N.A.,N.A.,B087R2Q4HM
2025-02-20,364,194,N.A.,N.A.,B087R2Q4HM
2025-02-21,367,191,N.A.,N.A.,B087R2Q4HM
2025-02-22,371,188,N.A.,N.A.,B087R2Q4HM
2025-02-23,374,185,4.7,40096,B087R2Q4HM
2025-02-24,345,214,N.A.,N.A.,B087R2Q4HM
2025-02-25,353,205,N.A.,N.A.,B087R2Q4HM
2025-02-26,350,209,N.A.,N.A.,B087R2Q4HM
2025-02-27,346,213,N.A.,N.A.,B087R2Q4HM
2025-02-28,318,247,N.A.,N.A.,B087R2Q4HM
2025-03-01,288,294,N.A.,N.A.,B087R2Q4HM
2025-03-02,250,373,4.7,40120,B087R2Q4HM
2025-03-03,293,285,N.A.,N.A.,B087R2Q4HM
2025-03-04,422,148,N.A.,N.A.,B087R2Q4HM
2025-03-05,495,109,N.A.,N.A.,B087R2Q4HM
2025-03-06,687,56,N.A.,N.A.,B087R2Q4HM
2025-03-07,676,58,N.A.,N.A.,B087R2Q4HM
2025-03-08,711,52,N.A.,N.A.,B087R2Q4HM
2025-03-09,717,46,4.7,47410,B087R2Q4HM
2025-03-10,745,42,N.A.,N.A.,B087R2Q4HM
2025-03-11,745,42,N.A.,N.A.,B087R2Q4HM
2025-03-12,717,46,N.A.,N.A.,B087R2Q4HM
2025-03-13,692,50,N.A.,N.A.,B087R2Q4HM
2025-03-14,670,54,N.A.,N.A.,B087R2Q4HM
2025-03-15,649,58,N.A.,N.A.,B087R2Q4HM
2025-03-16,626,63,N.A.,N.A.,B087R2Q4HM
2025-03-17,622,67,N.A.,N.A.,B087R2Q4HM
2025-03-18,613,71,N.A.,N.A.,B087R2Q4HM
2025-03-19,625,69,N.A.,N.A.,B087R2Q4HM
2025-03-20,561,89,N.A.,N.A.,B087R2Q4HM
2025-03-21,556,93,N.A.,N.A.,B087R2Q4HM
2025-03-22,578,89,N.A.,N.A.,B087R2Q4HM
2025-03-23,569,92,N.A.,N.A.,B087R2Q4HM
2025-03-24,563,94,4.7,40206,B087R2Q4HM
2025-03-25,645,70,N.A.,N.A.,B087R2Q4HM
2025-03-26,618,77,N.A.,N.A.,B087R2Q4HM
2025-03-27,597,83,N.A.,N.A.,B087R2Q4HM
2025-03-28,547,100,N.A.,N.A.,B087R2Q4HM
2025-03-29,511,115,N.A.,N.A.,B087R2Q4HM
2025-03-30,412,147,N.A.,N.A.,B087R2Q4HM
2025-03-31,400,157,N.A.,N.A.,B087R2Q4HM
2025-04-01,390,166,4.7,45831,B087R2Q4HM
2025-04-02,380,175,N.A.,N.A.,B087R2Q4HM
2025-04-03,390,166,N.A.,N.A.,B087R2Q4HM
2025-04-04,379,176,N.A.,N.A.,B087R2Q4HM
2025-04-05,404,154,N.A.,N.A.,B087R2Q4HM
2025-04-06,359,198,N.A.,N.A.,B087R2Q4HM
2025-04-07,375,181,N.A.,N.A.,B087R2Q4HM
2025-04-08,453,119,4.7,40249,B087R2Q4HM
2025-04-09,486,101,N.A.,N.A.,B087R2Q4HM
2025-04-10,488,100,N.A.,N.A.,B087R2Q4HM
2025-04-11,490,99,N.A.,N.A.,B087R2Q4HM
2025-04-12,510,90,N.A.,N.A.,B087R2Q4HM
2025-04-13,454,121,N.A.,N.A.,B087R2Q4HM
2025-04-14,463,118,N.A.,N.A.,B087R2Q4HM
2025-04-15,432,141,N.A.,N.A.,B087R2Q4HM
2025-04-16,426,148,4.7,40286,B087R2Q4HM
2025-04-17,504,104,N.A.,N.A.,B087R2Q4HM
2025-04-18,471,124,N.A.,N.A.,B087R2Q4HM
2025-04-19,410,170,N.A.,N.A.,B087R2Q4HM
2025-04-20,418,166,N.A.,N.A.,B087R2Q4HM
2025-04-21,418,169,N.A.,N.A.,B087R2Q4HM
2025-04-22,467,136,N.A.,N.A.,B087R2Q4HM
2025-04-23,391,200,N.A.,N.A.,B087R2Q4HM
2025-04-24,417,178,4.7,40328,B087R2Q4HM
2025-04-25,377,221,N.A.,N.A.,B087R2Q4HM
2025-04-26,472,143,N.A.,N.A.,B087R2Q4HM
2025-04-27,451,160,N.A.,N.A.,B087R2Q4HM
2025-04-28,401,202,N.A.,N.A.,B087R2Q4HM
2025-04-29,493,133,N.A.,N.A.,B087R2Q4HM
2025-04-30,416,188,N.A.,N.A.,B087R2Q4HM
2025-05-01,392,211,N.A.,N.A.,B087R2Q4HM
2025-05-02,386,217,4.7,40358,B087R2Q4HM
2025-05-03,405,198,N.A.,N.A.,B087R2Q4HM
2025-05-04,350,263,N.A.,N.A.,B087R2Q4HM
2025-05-05,341,276,N.A.,N.A.,B087R2Q4HM
2025-05-06,414,190,N.A.,N.A.,B087R2Q4HM
2025-05-07,524,117,N.A.,N.A.,B087R2Q4HM
2025-05-08,489,135,N.A.,N.A.,B087R2Q4HM
2025-05-09,535,112,4.7,40409,B087R2Q4HM
2025-05-10,537,111,N.A.,N.A.,B087R2Q4HM
2025-05-11,483,139,N.A.,N.A.,B087R2Q4HM
2025-05-12,481,140,N.A.,N.A.,B087R2Q4HM
2025-05-13,436,171,N.A.,N.A.,B087R2Q4HM
2025-05-14,561,101,N.A.,N.A.,B087R2Q4HM
2025-05-15,504,127,N.A.,N.A.,B087R2Q4HM
2025-02-17,237,1933,N.A.,N.A.,B0B287Y6GR
2025-02-18,262,1620,N.A.,N.A.,B0B287Y6GR
2025-02-19,264,1596,N.A.,N.A.,B0B287Y6GR
2025-02-20,244,1841,N.A.,N.A.,B0B287Y6GR
2025-02-21,268,1553,4.7,1619,B0B287Y6GR
2025-02-22,239,1909,N.A.,N.A.,B0B287Y6GR
2025-02-23,282,1576,N.A.,N.A.,B0B287Y6GR
2025-02-24,322,1223,N.A.,N.A.,B0B287Y6GR
2025-02-25,332,1151,N.A.,N.A.,B0B287Y6GR
2025-02-26,339,1105,N.A.,N.A.,B0B287Y6GR
2025-02-27,356,998,N.A.,N.A.,B0B287Y6GR
2025-02-28,356,997,N.A.,N.A.,B0B287Y6GR
2025-03-01,388,834,N.A.,N.A.,B0B287Y6GR
2025-03-02,376,888,N.A.,N.A.,B0B287Y6GR
2025-03-03,373,895,N.A.,N.A.,B0B287Y6GR
2025-03-04,376,874,N.A.,N.A.,B0B287Y6GR
2025-03-05,397,772,N.A.,N.A.,B0B287Y6GR
2025-03-06,380,851,N.A.,N.A.,B0B287Y6GR
2025-03-07,368,904,N.A.,N.A.,B0B287Y6GR
2025-03-08,355,973,N.A.,N.A.,B0B287Y6GR
2025-03-09,340,1069,N.A.,N.A.,B0B287Y6GR
2025-03-10,407,758,N.A.,N.A.,B0B287Y6GR
2025-03-11,419,741,N.A.,N.A.,B0B287Y6GR
2025-03-12,420,752,N.A.,N.A.,B0B287Y6GR
2025-03-13,450,663,N.A.,N.A.,B0B287Y6GR
2025-03-14,462,649,N.A.,N.A.,B0B287Y6GR
2025-03-15,489,609,N.A.,N.A.,B0B287Y6GR
2025-03-16,441,759,N.A.,N.A.,B0B287Y6GR
2025-03-17,471,677,N.A.,N.A.,B0B287Y6GR
2025-03-18,504,594,N.A.,N.A.,B0B287Y6GR
2025-03-19,520,560,N.A.,N.A.,B0B287Y6GR
2025-03-20,522,560,N.A.,N.A.,B0B287Y6GR
2025-03-21,564,479,N.A.,N.A.,B0B287Y6GR
2025-03-22,531,562,N.A.,N.A.,B0B287Y6GR
2025-03-23,515,601,N.A.,N.A.,B0B287Y6GR
2025-03-24,510,610,4.7,1664,B0B287Y6GR
2025-03-25,571,469,N.A.,N.A.,B0B287Y6GR
2025-03-26,841,169,N.A.,N.A.,B0B287Y6GR
2025-03-27,937,120,N.A.,N.A.,B0B287Y6GR
2025-03-28,906,130,N.A.,N.A.,B0B287Y6GR
2025-03-29,910,123,N.A.,N.A.,B0B287Y6GR
2025-03-30,872,141,N.A.,N.A.,B0B287Y6GR
2025-03-31,858,148,N.A.,N.A.,B0B287Y6GR
2025-04-01,886,134,N.A.,N.A.,B0B287Y6GR
2025-04-02,799,184,N.A.,N.A.,B0B287Y6GR
2025-04-03,712,256,N.A.,N.A.,B0B287Y6GR
2025-04-04,684,286,N.A.,N.A.,B0B287Y6GR
2025-04-05,644,336,N.A.,N.A.,B0B287Y6GR
2025-04-06,550,428,N.A.,N.A.,B0B287Y6GR
2025-04-07,556,414,N.A.,N.A.,B0B287Y6GR
2025-04-08,707,199,N.A.,N.A.,B0B287Y6GR
2025-04-09,752,161,N.A.,N.A.,B0B287Y6GR
2025-04-10,748,164,N.A.,N.A.,B0B287Y6GR
2025-04-11,771,147,N.A.,N.A.,B0B287Y6GR
2025-04-12,787,137,N.A.,N.A.,B0B287Y6GR
2025-04-13,764,152,N.A.,N.A.,B0B287Y6GR
2025-04-14,754,169,N.A.,N.A.,B0B287Y6GR
2025-04-15,700,224,N.A.,N.A.,B0B287Y6GR
2025-04-16,666,266,N.A.,N.A.,B0B287Y6GR
2025-04-17,662,276,N.A.,N.A.,B0B287Y6GR
2025-04-18,616,349,N.A.,N.A.,B0B287Y6GR
2025-04-19,633,335,N.A.,N.A.,B0B287Y6GR
2025-04-20,648,314,N.A.,N.A.,B0B287Y6GR
2025-04-21,637,330,N.A.,N.A.,B0B287Y6GR
2025-04-22,681,272,N.A.,N.A.,B0B287Y6GR
2025-04-23,692,259,4.7,1798,B0B287Y6GR
2025-04-24,731,219,N.A.,N.A.,B0B287Y6GR
2025-04-25,730,220,N.A.,N.A.,B0B287Y6GR
2025-04-26,59,18924,N.A.,N.A.,B0B287Y6GR
2025-04-27,717,350,N.A.,N.A.,B0B287Y6GR
2025-04-28,787,276,N.A.,N.A.,B0B287Y6GR
2025-04-29,894,196,N.A.,N.A.,B0B287Y6GR
2025-04-30,899,193,N.A.,N.A.,B0B287Y6GR
2025-05-01,899,193,N.A.,N.A.,B0B287Y6GR
2025-05-02,859,219,N.A.,N.A.,B0B287Y6GR
2025-05-03,880,205,N.A.,N.A.,B0B287Y6GR
2025-05-04,856,221,N.A.,N.A.,B0B287Y6GR
2025-05-05,888,200,N.A.,N.A.,B0B287Y6GR
2025-05-06,926,178,N.A.,N.A.,B0B287Y6GR
2025-05-07,896,195,N.A.,N.A.,B0B287Y6GR
2025-05-08,906,189,N.A.,N.A.,B0B287Y6GR
2025-05-09,959,161,N.A.,N.A.,B0B287Y6GR
2025-05-10,931,175,N.A.,N.A.,B0B287Y6GR
2025-05-11,878,206,N.A.,N.A.,B0B287Y6GR
2025-05-12,915,184,N.A.,N.A.,B0B287Y6GR
2025-05-13,982,150,N.A.,N.A.,B0B287Y6GR
2025-05-14,999,143,N.A.,N.A.,B0B287Y6GR
2025-05-15,910,187,N.A.,N.A.,B0B287Y6GR
2025-02-17,257,1668,N.A.,N.A.,B0B31GZJP1
2025-02-18,245,1825,N.A.,N.A.,B0B31GZJP1
2025-02-19,238,1924,N.A.,N.A.,B0B31GZJP1
2025-02-20,235,1959,N.A.,N.A.,B0B31GZJP1
2025-02-21,230,2035,4.5,1252,B0B31GZJP1
2025-02-22,223,2152,N.A.,N.A.,B0B31GZJP1
2025-02-23,254,1918,N.A.,N.A.,B0B31GZJP1
2025-02-24,257,1881,N.A.,N.A.,B0B31GZJP1
2025-02-25,253,1925,N.A.,N.A.,B0B31GZJP1
2025-02-26,285,1544,N.A.,N.A.,B0B31GZJP1
2025-02-27,304,1368,N.A.,N.A.,B0B31GZJP1
2025-02-28,281,1589,N.A.,N.A.,B0B31GZJP1
2025-03-01,303,1373,N.A.,N.A.,B0B31GZJP1
2025-03-02,299,1415,N.A.,N.A.,B0B31GZJP1
2025-03-03,284,1555,N.A.,N.A.,B0B31GZJP1
2025-03-04,288,1515,N.A.,N.A.,B0B31GZJP1
2025-03-05,295,1443,N.A.,N.A.,B0B31GZJP1
2025-03-06,266,1761,N.A.,N.A.,B0B31GZJP1
2025-03-07,259,1848,N.A.,N.A.,B0B31GZJP1
2025-03-08,261,1820,N.A.,N.A.,B0B31GZJP1
2025-03-09,272,1686,N.A.,N.A.,B0B31GZJP1
2025-03-10,265,1841,N.A.,N.A.,B0B31GZJP1
2025-03-11,259,1949,N.A.,N.A.,B0B31GZJP1
2025-03-12,265,1899,N.A.,N.A.,B0B31GZJP1
2025-03-13,261,1975,N.A.,N.A.,B0B31GZJP1
2025-03-14,261,2012,N.A.,N.A.,B0B31GZJP1
2025-03-15,288,1738,N.A.,N.A.,B0B31GZJP1
2025-03-16,282,1808,N.A.,N.A.,B0B31GZJP1
2025-03-17,286,1801,N.A.,N.A.,B0B31GZJP1
2025-03-18,294,1740,N.A.,N.A.,B0B31GZJP1
2025-03-19,320,1498,N.A.,N.A.,B0B31GZJP1
2025-03-20,294,1763,N.A.,N.A.,B0B31GZJP1
2025-03-21,266,2134,N.A.,N.A.,B0B31GZJP1
2025-03-22,274,2061,N.A.,N.A.,B0B31GZJP1
2025-03-23,275,2060,N.A.,N.A.,B0B31GZJP1
2025-03-24,272,2110,4.5,1296,B0B31GZJP1
2025-03-25,289,1899,N.A.,N.A.,B0B31GZJP1
2025-03-26,493,654,N.A.,N.A.,B0B31GZJP1
2025-03-27,479,696,N.A.,N.A.,B0B31GZJP1
2025-03-28,484,680,N.A.,N.A.,B0B31GZJP1
2025-03-29,453,785,N.A.,N.A.,B0B31GZJP1
2025-03-30,500,628,N.A.,N.A.,B0B31GZJP1
2025-03-31,515,585,N.A.,N.A.,B0B31GZJP1
2025-04-01,505,613,N.A.,N.A.,B0B31GZJP1
2025-04-02,411,968,N.A.,N.A.,B0B31GZJP1
2025-04-03,359,1277,N.A.,N.A.,B0B31GZJP1
2025-04-04,320,1592,N.A.,N.A.,B0B31GZJP1
2025-04-05,324,1562,N.A.,N.A.,B0B31GZJP1
2025-04-06,326,1483,N.A.,N.A.,B0B31GZJP1
2025-04-07,302,1727,N.A.,N.A.,B0B31GZJP1
2025-04-08,278,2023,N.A.,N.A.,B0B31GZJP1
2025-04-09,278,2029,N.A.,N.A.,B0B31GZJP1
2025-04-10,290,1864,N.A.,N.A.,B0B31GZJP1
2025-04-11,268,2173,N.A.,N.A.,B0B31GZJP1
2025-04-12,282,1971,N.A.,N.A.,B0B31GZJP1
2025-04-13,269,2152,N.A.,N.A.,B0B31GZJP1
2025-04-14,283,1983,N.A.,N.A.,B0B31GZJP1
2025-04-15,269,2191,N.A.,N.A.,B0B31GZJP1
2025-04-16,262,2319,N.A.,N.A.,B0B31GZJP1
2025-04-17,239,2728,N.A.,N.A.,B0B31GZJP1
2025-04-18,239,2734,N.A.,N.A.,B0B31GZJP1
2025-04-19,252,2522,N.A.,N.A.,B0B31GZJP1
2025-04-20,271,2217,N.A.,N.A.,B0B31GZJP1
2025-04-21,273,2192,N.A.,N.A.,B0B31GZJP1
2025-04-22,269,2250,N.A.,N.A.,B0B31GZJP1
2025-04-23,298,1859,N.A.,N.A.,B0B31GZJP1
2025-04-24,284,2038,4.5,1373,B0B31GZJP1
2025-04-25,273,2189,N.A.,N.A.,B0B31GZJP1
2025-04-26,11,97618,N.A.,N.A.,B0B31GZJP1
2025-04-27,266,2629,N.A.,N.A.,B0B31GZJP1
2025-04-28,285,2334,N.A.,N.A.,B0B31GZJP1
2025-04-29,321,1900,N.A.,N.A.,B0B31GZJP1
2025-04-30,315,1964,N.A.,N.A.,B0B31GZJP1
2025-05-01,306,2066,N.A.,N.A.,B0B31GZJP1
2025-05-02,313,1981,N.A.,N.A.,B0B31GZJP1
2025-05-03,305,2080,N.A.,N.A.,B0B31GZJP1
2025-05-04,328,1824,N.A.,N.A.,B0B31GZJP1
2025-05-05,319,1915,N.A.,N.A.,B0B31GZJP1
2025-05-06,306,2069,N.A.,N.A.,B0B31GZJP1
2025-05-07,306,2058,N.A.,N.A.,B0B31GZJP1
2025-05-08,285,2336,N.A.,N.A.,B0B31GZJP1
2025-05-09,286,2326,N.A.,N.A.,B0B31GZJP1
2025-05-10,298,2162,N.A.,N.A.,B0B31GZJP1
2025-05-11,316,1952,N.A.,N.A.,B0B31GZJP1
2025-05-12,329,1810,N.A.,N.A.,B0B31GZJP1
2025-05-13,340,1705,N.A.,N.A.,B0B31GZJP1
2025-05-14,351,1612,N.A.,N.A.,B0B31GZJP1
2025-05-15,358,1549,N.A.,N.A.,B0B31GZJP1
2025-02-17,6,3242,N.A.,N.A.,B0DQCRYC1V
2025-02-18,3,5954,N.A.,N.A.,B0DQCRYC1V
2025-02-19,5,4384,N.A.,N.A.,B0DQCRYC1V
2025-02-20,4,5522,N.A.,N.A.,B0DQCRYC1V
2025-02-21,7,3058,N.A.,N.A.,B0DQCRYC1V
2025-02-22,8,2544,N.A.,N.A.,B0DQCRYC1V
2025-02-23,6,3507,N.A.,N.A.,B0DQCRYC1V
2025-02-24,7,2756,N.A.,N.A.,B0DQCRYC1V
2025-02-25,4,4996,N.A.,N.A.,B0DQCRYC1V
2025-02-26,4,4986,N.A.,N.A.,B0DQCRYC1V
2025-02-27,5,4166,N.A.,N.A.,B0DQCRYC1V
2025-02-28,6,3345,N.A.,N.A.,B0DQCRYC1V
2025-03-01,6,3134,N.A.,N.A.,B0DQCRYC1V
2025-03-02,9,2174,N.A.,N.A.,B0DQCRYC1V
2025-03-03,9,2263,N.A.,N.A.,B0DQCRYC1V
2025-03-04,11,1736,N.A.,N.A.,B0DQCRYC1V
2025-03-05,6,3628,N.A.,N.A.,B0DQCRYC1V
2025-03-06,5,3746,N.A.,N.A.,B0DQCRYC1V
2025-03-07,9,2301,N.A.,N.A.,B0DQCRYC1V
2025-03-08,4,4459,N.A.,N.A.,B0DQCRYC1V
2025-03-09,2,8447,N.A.,N.A.,B0DQCRYC1V
2025-03-10,2,11647,N.A.,N.A.,B0DQCRYC1V
2025-03-11,1,14847,N.A.,N.A.,B0DQCRYC1V
2025-03-12,1,18047,N.A.,N.A.,B0DQCRYC1V
2025-03-13,1,19753,N.A.,N.A.,B0DQCRYC1V
2025-03-14,1,21458,N.A.,N.A.,B0DQCRYC1V
2025-03-15,1,23164,N.A.,N.A.,B0DQCRYC1V
2025-03-16,1,24869,N.A.,N.A.,B0DQCRYC1V
2025-03-17,1,26575,N.A.,N.A.,B0DQCRYC1V
2025-03-18,1,28280,N.A.,N.A.,B0DQCRYC1V
2025-03-19,0,29986,4.2,14,B0DQCRYC1V
2025-03-20,0,31083,N.A.,N.A.,B0DQCRYC1V
2025-03-21,0,32181,N.A.,N.A.,B0DQCRYC1V
2025-03-22,0,33278,N.A.,N.A.,B0DQCRYC1V
2025-03-23,0,34376,N.A.,N.A.,B0DQCRYC1V
2025-03-24,0,35473,N.A.,N.A.,B0DQCRYC1V
2025-03-25,0,36571,N.A.,N.A.,B0DQCRYC1V
2025-03-26,0,37668,N.A.,N.A.,B0DQCRYC1V
2025-03-27,0,35371,N.A.,N.A.,B0DQCRYC1V
2025-03-28,0,33074,N.A.,N.A.,B0DQCRYC1V
2025-03-29,0,30777,N.A.,N.A.,B0DQCRYC1V
2025-03-30,1,28479,N.A.,N.A.,B0DQCRYC1V
2025-03-31,1,26182,N.A.,N.A.,B0DQCRYC1V
2025-04-01,1,23885,N.A.,N.A.,B0DQCRYC1V
2025-04-02,1,21588,N.A.,N.A.,B0DQCRYC1V
2025-04-03,1,19291,N.A.,N.A.,B0DQCRYC1V
2025-04-04,1,16994,N.A.,N.A.,B0DQCRYC1V
2025-04-05,1,14697,N.A.,N.A.,B0DQCRYC1V
2025-04-06,2,12399,N.A.,N.A.,B0DQCRYC1V
2025-04-07,2,10102,N.A.,N.A.,B0DQCRYC1V
2025-04-08,3,7805,N.A.,N.A.,B0DQCRYC1V
2025-04-09,4,5508,N.A.,N.A.,B0DQCRYC1V
2025-04-10,5,4098,N.A.,N.A.,B0DQCRYC1V
2025-04-11,3,7868,N.A.,N.A.,B0DQCRYC1V
2025-04-12,2,9967,N.A.,N.A.,B0DQCRYC1V
2025-04-13,3,6526,N.A.,N.A.,B0DQCRYC1V
2025-04-14,3,7504,N.A.,N.A.,B0DQCRYC1V
2025-04-15,4,5673,N.A.,N.A.,B0DQCRYC1V
2025-04-16,5,4000,N.A.,N.A.,B0DQCRYC1V
2025-04-17,4,5006,N.A.,N.A.,B0DQCRYC1V
2025-04-18,2,8732,3.9,19,B0DQCRYC1V
2025-04-19,1,15079,N.A.,N.A.,B0DQCRYC1V
2025-04-20,1,13860,N.A.,N.A.,B0DQCRYC1V
2025-04-21,1,12640,N.A.,N.A.,B0DQCRYC1V
2025-04-22,2,11421,N.A.,N.A.,B0DQCRYC1V
2025-04-23,2,10202,N.A.,N.A.,B0DQCRYC1V
2025-04-24,2,8983,N.A.,N.A.,B0DQCRYC1V
2025-04-25,2,7763,N.A.,N.A.,B0DQCRYC1V
2025-04-26,3,6544,N.A.,N.A.,B0DQCRYC1V
2025-04-27,3,6498,N.A.,N.A.,B0DQCRYC1V
2025-04-28,4,5742,N.A.,N.A.,B0DQCRYC1V
2025-04-29,3,6720,N.A.,N.A.,B0DQCRYC1V
2025-04-30,1,14826,N.A.,N.A.,B0DQCRYC1V
2025-05-01,1,13256,N.A.,N.A.,B0DQCRYC1V
2025-05-02,2,11685,N.A.,N.A.,B0DQCRYC1V
2025-05-03,2,10115,N.A.,N.A.,B0DQCRYC1V
2025-05-04,2,8545,N.A.,N.A.,B0DQCRYC1V
2025-05-05,3,6975,N.A.,N.A.,B0DQCRYC1V
2025-05-06,4,5404,N.A.,N.A.,B0DQCRYC1V
2025-05-07,5,3834,N.A.,N.A.,B0DQCRYC1V
2025-05-08,7,2904,N.A.,N.A.,B0DQCRYC1V
2025-05-09,6,3384,N.A.,N.A.,B0DQCRYC1V
2025-05-10,5,3945,N.A.,N.A.,B0DQCRYC1V
2025-05-11,4,5044,N.A.,N.A.,B0DQCRYC1V
2025-05-12,6,3576,N.A.,N.A.,B0DQCRYC1V
2025-05-13,6,3732,N.A.,N.A.,B0DQCRYC1V
2025-05-14,10,2137,N.A.,N.A.,B0DQCRYC1V
2025-05-15,7,3008,N.A.,N.A.,B0DQCRYC1V
2025-02-17,299,1256,4.4,26220,B07DCRH2PH
2025-02-18,281,1416,N.A.,N.A.,B07DCRH2PH
2025-02-19,284,1384,N.A.,N.A.,B07DCRH2PH
2025-02-20,281,1418,N.A.,N.A.,B07DCRH2PH
2025-02-21,276,1467,N.A.,N.A.,B07DCRH2PH
2025-02-22,262,1615,N.A.,N.A.,B07DCRH2PH
2025-02-23,298,1424,N.A.,N.A.,B07DCRH2PH
2025-02-24,280,1606,4.4,26247,B07DCRH2PH
2025-02-25,283,1565,N.A.,N.A.,B07DCRH2PH
2025-02-26,275,1653,N.A.,N.A.,B07DCRH2PH
2025-02-27,272,1696,N.A.,N.A.,B07DCRH2PH
2025-02-28,277,1630,N.A.,N.A.,B07DCRH2PH
2025-03-01,281,1587,N.A.,N.A.,B07DCRH2PH
2025-03-02,276,1644,N.A.,N.A.,B07DCRH2PH
2025-03-03,283,1569,4.4,26267,B07DCRH2PH
2025-03-04,283,1568,N.A.,N.A.,B07DCRH2PH
2025-03-05,283,1566,N.A.,N.A.,B07DCRH2PH
2025-03-06,277,1630,N.A.,N.A.,B07DCRH2PH
2025-03-07,279,1608,N.A.,N.A.,B07DCRH2PH
2025-03-08,280,1586,N.A.,N.A.,B07DCRH2PH
2025-03-09,248,2004,N.A.,N.A.,B07DCRH2PH
2025-03-10,261,1891,4.4,26293,B07DCRH2PH
2025-03-11,271,1797,N.A.,N.A.,B07DCRH2PH
2025-03-12,281,1702,N.A.,N.A.,B07DCRH2PH
2025-03-13,286,1669,N.A.,N.A.,B07DCRH2PH
2025-03-14,266,1950,N.A.,N.A.,B07DCRH2PH
2025-03-15,267,1996,N.A.,N.A.,B07DCRH2PH
2025-03-16,245,2306,N.A.,N.A.,B07DCRH2PH
2025-03-17,256,2185,N.A.,N.A.,B07DCRH2PH
2025-03-18,271,2012,4.4,26310,B07DCRH2PH
2025-03-19,275,1969,N.A.,N.A.,B07DCRH2PH
2025-03-20,277,1969,N.A.,N.A.,B07DCRH2PH
2025-03-21,319,1543,N.A.,N.A.,B07DCRH2PH
2025-03-22,301,1755,N.A.,N.A.,B07DCRH2PH
2025-03-23,287,1906,N.A.,N.A.,B07DCRH2PH
2025-03-24,269,2146,N.A.,N.A.,B07DCRH2PH
2025-03-25,270,2147,N.A.,N.A.,B07DCRH2PH
2025-03-26,243,2579,4.4,26328,B07DCRH2PH
2025-03-27,223,2994,N.A.,N.A.,B07DCRH2PH
2025-03-28,221,3050,N.A.,N.A.,B07DCRH2PH
2025-03-29,219,3117,N.A.,N.A.,B07DCRH2PH
2025-03-30,197,3715,N.A.,N.A.,B07DCRH2PH
2025-03-31,200,3617,N.A.,N.A.,B07DCRH2PH
2025-04-01,217,3173,N.A.,N.A.,B07DCRH2PH
2025-04-02,207,3422,N.A.,N.A.,B07DCRH2PH
2025-04-03,220,3115,4.4,26347,B07DCRH2PH
2025-04-04,234,2801,N.A.,N.A.,B07DCRH2PH
2025-04-05,220,3103,N.A.,N.A.,B07DCRH2PH
2025-04-06,226,2969,N.A.,N.A.,B07DCRH2PH
2025-04-07,210,3348,N.A.,N.A.,B07DCRH2PH
2025-04-08,216,3192,N.A.,N.A.,B07DCRH2PH
2025-04-09,205,3508,N.A.,N.A.,B07DCRH2PH
2025-04-10,192,3905,N.A.,N.A.,B07DCRH2PH
2025-04-11,209,3390,4.4,26355,B07DCRH2PH
2025-04-12,223,3024,N.A.,N.A.,B07DCRH2PH
2025-04-13,203,3557,N.A.,N.A.,B07DCRH2PH
2025-04-14,183,4229,N.A.,N.A.,B07DCRH2PH
2025-04-15,198,3717,N.A.,N.A.,B07DCRH2PH
2025-04-16,199,3716,N.A.,N.A.,B07DCRH2PH
2025-04-17,189,4025,N.A.,N.A.,B07DCRH2PH
2025-04-18,183,4248,N.A.,N.A.,B07DCRH2PH
2025-04-19,181,4338,4.4,26378,B07DCRH2PH
2025-04-20,173,4664,N.A.,N.A.,B07DCRH2PH
2025-04-21,179,4429,N.A.,N.A.,B07DCRH2PH
2025-04-22,172,4697,N.A.,N.A.,B07DCRH2PH
2025-04-23,189,4043,N.A.,N.A.,B07DCRH2PH
2025-04-24,189,4045,N.A.,N.A.,B07DCRH2PH
2025-04-25,181,4321,N.A.,N.A.,B07DCRH2PH
2025-04-26,321,1612,4.4,26394,B07DCRH2PH
2025-04-27,343,1684,N.A.,N.A.,B07DCRH2PH
2025-04-28,292,2245,N.A.,N.A.,B07DCRH2PH
2025-04-29,248,2946,N.A.,N.A.,B07DCRH2PH
2025-04-30,252,2869,N.A.,N.A.,B07DCRH2PH
2025-05-01,235,3226,N.A.,N.A.,B07DCRH2PH
2025-05-02,210,3863,N.A.,N.A.,B07DCRH2PH
2025-05-03,222,3535,4.4,26410,B07DCRH2PH
2025-05-04,203,4081,N.A.,N.A.,B07DCRH2PH
2025-05-05,201,4143,N.A.,N.A.,B07DCRH2PH
2025-05-06,212,3789,N.A.,N.A.,B07DCRH2PH
2025-05-07,189,4550,N.A.,N.A.,B07DCRH2PH
2025-05-08,196,4275,N.A.,N.A.,B07DCRH2PH
2025-05-09,192,4436,N.A.,N.A.,B07DCRH2PH
2025-05-10,174,5132,N.A.,N.A.,B07DCRH2PH
2025-05-11,160,5797,4.4,26429,B07DCRH2PH
2025-05-12,177,5002,N.A.,N.A.,B07DCRH2PH
2025-05-13,174,5128,N.A.,N.A.,B07DCRH2PH
2025-05-14,170,5312,N.A.,N.A.,B07DCRH2PH
2025-05-15,216,3687,N.A.,N.A.,B07DCRH2PH
2025-02-17,80,9995,N.A.,N.A.,B0B4J42QMW
2025-02-18,114,6251,N.A.,N.A.,B0B4J42QMW
2025-02-19,104,7104,4.6,1034,B0B4J42QMW
2025-02-20,108,6740,N.A.,N.A.,B0B4J42QMW
2025-02-21,112,6375,N.A.,N.A.,B0B4J42QMW
2025-02-22,121,5721,N.A.,N.A.,B0B4J42QMW
2025-02-23,141,5067,N.A.,N.A.,B0B4J42QMW
2025-02-24,136,5347,N.A.,N.A.,B0B4J42QMW
2025-02-25,132,5572,N.A.,N.A.,B0B4J42QMW
2025-02-26,136,5351,N.A.,N.A.,B0B4J42QMW
2025-02-27,140,5129,N.A.,N.A.,B0B4J42QMW
2025-02-28,163,4070,N.A.,N.A.,B0B4J42QMW
2025-03-01,168,3860,N.A.,N.A.,B0B4J42QMW
2025-03-02,183,3377,N.A.,N.A.,B0B4J42QMW
2025-03-03,163,4070,N.A.,N.A.,B0B4J42QMW
2025-03-04,166,3976,N.A.,N.A.,B0B4J42QMW
2025-03-05,185,3357,N.A.,N.A.,B0B4J42QMW
2025-03-06,182,3462,N.A.,N.A.,B0B4J42QMW
2025-03-07,181,3478,N.A.,N.A.,B0B4J42QMW
2025-03-08,184,3431,N.A.,N.A.,B0B4J42QMW
2025-03-09,185,3383,N.A.,N.A.,B0B4J42QMW
2025-03-10,210,2802,N.A.,N.A.,B0B4J42QMW
2025-03-11,215,2712,N.A.,N.A.,B0B4J42QMW
2025-03-12,221,2622,N.A.,N.A.,B0B4J42QMW
2025-03-13,230,2464,N.A.,N.A.,B0B4J42QMW
2025-03-14,238,2360,N.A.,N.A.,B0B4J42QMW
2025-03-15,246,2297,N.A.,N.A.,B0B4J42QMW
2025-03-16,280,1836,N.A.,N.A.,B0B4J42QMW
2025-03-17,276,1919,N.A.,N.A.,B0B4J42QMW
2025-03-18,284,1852,N.A.,N.A.,B0B4J42QMW
2025-03-19,305,1638,N.A.,N.A.,B0B4J42QMW
2025-03-20,276,1979,N.A.,N.A.,B0B4J42QMW
2025-03-21,267,2116,N.A.,N.A.,B0B4J42QMW
2025-03-22,290,1870,4.6,1066,B0B4J42QMW
2025-03-23,288,1889,N.A.,N.A.,B0B4J42QMW
2025-03-24,314,1625,N.A.,N.A.,B0B4J42QMW
2025-03-25,276,2059,N.A.,N.A.,B0B4J42QMW
2025-03-26,533,549,N.A.,N.A.,B0B4J42QMW
2025-03-27,530,555,N.A.,N.A.,B0B4J42QMW
2025-03-28,489,664,N.A.,N.A.,B0B4J42QMW
2025-03-29,480,688,N.A.,N.A.,B0B4J42QMW
2025-03-30,490,658,N.A.,N.A.,B0B4J42QMW
2025-03-31,476,701,N.A.,N.A.,B0B4J42QMW
2025-04-01,462,751,N.A.,N.A.,B0B4J42QMW
2025-04-02,364,1244,N.A.,N.A.,B0B4J42QMW
2025-04-03,291,1902,N.A.,N.A.,B0B4J42QMW
2025-04-04,297,1841,N.A.,N.A.,B0B4J42QMW
2025-04-05,324,1555,N.A.,N.A.,B0B4J42QMW
2025-04-06,312,1619,N.A.,N.A.,B0B4J42QMW
2025-04-07,273,2099,N.A.,N.A.,B0B4J42QMW
2025-04-08,250,2472,N.A.,N.A.,B0B4J42QMW
2025-04-09,268,2179,N.A.,N.A.,B0B4J42QMW
2025-04-10,266,2204,N.A.,N.A.,B0B4J42QMW
2025-04-11,242,2627,N.A.,N.A.,B0B4J42QMW
2025-04-12,231,2857,N.A.,N.A.,B0B4J42QMW
2025-04-13,224,3006,N.A.,N.A.,B0B4J42QMW
2025-04-14,236,2764,N.A.,N.A.,B0B4J42QMW
2025-04-15,210,3377,N.A.,N.A.,B0B4J42QMW
2025-04-16,223,3072,N.A.,N.A.,B0B4J42QMW
2025-04-17,223,3081,N.A.,N.A.,B0B4J42QMW
2025-04-18,251,2516,N.A.,N.A.,B0B4J42QMW
2025-04-19,252,2526,N.A.,N.A.,B0B4J42QMW
2025-04-20,249,2572,N.A.,N.A.,B0B4J42QMW
2025-04-21,242,2702,4.6,1102,B0B4J42QMW
2025-04-22,252,2523,N.A.,N.A.,B0B4J42QMW
2025-04-23,260,2383,N.A.,N.A.,B0B4J42QMW
2025-04-24,256,2456,N.A.,N.A.,B0B4J42QMW
2025-04-25,257,2430,N.A.,N.A.,B0B4J42QMW
2025-04-26,228,3001,N.A.,N.A.,B0B4J42QMW
2025-04-27,220,3572,N.A.,N.A.,B0B4J42QMW
2025-04-28,232,3282,N.A.,N.A.,B0B4J42QMW
2025-04-29,238,3152,N.A.,N.A.,B0B4J42QMW
2025-04-30,242,3073,N.A.,N.A.,B0B4J42QMW
2025-05-01,251,2888,N.A.,N.A.,B0B4J42QMW
2025-05-02,249,2924,N.A.,N.A.,B0B4J42QMW
2025-05-03,254,2832,N.A.,N.A.,B0B4J42QMW
2025-05-04,257,2792,N.A.,N.A.,B0B4J42QMW
2025-05-05,250,2923,N.A.,N.A.,B0B4J42QMW
2025-05-06,247,2969,N.A.,N.A.,B0B4J42QMW
2025-05-07,239,3146,N.A.,N.A.,B0B4J42QMW
2025-05-08,225,3447,N.A.,N.A.,B0B4J42QMW
2025-05-09,247,2974,N.A.,N.A.,B0B4J42QMW
2025-05-10,240,3118,N.A.,N.A.,B0B4J42QMW
2025-05-11,261,2715,N.A.,N.A.,B0B4J42QMW
2025-05-12,231,3311,N.A.,N.A.,B0B4J42QMW
2025-05-13,252,2873,N.A.,N.A.,B0B4J42QMW
2025-05-14,268,2593,N.A.,N.A.,B0B4J42QMW
2025-05-15,258,2772,N.A.,N.A.,B0B4J42QMW
2025-02-17,N.A.,N.A.,N.A.,N.A.,B0DDKTJWJG
2025-02-18,N.A.,N.A.,N.A.,N.A.,B0DDKTJWJG
2025-02-19,N.A.,N.A.,N.A.,N.A.,B0DDKTJWJG
2025-02-20,N.A.,N.A.,N.A.,N.A.,B0DDKTJWJG
2025-02-21,N.A.,N.A.,N.A.,N.A.,B0DDKTJWJG
2025-02-22,N.A.,N.A.,N.A.,N.A.,B0DDKTJWJG
2025-02-23,N.A.,N.A.,N.A.,N.A.,B0DDKTJWJG
2025-02-24,N.A.,N.A.,N.A.,N.A.,B0DDKTJWJG
2025-02-25,N.A.,N.A.,N.A.,N.A.,B0DDKTJWJG
2025-02-26,N.A.,N.A.,N.A.,N.A.,B0DDKTJWJG
2025-02-27,0,87192,N.A.,N.A.,B0DDKTJWJG
2025-02-28,0,86308,N.A.,N.A.,B0DDKTJWJG
2025-03-01,0,85424,N.A.,N.A.,B0DDKTJWJG
2025-03-02,0,84540,N.A.,N.A.,B0DDKTJWJG
2025-03-03,0,83657,N.A.,N.A.,B0DDKTJWJG
2025-03-04,0,82773,N.A.,N.A.,B0DDKTJWJG
2025-03-05,0,81889,N.A.,N.A.,B0DDKTJWJG
2025-03-06,0,81005,N.A.,N.A.,B0DDKTJWJG
2025-03-07,0,80121,N.A.,N.A.,B0DDKTJWJG
2025-03-08,0,79237,N.A.,N.A.,B0DDKTJWJG
2025-03-09,0,78353,N.A.,N.A.,B0DDKTJWJG
2025-03-10,0,77470,N.A.,N.A.,B0DDKTJWJG
2025-03-11,0,76586,N.A.,N.A.,B0DDKTJWJG
2025-03-12,0,75702,N.A.,N.A.,B0DDKTJWJG
2025-03-13,0,74818,N.A.,N.A.,B0DDKTJWJG
2025-03-14,0,73696,N.A.,N.A.,B0DDKTJWJG
2025-03-15,0,72573,N.A.,N.A.,B0DDKTJWJG
2025-03-16,0,71451,N.A.,N.A.,B0DDKTJWJG
2025-03-17,0,70329,N.A.,N.A.,B0DDKTJWJG
2025-03-18,0,69207,N.A.,N.A.,B0DDKTJWJG
2025-03-19,0,68084,N.A.,N.A.,B0DDKTJWJG
2025-03-20,0,66962,N.A.,N.A.,B0DDKTJWJG
2025-03-21,0,65840,N.A.,N.A.,B0DDKTJWJG
2025-03-22,0,64717,N.A.,N.A.,B0DDKTJWJG
2025-03-23,0,63595,N.A.,N.A.,B0DDKTJWJG
2025-03-24,0,62473,N.A.,N.A.,B0DDKTJWJG
2025-03-25,0,61351,N.A.,N.A.,B0DDKTJWJG
2025-03-26,0,60228,N.A.,N.A.,B0DDKTJWJG
2025-03-27,0,59106,N.A.,N.A.,B0DDKTJWJG
2025-03-28,0,58406,N.A.,N.A.,B0DDKTJWJG
2025-03-29,0,57707,N.A.,N.A.,B0DDKTJWJG
2025-03-30,0,57007,N.A.,N.A.,B0DDKTJWJG
2025-03-31,0,56308,N.A.,N.A.,B0DDKTJWJG
2025-04-01,0,55608,N.A.,N.A.,B0DDKTJWJG
2025-04-02,0,54909,N.A.,N.A.,B0DDKTJWJG
2025-04-03,0,54209,N.A.,N.A.,B0DDKTJWJG
2025-04-04,0,53509,N.A.,N.A.,B0DDKTJWJG
2025-04-05,0,52810,N.A.,N.A.,B0DDKTJWJG
2025-04-06,0,52110,N.A.,N.A.,B0DDKTJWJG
2025-04-07,0,51411,N.A.,N.A.,B0DDKTJWJG
2025-04-08,0,50711,N.A.,N.A.,B0DDKTJWJG
2025-04-09,0,50012,N.A.,N.A.,B0DDKTJWJG
2025-04-10,0,49312,N.A.,N.A.,B0DDKTJWJG
2025-04-11,0,47542,N.A.,N.A.,B0DDKTJWJG
2025-04-12,0,45771,N.A.,N.A.,B0DDKTJWJG
2025-04-13,0,44001,N.A.,N.A.,B0DDKTJWJG
2025-04-14,0,42231,N.A.,N.A.,B0DDKTJWJG
2025-04-15,0,40460,N.A.,N.A.,B0DDKTJWJG
2025-04-16,0,38690,N.A.,N.A.,B0DDKTJWJG
2025-04-17,0,36920,N.A.,N.A.,B0DDKTJWJG
2025-04-18,0,35149,N.A.,N.A.,B0DDKTJWJG
2025-04-19,0,33379,N.A.,N.A.,B0DDKTJWJG
2025-04-20,0,31608,N.A.,N.A.,B0DDKTJWJG
2025-04-21,0,29838,N.A.,N.A.,B0DDKTJWJG
2025-04-22,1,28068,N.A.,N.A.,B0DDKTJWJG
2025-04-23,1,26297,N.A.,N.A.,B0DDKTJWJG
2025-04-24,1,24527,N.A.,N.A.,B0DDKTJWJG
2025-04-25,1,22730,N.A.,N.A.,B0DDKTJWJG
2025-04-26,1,20933,N.A.,N.A.,B0DDKTJWJG
2025-04-27,1,19136,N.A.,N.A.,B0DDKTJWJG
2025-04-28,1,17340,N.A.,N.A.,B0DDKTJWJG
2025-04-29,1,15543,N.A.,N.A.,B0DDKTJWJG
2025-04-30,1,13746,N.A.,N.A.,B0DDKTJWJG
2025-05-01,2,11949,4.8,7,B0DDKTJWJG
2025-05-02,2,10284,N.A.,N.A.,B0DDKTJWJG
2025-05-03,1,24486,N.A.,N.A.,B0DDKTJWJG
2025-05-04,1,24223,N.A.,N.A.,B0DDKTJWJG
2025-05-05,1,23961,N.A.,N.A.,B0DDKTJWJG
2025-05-06,1,23698,N.A.,N.A.,B0DDKTJWJG
2025-05-07,1,23436,N.A.,N.A.,B0DDKTJWJG
2025-05-08,1,23173,N.A.,N.A.,B0DDKTJWJG
2025-05-09,1,22911,N.A.,N.A.,B0DDKTJWJG
2025-05-10,1,22648,N.A.,N.A.,B0DDKTJWJG
2025-05-11,1,22385,N.A.,N.A.,B0DDKTJWJG
2025-05-12,1,22123,N.A.,N.A.,B0DDKTJWJG
2025-05-13,1,21860,N.A.,N.A.,B0DDKTJWJG
2025-05-14,1,21598,N.A.,N.A.,B0DDKTJWJG
2025-05-15,1,21335,N.A.,N.A.,B0DDKTJWJG
2025-02-17,N.A.,N.A.,N.A.,N.A.,B0DJBDWQGW
2025-02-18,N.A.,N.A.,N.A.,N.A.,B0DJBDWQGW
2025-02-19,0,52657,N.A.,N.A.,B0DJBDWQGW
2025-02-20,0,49311,N.A.,N.A.,B0DJBDWQGW
2025-02-21,0,45965,N.A.,N.A.,B0DJBDWQGW
2025-02-22,0,42619,N.A.,N.A.,B0DJBDWQGW
2025-02-23,0,39273,N.A.,N.A.,B0DJBDWQGW
2025-02-24,0,35927,N.A.,N.A.,B0DJBDWQGW
2025-02-25,0,32581,N.A.,N.A.,B0DJBDWQGW
2025-02-26,1,29235,N.A.,N.A.,B0DJBDWQGW
2025-02-27,1,25888,N.A.,N.A.,B0DJBDWQGW
2025-02-28,1,22542,N.A.,N.A.,B0DJBDWQGW
2025-03-01,1,19196,N.A.,N.A.,B0DJBDWQGW
2025-03-02,1,15850,N.A.,N.A.,B0DJBDWQGW
2025-03-03,1,12504,N.A.,N.A.,B0DJBDWQGW
2025-03-04,2,9158,N.A.,N.A.,B0DJBDWQGW
2025-03-05,3,5812,N.A.,N.A.,B0DJBDWQGW
2025-03-06,1,14418,5,2,B0DJBDWQGW
2025-03-07,1,17049,N.A.,N.A.,B0DJBDWQGW
2025-03-08,1,19680,N.A.,N.A.,B0DJBDWQGW
2025-03-09,1,22311,N.A.,N.A.,B0DJBDWQGW
2025-03-10,1,24943,N.A.,N.A.,B0DJBDWQGW
2025-03-11,1,27574,N.A.,N.A.,B0DJBDWQGW
2025-03-12,0,30205,N.A.,N.A.,B0DJBDWQGW
2025-03-13,0,32836,N.A.,N.A.,B0DJBDWQGW
2025-03-14,0,31127,N.A.,N.A.,B0DJBDWQGW
2025-03-15,1,29417,N.A.,N.A.,B0DJBDWQGW
2025-03-16,1,27708,N.A.,N.A.,B0DJBDWQGW
2025-03-17,1,25999,N.A.,N.A.,B0DJBDWQGW
2025-03-18,1,24290,N.A.,N.A.,B0DJBDWQGW
2025-03-19,1,22580,N.A.,N.A.,B0DJBDWQGW
2025-03-20,1,20871,N.A.,N.A.,B0DJBDWQGW
2025-03-21,1,19579,N.A.,N.A.,B0DJBDWQGW
2025-03-22,1,18287,N.A.,N.A.,B0DJBDWQGW
2025-03-23,1,16995,N.A.,N.A.,B0DJBDWQGW
2025-03-24,1,15702,N.A.,N.A.,B0DJBDWQGW
2025-03-25,1,14410,N.A.,N.A.,B0DJBDWQGW
2025-03-26,1,13118,N.A.,N.A.,B0DJBDWQGW
2025-03-27,2,11826,N.A.,N.A.,B0DJBDWQGW
2025-03-28,1,14707,N.A.,N.A.,B0DJBDWQGW
2025-03-29,1,14084,N.A.,N.A.,B0DJBDWQGW
2025-03-30,1,13460,N.A.,N.A.,B0DJBDWQGW
2025-03-31,1,12837,N.A.,N.A.,B0DJBDWQGW
2025-04-01,2,12214,N.A.,N.A.,B0DJBDWQGW
2025-04-02,2,11591,N.A.,N.A.,B0DJBDWQGW
2025-04-03,2,10967,N.A.,N.A.,B0DJBDWQGW
2025-04-04,2,10344,N.A.,N.A.,B0DJBDWQGW
2025-04-05,1,18732,N.A.,N.A.,B0DJBDWQGW
2025-04-06,1,17085,N.A.,N.A.,B0DJBDWQGW
2025-04-07,1,15439,N.A.,N.A.,B0DJBDWQGW
2025-04-08,1,13792,N.A.,N.A.,B0DJBDWQGW
2025-04-09,2,12145,N.A.,N.A.,B0DJBDWQGW
2025-04-10,2,10498,N.A.,N.A.,B0DJBDWQGW
2025-04-11,2,8852,N.A.,N.A.,B0DJBDWQGW
2025-04-12,3,7205,5,2,B0DJBDWQGW
2025-04-13,5,4263,N.A.,N.A.,B0DJBDWQGW
2025-04-14,3,7715,N.A.,N.A.,B0DJBDWQGW
2025-04-15,4,5118,N.A.,N.A.,B0DJBDWQGW
2025-04-16,10,2041,N.A.,N.A.,B0DJBDWQGW
2025-04-17,6,3334,N.A.,N.A.,B0DJBDWQGW
2025-04-18,6,3528,N.A.,N.A.,B0DJBDWQGW
2025-04-19,3,6562,N.A.,N.A.,B0DJBDWQGW
2025-04-20,2,11186,N.A.,N.A.,B0DJBDWQGW
2025-04-21,2,8933,N.A.,N.A.,B0DJBDWQGW
2025-04-22,2,8940,N.A.,N.A.,B0DJBDWQGW
2025-04-23,2,7875,N.A.,N.A.,B0DJBDWQGW
2025-04-24,2,11794,N.A.,N.A.,B0DJBDWQGW
2025-04-25,6,3625,N.A.,N.A.,B0DJBDWQGW
2025-04-26,4,5257,N.A.,N.A.,B0DJBDWQGW
2025-04-27,3,7006,N.A.,N.A.,B0DJBDWQGW
2025-04-28,3,5892,N.A.,N.A.,B0DJBDWQGW
2025-04-29,2,8935,N.A.,N.A.,B0DJBDWQGW
2025-04-30,1,17723,N.A.,N.A.,B0DJBDWQGW
2025-05-01,1,16169,N.A.,N.A.,B0DJBDWQGW
2025-05-02,1,14614,N.A.,N.A.,B0DJBDWQGW
2025-05-03,1,13060,N.A.,N.A.,B0DJBDWQGW
2025-05-04,2,11505,N.A.,N.A.,B0DJBDWQGW
2025-05-05,2,9951,N.A.,N.A.,B0DJBDWQGW
2025-05-06,2,8396,N.A.,N.A.,B0DJBDWQGW
2025-05-07,3,6842,N.A.,N.A.,B0DJBDWQGW
2025-05-08,6,3397,N.A.,N.A.,B0DJBDWQGW
2025-05-09,6,3729,N.A.,N.A.,B0DJBDWQGW
2025-05-10,3,6716,N.A.,N.A.,B0DJBDWQGW
2025-05-11,3,7401,N.A.,N.A.,B0DJBDWQGW
2025-05-12,3,6030,N.A.,N.A.,B0DJBDWQGW
2025-05-13,2,9344,3.8,4,B0DJBDWQGW
2025-05-14,1,12439,N.A.,N.A.,B0DJBDWQGW
2025-05-15,1,15534,N.A.,N.A.,B0DJBDWQGW
2025-02-17,79,10188,4.7,17919,B07DH9GPKJ
2025-02-18,95,7986,N.A.,N.A.,B07DH9GPKJ
2025-02-19,100,7502,N.A.,N.A.,B07DH9GPKJ
2025-02-20,82,9728,N.A.,N.A.,B07DH9GPKJ
2025-02-21,78,10325,N.A.,N.A.,B07DH9GPKJ
2025-02-22,137,4752,N.A.,N.A.,B07DH9GPKJ
2025-02-23,104,7836,N.A.,N.A.,B07DH9GPKJ
2025-02-24,99,8385,4.7,17930,B07DH9GPKJ
2025-02-25,97,8656,N.A.,N.A.,B07DH9GPKJ
2025-02-26,101,8182,N.A.,N.A.,B07DH9GPKJ
2025-02-27,106,7708,N.A.,N.A.,B07DH9GPKJ
2025-02-28,80,11222,N.A.,N.A.,B07DH9GPKJ
2025-03-01,99,8427,N.A.,N.A.,B07DH9GPKJ
2025-03-02,131,5631,N.A.,N.A.,B07DH9GPKJ
2025-03-03,114,6992,N.A.,N.A.,B07DH9GPKJ
2025-03-04,94,9213,4.7,17939,B07DH9GPKJ
2025-03-05,99,8666,N.A.,N.A.,B07DH9GPKJ
2025-03-06,79,11679,N.A.,N.A.,B07DH9GPKJ
2025-03-07,113,7211,N.A.,N.A.,B07DH9GPKJ
2025-03-08,102,8387,N.A.,N.A.,B07DH9GPKJ
2025-03-09,93,9562,N.A.,N.A.,B07DH9GPKJ
2025-03-10,103,8374,N.A.,N.A.,B07DH9GPKJ
2025-03-11,128,6180,4.7,17942,B07DH9GPKJ
2025-03-12,166,4173,N.A.,N.A.,B07DH9GPKJ
2025-03-13,172,3996,N.A.,N.A.,B07DH9GPKJ
2025-03-14,174,3976,N.A.,N.A.,B07DH9GPKJ
2025-03-15,172,4085,N.A.,N.A.,B07DH9GPKJ
2025-03-16,201,3199,N.A.,N.A.,B07DH9GPKJ
2025-03-17,202,3233,N.A.,N.A.,B07DH9GPKJ
2025-03-18,272,1992,4.7,17948,B07DH9GPKJ
2025-03-19,296,1726,N.A.,N.A.,B07DH9GPKJ
2025-03-20,398,997,N.A.,N.A.,B07DH9GPKJ
2025-03-21,402,990,N.A.,N.A.,B07DH9GPKJ
2025-03-22,421,920,N.A.,N.A.,B07DH9GPKJ
2025-03-23,461,765,N.A.,N.A.,B07DH9GPKJ
2025-03-24,483,690,N.A.,N.A.,B07DH9GPKJ
2025-03-25,402,1011,N.A.,N.A.,B07DH9GPKJ
2025-03-26,381,1130,4.7,17961,B07DH9GPKJ
2025-03-27,313,1653,N.A.,N.A.,B07DH9GPKJ
2025-03-28,290,1902,N.A.,N.A.,B07DH9GPKJ
2025-03-29,280,2049,N.A.,N.A.,B07DH9GPKJ
2025-03-30,281,2038,N.A.,N.A.,B07DH9GPKJ
2025-03-31,283,2002,N.A.,N.A.,B07DH9GPKJ
2025-04-01,263,2294,N.A.,N.A.,B07DH9GPKJ
2025-04-02,244,2610,4.7,17967,B07DH9GPKJ
2025-04-03,232,2851,N.A.,N.A.,B07DH9GPKJ
2025-04-04,227,2944,N.A.,N.A.,B07DH9GPKJ
2025-04-05,239,2705,N.A.,N.A.,B07DH9GPKJ
2025-04-06,251,2462,N.A.,N.A.,B07DH9GPKJ
2025-04-07,237,2729,N.A.,N.A.,B07DH9GPKJ
2025-04-08,233,2795,N.A.,N.A.,B07DH9GPKJ
2025-04-09,217,3184,N.A.,N.A.,B07DH9GPKJ
2025-04-10,213,3276,4.7,17977,B07DH9GPKJ
2025-04-11,241,2644,N.A.,N.A.,B07DH9GPKJ
2025-04-12,269,2152,N.A.,N.A.,B07DH9GPKJ
2025-04-13,272,2111,N.A.,N.A.,B07DH9GPKJ
2025-04-14,244,2610,N.A.,N.A.,B07DH9GPKJ
2025-04-15,267,2220,N.A.,N.A.,B07DH9GPKJ
2025-04-16,235,2801,N.A.,N.A.,B07DH9GPKJ
2025-04-17,217,3208,4.7,17998,B07DH9GPKJ
2025-04-18,218,3214,N.A.,N.A.,B07DH9GPKJ
2025-04-19,237,2794,N.A.,N.A.,B07DH9GPKJ
2025-04-20,245,2650,N.A.,N.A.,B07DH9GPKJ
2025-04-21,271,2222,N.A.,N.A.,B07DH9GPKJ
2025-04-22,319,1633,N.A.,N.A.,B07DH9GPKJ
2025-04-23,368,1233,N.A.,N.A.,B07DH9GPKJ
2025-04-24,381,1145,N.A.,N.A.,B07DH9GPKJ
2025-04-25,400,1033,4.7,18004,B07DH9GPKJ
2025-04-26,412,969,N.A.,N.A.,B07DH9GPKJ
2025-04-27,443,1027,N.A.,N.A.,B07DH9GPKJ
2025-04-28,466,926,N.A.,N.A.,B07DH9GPKJ
2025-04-29,452,984,N.A.,N.A.,B07DH9GPKJ
2025-04-30,429,1097,N.A.,N.A.,B07DH9GPKJ
2025-05-01,385,1355,N.A.,N.A.,B07DH9GPKJ
2025-05-02,401,1252,4.7,18088,B07DH9GPKJ
2025-05-03,395,1291,N.A.,N.A.,B07DH9GPKJ
2025-05-04,407,1216,N.A.,N.A.,B07DH9GPKJ
2025-05-05,383,1368,N.A.,N.A.,B07DH9GPKJ
2025-05-06,375,1423,N.A.,N.A.,B07DH9GPKJ
2025-05-07,350,1622,N.A.,N.A.,B07DH9GPKJ
2025-05-08,349,1631,N.A.,N.A.,B07DH9GPKJ
2025-05-09,307,2050,4.7,18100,B07DH9GPKJ
2025-05-10,282,2372,N.A.,N.A.,B07DH9GPKJ
2025-05-11,311,2006,N.A.,N.A.,B07DH9GPKJ
2025-05-12,377,1410,N.A.,N.A.,B07DH9GPKJ
2025-05-13,376,1417,N.A.,N.A.,B07DH9GPKJ
2025-05-14,371,1451,N.A.,N.A.,B07DH9GPKJ
2025-05-15,365,1494,N.A.,N.A.,B07DH9GPKJ
2025-02-17,425,608,N.A.,N.A.,B0B3HWPBJ1
2025-02-18,377,788,N.A.,N.A.,B0B3HWPBJ1
2025-02-19,392,724,N.A.,N.A.,B0B3HWPBJ1
2025-02-20,435,577,4.6,22418,B0B3HWPBJ1
2025-02-21,453,526,N.A.,N.A.,B0B3HWPBJ1
2025-02-22,446,544,N.A.,N.A.,B0B3HWPBJ1
2025-02-23,454,589,N.A.,N.A.,B0B3HWPBJ1
2025-02-24,418,710,N.A.,N.A.,B0B3HWPBJ1
2025-02-25,439,636,N.A.,N.A.,B0B3HWPBJ1
2025-02-26,469,545,N.A.,N.A.,B0B3HWPBJ1
2025-02-27,479,521,N.A.,N.A.,B0B3HWPBJ1
2025-02-28,488,497,N.A.,N.A.,B0B3HWPBJ1
2025-03-01,492,488,N.A.,N.A.,B0B3HWPBJ1
2025-03-02,482,513,N.A.,N.A.,B0B3HWPBJ1
2025-03-03,484,498,N.A.,N.A.,B0B3HWPBJ1
2025-03-04,454,574,N.A.,N.A.,B0B3HWPBJ1
2025-03-05,449,584,N.A.,N.A.,B0B3HWPBJ1
2025-03-06,471,516,N.A.,N.A.,B0B3HWPBJ1
2025-03-07,447,580,N.A.,N.A.,B0B3HWPBJ1
2025-03-08,428,631,N.A.,N.A.,B0B3HWPBJ1
2025-03-09,428,631,N.A.,N.A.,B0B3HWPBJ1
2025-03-10,415,729,N.A.,N.A.,B0B3HWPBJ1
2025-03-11,439,664,N.A.,N.A.,B0B3HWPBJ1
2025-03-12,477,564,N.A.,N.A.,B0B3HWPBJ1
2025-03-13,480,573,N.A.,N.A.,B0B3HWPBJ1
2025-03-14,487,577,N.A.,N.A.,B0B3HWPBJ1
2025-03-15,499,581,N.A.,N.A.,B0B3HWPBJ1
2025-03-16,490,607,N.A.,N.A.,B0B3HWPBJ1
2025-03-17,492,615,N.A.,N.A.,B0B3HWPBJ1
2025-03-18,447,768,N.A.,N.A.,B0B3HWPBJ1
2025-03-19,452,758,N.A.,N.A.,B0B3HWPBJ1
2025-03-20,454,758,N.A.,N.A.,B0B3HWPBJ1
2025-03-21,450,784,N.A.,N.A.,B0B3HWPBJ1
2025-03-22,485,686,N.A.,N.A.,B0B3HWPBJ1
2025-03-23,517,596,4.6,22867,B0B3HWPBJ1
2025-03-24,506,622,N.A.,N.A.,B0B3HWPBJ1
2025-03-25,607,405,N.A.,N.A.,B0B3HWPBJ1
2025-03-26,597,420,N.A.,N.A.,B0B3HWPBJ1
2025-03-27,632,363,N.A.,N.A.,B0B3HWPBJ1
2025-03-28,626,368,N.A.,N.A.,B0B3HWPBJ1
2025-03-29,634,350,N.A.,N.A.,B0B3HWPBJ1
2025-03-30,576,447,N.A.,N.A.,B0B3HWPBJ1
2025-03-31,548,505,N.A.,N.A.,B0B3HWPBJ1
2025-04-01,544,513,N.A.,N.A.,B0B3HWPBJ1
2025-04-02,484,676,N.A.,N.A.,B0B3HWPBJ1
2025-04-03,468,729,N.A.,N.A.,B0B3HWPBJ1
2025-04-04,466,737,N.A.,N.A.,B0B3HWPBJ1
2025-04-05,455,777,N.A.,N.A.,B0B3HWPBJ1
2025-04-06,421,846,N.A.,N.A.,B0B3HWPBJ1
2025-04-07,402,941,N.A.,N.A.,B0B3HWPBJ1
2025-04-08,383,1049,N.A.,N.A.,B0B3HWPBJ1
2025-04-09,362,1186,N.A.,N.A.,B0B3HWPBJ1
2025-04-10,341,1351,N.A.,N.A.,B0B3HWPBJ1
2025-04-11,372,1117,N.A.,N.A.,B0B3HWPBJ1
2025-04-12,369,1141,N.A.,N.A.,B0B3HWPBJ1
2025-04-13,345,1315,N.A.,N.A.,B0B3HWPBJ1
2025-04-14,323,1536,N.A.,N.A.,B0B3HWPBJ1
2025-04-15,318,1589,N.A.,N.A.,B0B3HWPBJ1
2025-04-16,306,1726,N.A.,N.A.,B0B3HWPBJ1
2025-04-17,287,1958,N.A.,N.A.,B0B3HWPBJ1
2025-04-18,288,1966,N.A.,N.A.,B0B3HWPBJ1
2025-04-19,296,1886,N.A.,N.A.,B0B3HWPBJ1
2025-04-20,307,1764,N.A.,N.A.,B0B3HWPBJ1
2025-04-21,325,1576,N.A.,N.A.,B0B3HWPBJ1
2025-04-22,477,696,N.A.,N.A.,B0B3HWPBJ1
2025-04-23,486,666,4.6,23210,B0B3HWPBJ1
2025-04-24,485,667,N.A.,N.A.,B0B3HWPBJ1
2025-04-25,506,602,N.A.,N.A.,B0B3HWPBJ1
2025-04-26,551,486,N.A.,N.A.,B0B3HWPBJ1
2025-04-27,626,486,N.A.,N.A.,B0B3HWPBJ1
2025-04-28,571,599,N.A.,N.A.,B0B3HWPBJ1
2025-04-29,440,1043,N.A.,N.A.,B0B3HWPBJ1
2025-04-30,388,1332,N.A.,N.A.,B0B3HWPBJ1
2025-05-01,390,1317,N.A.,N.A.,B0B3HWPBJ1
2025-05-02,387,1340,N.A.,N.A.,B0B3HWPBJ1
2025-05-03,364,1504,N.A.,N.A.,B0B3HWPBJ1
2025-05-04,370,1460,N.A.,N.A.,B0B3HWPBJ1
2025-05-05,305,2072,N.A.,N.A.,B0B3HWPBJ1
2025-05-06,318,1924,N.A.,N.A.,B0B3HWPBJ1
2025-05-07,333,1773,N.A.,N.A.,B0B3HWPBJ1
2025-05-08,317,1937,N.A.,N.A.,B0B3HWPBJ1
2025-05-09,316,1945,N.A.,N.A.,B0B3HWPBJ1
2025-05-10,340,1706,N.A.,N.A.,B0B3HWPBJ1
2025-05-11,365,1495,N.A.,N.A.,B0B3HWPBJ1
2025-05-12,319,1921,N.A.,N.A.,B0B3HWPBJ1
2025-05-13,295,2200,N.A.,N.A.,B0B3HWPBJ1
2025-05-14,265,2649,N.A.,N.A.,B0B3HWPBJ1
2025-05-15,358,1550,N.A.,N.A.,B0B3HWPBJ1
2025-02-17,N.A.,N.A.,N.A.,N.A.,B0DN6TLX6X
2025-02-18,N.A.,N.A.,N.A.,N.A.,B0DN6TLX6X
2025-02-19,N.A.,N.A.,N.A.,N.A.,B0DN6TLX6X
2025-02-20,N.A.,N.A.,N.A.,N.A.,B0DN6TLX6X
2025-02-21,N.A.,N.A.,N.A.,N.A.,B0DN6TLX6X
2025-02-22,N.A.,N.A.,N.A.,N.A.,B0DN6TLX6X
2025-02-23,N.A.,N.A.,N.A.,N.A.,B0DN6TLX6X
2025-02-24,N.A.,N.A.,N.A.,N.A.,B0DN6TLX6X
2025-02-25,N.A.,N.A.,N.A.,N.A.,B0DN6TLX6X
2025-02-26,N.A.,N.A.,N.A.,N.A.,B0DN6TLX6X
2025-02-27,N.A.,N.A.,N.A.,N.A.,B0DN6TLX6X
2025-02-28,N.A.,N.A.,N.A.,N.A.,B0DN6TLX6X
2025-03-01,N.A.,N.A.,N.A.,N.A.,B0DN6TLX6X
2025-03-02,N.A.,N.A.,N.A.,N.A.,B0DN6TLX6X
2025-03-03,N.A.,N.A.,N.A.,N.A.,B0DN6TLX6X
2025-03-04,N.A.,N.A.,N.A.,N.A.,B0DN6TLX6X
2025-03-05,N.A.,N.A.,N.A.,N.A.,B0DN6TLX6X
2025-03-06,N.A.,N.A.,N.A.,N.A.,B0DN6TLX6X
2025-03-07,N.A.,N.A.,N.A.,N.A.,B0DN6TLX6X
2025-03-08,N.A.,N.A.,N.A.,N.A.,B0DN6TLX6X
2025-03-09,N.A.,N.A.,N.A.,N.A.,B0DN6TLX6X
2025-03-10,N.A.,N.A.,N.A.,N.A.,B0DN6TLX6X
2025-03-11,N.A.,N.A.,N.A.,N.A.,B0DN6TLX6X
2025-03-12,N.A.,N.A.,N.A.,N.A.,B0DN6TLX6X
2025-03-13,N.A.,N.A.,N.A.,N.A.,B0DN6TLX6X
2025-03-14,0,125250,N.A.,N.A.,B0DN6TLX6X
2025-03-15,0,122650,N.A.,N.A.,B0DN6TLX6X
2025-03-16,0,120050,N.A.,N.A.,B0DN6TLX6X
2025-03-17,0,117450,N.A.,N.A.,B0DN6TLX6X
2025-03-18,0,114850,N.A.,N.A.,B0DN6TLX6X
2025-03-19,0,112249,N.A.,N.A.,B0DN6TLX6X
2025-03-20,0,109649,N.A.,N.A.,B0DN6TLX6X
2025-03-21,0,107049,N.A.,N.A.,B0DN6TLX6X
2025-03-22,0,104449,N.A.,N.A.,B0DN6TLX6X
2025-03-23,0,101849,N.A.,N.A.,B0DN6TLX6X
2025-03-24,0,99249,N.A.,N.A.,B0DN6TLX6X
2025-03-25,0,96649,N.A.,N.A.,B0DN6TLX6X
2025-03-26,0,94049,N.A.,N.A.,B0DN6TLX6X
2025-03-27,0,91449,N.A.,N.A.,B0DN6TLX6X
2025-03-28,0,88848,N.A.,N.A.,B0DN6TLX6X
2025-03-29,0,86248,N.A.,N.A.,B0DN6TLX6X
2025-03-30,0,83648,N.A.,N.A.,B0DN6TLX6X
2025-03-31,0,81048,N.A.,N.A.,B0DN6TLX6X
2025-04-01,0,78448,N.A.,N.A.,B0DN6TLX6X
2025-04-02,0,75848,N.A.,N.A.,B0DN6TLX6X
2025-04-03,0,73248,N.A.,N.A.,B0DN6TLX6X
2025-04-04,0,70648,N.A.,N.A.,B0DN6TLX6X
2025-04-05,0,68048,N.A.,N.A.,B0DN6TLX6X
2025-04-06,0,65448,N.A.,N.A.,B0DN6TLX6X
2025-04-07,0,62847,N.A.,N.A.,B0DN6TLX6X
2025-04-08,0,60247,N.A.,N.A.,B0DN6TLX6X
2025-04-09,0,57647,N.A.,N.A.,B0DN6TLX6X
2025-04-10,0,55047,N.A.,N.A.,B0DN6TLX6X
2025-04-11,0,52447,N.A.,N.A.,B0DN6TLX6X
2025-04-12,0,52975,N.A.,N.A.,B0DN6TLX6X
2025-04-13,0,53502,N.A.,N.A.,B0DN6TLX6X
2025-04-14,0,54030,N.A.,N.A.,B0DN6TLX6X
2025-04-15,0,54557,N.A.,N.A.,B0DN6TLX6X
2025-04-16,0,55085,N.A.,N.A.,B0DN6TLX6X
2025-04-17,0,55612,N.A.,N.A.,B0DN6TLX6X
2025-04-18,0,56140,N.A.,N.A.,B0DN6TLX6X
2025-04-19,0,56668,N.A.,N.A.,B0DN6TLX6X
2025-04-20,0,57195,N.A.,N.A.,B0DN6TLX6X
2025-04-21,0,57723,N.A.,N.A.,B0DN6TLX6X
2025-04-22,0,58250,N.A.,N.A.,B0DN6TLX6X
2025-04-23,0,58778,N.A.,N.A.,B0DN6TLX6X
2025-04-24,0,59305,N.A.,N.A.,B0DN6TLX6X
2025-04-25,0,59833,N.A.,N.A.,B0DN6TLX6X
2025-04-26,0,57573,N.A.,N.A.,B0DN6TLX6X
2025-04-27,0,55313,N.A.,N.A.,B0DN6TLX6X
2025-04-28,0,53053,N.A.,N.A.,B0DN6TLX6X
2025-04-29,0,50793,N.A.,N.A.,B0DN6TLX6X
2025-04-30,0,48533,N.A.,N.A.,B0DN6TLX6X
2025-05-01,0,46273,N.A.,N.A.,B0DN6TLX6X
2025-05-02,0,44013,N.A.,N.A.,B0DN6TLX6X
2025-05-03,0,41753,N.A.,N.A.,B0DN6TLX6X
2025-05-04,0,39493,N.A.,N.A.,B0DN6TLX6X
2025-05-05,0,37233,N.A.,N.A.,B0DN6TLX6X
2025-05-06,0,34973,N.A.,N.A.,B0DN6TLX6X
2025-05-07,0,32713,N.A.,N.A.,B0DN6TLX6X
2025-05-08,0,30453,N.A.,N.A.,B0DN6TLX6X
2025-05-09,1,28193,N.A.,N.A.,B0DN6TLX6X
2025-05-10,1,25933,N.A.,N.A.,B0DN6TLX6X
2025-05-11,1,23673,N.A.,N.A.,B0DN6TLX6X
2025-05-12,1,21413,N.A.,N.A.,B0DN6TLX6X
2025-05-13,1,19153,N.A.,N.A.,B0DN6TLX6X
2025-05-14,1,16893,N.A.,N.A.,B0DN6TLX6X
2025-05-15,1,14633,N.A.,N.A.,B0DN6TLX6X
2025-02-17,N.A.,N.A.,N.A.,N.A.,B07SRM882H
2025-02-18,N.A.,N.A.,N.A.,N.A.,B07SRM882H
2025-02-19,N.A.,N.A.,N.A.,N.A.,B07SRM882H
2025-02-20,N.A.,N.A.,N.A.,N.A.,B07SRM882H
2025-02-21,1,81449,N.A.,N.A.,B07SRM882H
2025-02-22,1,80876,N.A.,N.A.,B07SRM882H
2025-02-23,1,80303,N.A.,N.A.,B07SRM882H
2025-02-24,1,79730,N.A.,N.A.,B07SRM882H
2025-02-25,1,79158,N.A.,N.A.,B07SRM882H
2025-02-26,1,78585,N.A.,N.A.,B07SRM882H
2025-02-27,1,78012,N.A.,N.A.,B07SRM882H
2025-02-28,1,77439,4.2,57,B07SRM882H
2025-03-01,2,72666,N.A.,N.A.,B07SRM882H
2025-03-02,2,67894,N.A.,N.A.,B07SRM882H
2025-03-03,2,63121,N.A.,N.A.,B07SRM882H
2025-03-04,2,58348,N.A.,N.A.,B07SRM882H
2025-03-05,2,53575,N.A.,N.A.,B07SRM882H
2025-03-06,2,48803,N.A.,N.A.,B07SRM882H
2025-03-07,3,44030,N.A.,N.A.,B07SRM882H
2025-03-08,3,37538,N.A.,N.A.,B07SRM882H
2025-03-09,4,31046,N.A.,N.A.,B07SRM882H
2025-03-10,1,73244,N.A.,N.A.,B07SRM882H
2025-03-11,2,68857,N.A.,N.A.,B07SRM882H
2025-03-12,2,64469,N.A.,N.A.,B07SRM882H
2025-03-13,2,60082,N.A.,N.A.,B07SRM882H
2025-03-14,2,55695,N.A.,N.A.,B07SRM882H
2025-03-15,2,51308,N.A.,N.A.,B07SRM882H
2025-03-16,3,46920,N.A.,N.A.,B07SRM882H
2025-03-17,3,42533,N.A.,N.A.,B07SRM882H
2025-03-18,7,19635,N.A.,N.A.,B07SRM882H
2025-03-19,7,19200,N.A.,N.A.,B07SRM882H
2025-03-20,4,32853,N.A.,N.A.,B07SRM882H
2025-03-21,3,46506,N.A.,N.A.,B07SRM882H
2025-03-22,2,60159,N.A.,N.A.,B07SRM882H
2025-03-23,1,73812,N.A.,N.A.,B07SRM882H
2025-03-24,1,87465,N.A.,N.A.,B07SRM882H
2025-03-25,1,101118,N.A.,N.A.,B07SRM882H
2025-03-26,1,114771,N.A.,N.A.,B07SRM882H
2025-03-27,1,128424,N.A.,N.A.,B07SRM882H
2025-03-28,1,142077,N.A.,N.A.,B07SRM882H
2025-03-29,1,155730,N.A.,N.A.,B07SRM882H
2025-03-30,0,169383,N.A.,N.A.,B07SRM882H
2025-03-31,0,183036,N.A.,N.A.,B07SRM882H
2025-04-01,0,196689,N.A.,N.A.,B07SRM882H
2025-04-02,0,210342,N.A.,N.A.,B07SRM882H
2025-04-03,0,223995,N.A.,N.A.,B07SRM882H
2025-04-04,0,237648,N.A.,N.A.,B07SRM882H
2025-04-05,0,251301,N.A.,N.A.,B07SRM882H
2025-04-06,0,264954,N.A.,N.A.,B07SRM882H
2025-04-07,0,278607,N.A.,N.A.,B07SRM882H
2025-04-08,0,292260,N.A.,N.A.,B07SRM882H
2025-04-09,0,305913,N.A.,N.A.,B07SRM882H
2025-04-10,0,319566,N.A.,N.A.,B07SRM882H
2025-04-11,0,333219,N.A.,N.A.,B07SRM882H
2025-04-12,0,346872,N.A.,N.A.,B07SRM882H
2025-04-13,0,360525,N.A.,N.A.,B07SRM882H
2025-04-14,0,374178,N.A.,N.A.,B07SRM882H
2025-04-15,0,387831,N.A.,N.A.,B07SRM882H
2025-04-16,0,401484,N.A.,N.A.,B07SRM882H
2025-04-17,0,415137,N.A.,N.A.,B07SRM882H
2025-04-18,0,428790,N.A.,N.A.,B07SRM882H
2025-04-19,0,442443,N.A.,N.A.,B07SRM882H
2025-04-20,0,456096,N.A.,N.A.,B07SRM882H
2025-04-21,0,469749,N.A.,N.A.,B07SRM882H
2025-04-22,0,483402,N.A.,N.A.,B07SRM882H
2025-04-23,0,497055,N.A.,N.A.,B07SRM882H
2025-04-24,0,510708,N.A.,N.A.,B07SRM882H
2025-04-25,0,524361,N.A.,N.A.,B07SRM882H
2025-04-26,0,538014,N.A.,N.A.,B07SRM882H
2025-04-27,0,551667,N.A.,N.A.,B07SRM882H
2025-04-28,0,565320,N.A.,N.A.,B07SRM882H
2025-04-29,0,578973,N.A.,N.A.,B07SRM882H
2025-04-30,0,592626,N.A.,N.A.,B07SRM882H
2025-05-01,0,606279,N.A.,N.A.,B07SRM882H
2025-05-02,0,619932,N.A.,N.A.,B07SRM882H
2025-05-03,0,633585,N.A.,N.A.,B07SRM882H
2025-05-04,0,647238,N.A.,N.A.,B07SRM882H
2025-05-05,0,660891,N.A.,N.A.,B07SRM882H
2025-05-06,0,674544,N.A.,N.A.,B07SRM882H
2025-05-07,0,688197,N.A.,N.A.,B07SRM882H
2025-05-08,0,701850,N.A.,N.A.,B07SRM882H
2025-05-09,0,715503,N.A.,N.A.,B07SRM882H
2025-05-10,0,729156,N.A.,N.A.,B07SRM882H
2025-05-11,0,742809,N.A.,N.A.,B07SRM882H
2025-05-12,0,756462,N.A.,N.A.,B07SRM882H
2025-05-13,0,770115,N.A.,N.A.,B07SRM882H
2025-05-14,0,783768,N.A.,N.A.,B07SRM882H
2025-05-15,0,797421,N.A.,N.A.,B07SRM882H
2025-02-17,3,6870,N.A.,N.A.,B0CKVSQSR5
2025-02-18,3,6049,N.A.,N.A.,B0CKVSQSR5
2025-02-19,1,12268,N.A.,N.A.,B0CKVSQSR5
2025-02-20,4,5421,N.A.,N.A.,B0CKVSQSR5
2025-02-21,1,12701,N.A.,N.A.,B0CKVSQSR5
2025-02-22,2,11327,N.A.,N.A.,B0CKVSQSR5
2025-02-23,2,9954,N.A.,N.A.,B0CKVSQSR5
2025-02-24,2,8580,N.A.,N.A.,B0CKVSQSR5
2025-02-25,3,7206,N.A.,N.A.,B0CKVSQSR5
2025-02-26,3,5832,N.A.,N.A.,B0CKVSQSR5
2025-02-27,4,4459,N.A.,N.A.,B0CKVSQSR5
2025-02-28,7,3085,N.A.,N.A.,B0CKVSQSR5
2025-03-01,2,8012,N.A.,N.A.,B0CKVSQSR5
2025-03-02,5,3858,N.A.,N.A.,B0CKVSQSR5
2025-03-03,4,4583,N.A.,N.A.,B0CKVSQSR5
2025-03-04,7,3013,N.A.,N.A.,B0CKVSQSR5
2025-03-05,3,6114,N.A.,N.A.,B0CKVSQSR5
2025-03-06,4,5067,4.6,34,B0CKVSQSR5
2025-03-07,2,10499,N.A.,N.A.,B0CKVSQSR5
2025-03-08,3,7182,N.A.,N.A.,B0CKVSQSR5
2025-03-09,2,10751,N.A.,N.A.,B0CKVSQSR5
2025-03-10,2,8356,N.A.,N.A.,B0CKVSQSR5
2025-03-11,1,12382,N.A.,N.A.,B0CKVSQSR5
2025-03-12,2,11989,N.A.,N.A.,B0CKVSQSR5
2025-03-13,2,11597,N.A.,N.A.,B0CKVSQSR5
2025-03-14,2,11204,N.A.,N.A.,B0CKVSQSR5
2025-03-15,2,10811,N.A.,N.A.,B0CKVSQSR5
2025-03-16,2,10418,N.A.,N.A.,B0CKVSQSR5
2025-03-17,2,10026,N.A.,N.A.,B0CKVSQSR5
2025-03-18,2,9633,N.A.,N.A.,B0CKVSQSR5
2025-03-19,2,10958,N.A.,N.A.,B0CKVSQSR5
2025-03-20,2,8588,N.A.,N.A.,B0CKVSQSR5
2025-03-21,3,7352,N.A.,N.A.,B0CKVSQSR5
2025-03-22,2,11247,N.A.,N.A.,B0CKVSQSR5
2025-03-23,1,15446,N.A.,N.A.,B0CKVSQSR5
2025-03-24,1,14567,N.A.,N.A.,B0CKVSQSR5
2025-03-25,1,13688,N.A.,N.A.,B0CKVSQSR5
2025-03-26,1,12809,N.A.,N.A.,B0CKVSQSR5
2025-03-27,2,11931,N.A.,N.A.,B0CKVSQSR5
2025-03-28,2,11052,N.A.,N.A.,B0CKVSQSR5
2025-03-29,2,10173,N.A.,N.A.,B0CKVSQSR5
2025-03-30,2,9294,N.A.,N.A.,B0CKVSQSR5
2025-03-31,1,12355,N.A.,N.A.,B0CKVSQSR5
2025-04-01,3,6847,N.A.,N.A.,B0CKVSQSR5
2025-04-02,1,20818,N.A.,N.A.,B0CKVSQSR5
2025-04-03,1,18627,N.A.,N.A.,B0CKVSQSR5
2025-04-04,1,16437,N.A.,N.A.,B0CKVSQSR5
2025-04-05,1,14246,N.A.,N.A.,B0CKVSQSR5
2025-04-06,2,12055,N.A.,N.A.,B0CKVSQSR5
2025-04-07,2,9864,N.A.,N.A.,B0CKVSQSR5
2025-04-08,3,7674,N.A.,N.A.,B0CKVSQSR5
2025-04-09,4,5483,4.5,40,B0CKVSQSR5
2025-04-10,1,12733,N.A.,N.A.,B0CKVSQSR5
2025-04-11,2,12291,N.A.,N.A.,B0CKVSQSR5
2025-04-12,2,11850,N.A.,N.A.,B0CKVSQSR5
2025-04-13,2,11408,N.A.,N.A.,B0CKVSQSR5
2025-04-14,2,10967,N.A.,N.A.,B0CKVSQSR5
2025-04-15,2,10525,N.A.,N.A.,B0CKVSQSR5
2025-04-16,2,10084,N.A.,N.A.,B0CKVSQSR5
2025-04-17,2,9642,N.A.,N.A.,B0CKVSQSR5
2025-04-18,3,5805,N.A.,N.A.,B0CKVSQSR5
2025-04-19,2,10094,N.A.,N.A.,B0CKVSQSR5
2025-04-20,1,14882,N.A.,N.A.,B0CKVSQSR5
2025-04-21,1,15037,N.A.,N.A.,B0CKVSQSR5
2025-04-22,1,15192,N.A.,N.A.,B0CKVSQSR5
2025-04-23,1,15347,N.A.,N.A.,B0CKVSQSR5
2025-04-24,1,15503,N.A.,N.A.,B0CKVSQSR5
2025-04-25,1,15658,N.A.,N.A.,B0CKVSQSR5
2025-04-26,1,15813,N.A.,N.A.,B0CKVSQSR5
2025-04-27,1,15968,N.A.,N.A.,B0CKVSQSR5
2025-04-28,1,17400,N.A.,N.A.,B0CKVSQSR5
2025-04-29,1,18832,N.A.,N.A.,B0CKVSQSR5
2025-04-30,1,20264,N.A.,N.A.,B0CKVSQSR5
2025-05-01,1,21697,N.A.,N.A.,B0CKVSQSR5
2025-05-02,1,23129,N.A.,N.A.,B0CKVSQSR5
2025-05-03,1,24561,N.A.,N.A.,B0CKVSQSR5
2025-05-04,1,25993,N.A.,N.A.,B0CKVSQSR5
2025-05-05,1,23484,N.A.,N.A.,B0CKVSQSR5
2025-05-06,1,20974,N.A.,N.A.,B0CKVSQSR5
2025-05-07,1,18465,N.A.,N.A.,B0CKVSQSR5
2025-05-08,1,15955,N.A.,N.A.,B0CKVSQSR5
2025-05-09,1,13446,N.A.,N.A.,B0CKVSQSR5
2025-05-10,2,10936,N.A.,N.A.,B0CKVSQSR5
2025-05-11,2,8427,4.5,52,B0CKVSQSR5
2025-05-12,1,18064,N.A.,N.A.,B0CKVSQSR5
2025-05-13,1,27701,N.A.,N.A.,B0CKVSQSR5
2025-05-14,0,37338,N.A.,N.A.,B0CKVSQSR5
2025-05-15,0,46975,N.A.,N.A.,B0CKVSQSR5
2025-02-17,415,641,N.A.,N.A.,B0B3HVV375
2025-02-18,389,735,N.A.,N.A.,B0B3HVV375
2025-02-19,381,770,N.A.,N.A.,B0B3HVV375
2025-02-20,430,592,N.A.,N.A.,B0B3HVV375
2025-02-21,444,550,N.A.,N.A.,B0B3HVV375
2025-02-22,442,557,N.A.,N.A.,B0B3HVV375
2025-02-23,454,589,4.6,22453,B0B3HVV375
2025-02-24,424,687,N.A.,N.A.,B0B3HVV375
2025-02-25,439,634,N.A.,N.A.,B0B3HVV375
2025-02-26,449,602,N.A.,N.A.,B0B3HVV375
2025-02-27,477,524,N.A.,N.A.,B0B3HVV375
2025-02-28,494,484,N.A.,N.A.,B0B3HVV375
2025-03-01,495,480,N.A.,N.A.,B0B3HVV375
2025-03-02,481,515,4.6,22543,B0B3HVV375
2025-03-03,466,544,N.A.,N.A.,B0B3HVV375
2025-03-04,465,540,N.A.,N.A.,B0B3HVV375
2025-03-05,451,578,N.A.,N.A.,B0B3HVV375
2025-03-06,475,506,N.A.,N.A.,B0B3HVV375
2025-03-07,464,528,N.A.,N.A.,B0B3HVV375
2025-03-08,436,604,N.A.,N.A.,B0B3HVV375
2025-03-09,433,616,N.A.,N.A.,B0B3HVV375
2025-03-10,417,721,4.6,22715,B0B3HVV375
2025-03-11,442,655,N.A.,N.A.,B0B3HVV375
2025-03-12,409,797,N.A.,N.A.,B0B3HVV375
2025-03-13,462,624,N.A.,N.A.,B0B3HVV375
2025-03-14,468,629,N.A.,N.A.,B0B3HVV375
2025-03-15,494,595,N.A.,N.A.,B0B3HVV375
2025-03-16,488,611,N.A.,N.A.,B0B3HVV375
2025-03-17,465,695,N.A.,N.A.,B0B3HVV375
2025-03-18,449,762,4.6,22797,B0B3HVV375
2025-03-19,452,758,N.A.,N.A.,B0B3HVV375
2025-03-20,449,778,N.A.,N.A.,B0B3HVV375
2025-03-21,449,787,N.A.,N.A.,B0B3HVV375
2025-03-22,476,715,N.A.,N.A.,B0B3HVV375
2025-03-23,520,589,N.A.,N.A.,B0B3HVV375
2025-03-24,483,690,N.A.,N.A.,B0B3HVV375
2025-03-25,565,481,N.A.,N.A.,B0B3HVV375
2025-03-26,592,429,4.6,22896,B0B3HVV375
2025-03-27,617,385,N.A.,N.A.,B0B3HVV375
2025-03-28,616,383,N.A.,N.A.,B0B3HVV375
2025-03-29,618,375,N.A.,N.A.,B0B3HVV375
2025-03-30,566,467,N.A.,N.A.,B0B3HVV375
2025-03-31,535,534,N.A.,N.A.,B0B3HVV375
2025-04-01,528,552,N.A.,N.A.,B0B3HVV375
2025-04-02,472,714,4.6,22965,B0B3HVV375
2025-04-03,455,777,N.A.,N.A.,B0B3HVV375
2025-04-04,453,783,N.A.,N.A.,B0B3HVV375
2025-04-05,434,862,N.A.,N.A.,B0B3HVV375
2025-04-06,420,848,N.A.,N.A.,B0B3HVV375
2025-04-07,382,1053,N.A.,N.A.,B0B3HVV375
2025-04-08,375,1102,N.A.,N.A.,B0B3HVV375
2025-04-09,342,1340,4.6,23038,B0B3HVV375
2025-04-10,340,1357,N.A.,N.A.,B0B3HVV375
2025-04-11,359,1205,N.A.,N.A.,B0B3HVV375
2025-04-12,356,1232,N.A.,N.A.,B0B3HVV375
2025-04-13,332,1429,N.A.,N.A.,B0B3HVV375
2025-04-14,315,1607,N.A.,N.A.,B0B3HVV375
2025-04-15,316,1617,N.A.,N.A.,B0B3HVV375
2025-04-16,290,1920,N.A.,N.A.,B0B3HVV375
2025-04-17,278,2082,4.6,23142,B0B3HVV375
2025-04-18,292,1914,N.A.,N.A.,B0B3HVV375
2025-04-19,292,1929,N.A.,N.A.,B0B3HVV375
2025-04-20,295,1897,N.A.,N.A.,B0B3HVV375
2025-04-21,316,1662,N.A.,N.A.,B0B3HVV375
2025-04-22,491,650,N.A.,N.A.,B0B3HVV375
2025-04-23,503,613,N.A.,N.A.,B0B3HVV375
2025-04-24,485,667,4.6,23216,B0B3HVV375
2025-04-25,496,633,N.A.,N.A.,B0B3HVV375
2025-04-26,551,486,N.A.,N.A.,B0B3HVV375
2025-04-27,590,556,N.A.,N.A.,B0B3HVV375
2025-04-28,553,643,N.A.,N.A.,B0B3HVV375
2025-04-29,432,1081,N.A.,N.A.,B0B3HVV375
2025-04-30,384,1360,N.A.,N.A.,B0B3HVV375
2025-05-01,371,1453,N.A.,N.A.,B0B3HVV375
2025-05-02,374,1429,4.6,23306,B0B3HVV375
2025-05-03,368,1476,N.A.,N.A.,B0B3HVV375
2025-05-04,352,1601,N.A.,N.A.,B0B3HVV375
2025-05-05,305,2080,N.A.,N.A.,B0B3HVV375
2025-05-06,302,2108,N.A.,N.A.,B0B3HVV375
2025-05-07,317,1933,N.A.,N.A.,B0B3HVV375
2025-05-08,313,1980,N.A.,N.A.,B0B3HVV375
2025-05-09,298,2156,N.A.,N.A.,B0B3HVV375
2025-05-10,345,1666,4.6,23402,B0B3HVV375
2025-05-11,351,1612,N.A.,N.A.,B0B3HVV375
2025-05-12,309,2028,N.A.,N.A.,B0B3HVV375
2025-05-13,291,2252,N.A.,N.A.,B0B3HVV375
2025-05-14,264,2660,N.A.,N.A.,B0B3HVV375
2025-05-15,318,1932,N.A.,N.A.,B0B3HVV375
2025-02-17,291,1326,N.A.,N.A.,B07C5KBBGN
2025-02-18,280,1424,N.A.,N.A.,B07C5KBBGN
2025-02-19,300,1246,N.A.,N.A.,B07C5KBBGN
2025-02-20,316,1128,4.6,23874,B07C5KBBGN
2025-02-21,302,1235,N.A.,N.A.,B07C5KBBGN
2025-02-22,299,1256,N.A.,N.A.,B07C5KBBGN
2025-02-23,346,1057,N.A.,N.A.,B07C5KBBGN
2025-02-24,318,1250,N.A.,N.A.,B07C5KBBGN
2025-02-25,333,1145,N.A.,N.A.,B07C5KBBGN
2025-02-26,336,1122,N.A.,N.A.,B07C5KBBGN
2025-02-27,397,791,N.A.,N.A.,B07C5KBBGN
2025-02-28,413,727,N.A.,N.A.,B07C5KBBGN
2025-03-01,434,651,N.A.,N.A.,B07C5KBBGN
2025-03-02,413,728,N.A.,N.A.,B07C5KBBGN
2025-03-03,416,705,N.A.,N.A.,B07C5KBBGN
2025-03-04,421,682,N.A.,N.A.,B07C5KBBGN
2025-03-05,403,749,N.A.,N.A.,B07C5KBBGN
2025-03-06,412,708,N.A.,N.A.,B07C5KBBGN
2025-03-07,400,753,N.A.,N.A.,B07C5KBBGN
2025-03-08,411,696,N.A.,N.A.,B07C5KBBGN
2025-03-09,426,638,N.A.,N.A.,B07C5KBBGN
2025-03-10,450,602,N.A.,N.A.,B07C5KBBGN
2025-03-11,471,565,N.A.,N.A.,B07C5KBBGN
2025-03-12,466,596,N.A.,N.A.,B07C5KBBGN
2025-03-13,489,549,N.A.,N.A.,B07C5KBBGN
2025-03-14,526,483,N.A.,N.A.,B07C5KBBGN
2025-03-15,597,384,N.A.,N.A.,B07C5KBBGN
2025-03-16,564,441,N.A.,N.A.,B07C5KBBGN
2025-03-17,542,496,N.A.,N.A.,B07C5KBBGN
2025-03-18,557,474,N.A.,N.A.,B07C5KBBGN
2025-03-19,568,457,N.A.,N.A.,B07C5KBBGN
2025-03-20,578,444,N.A.,N.A.,B07C5KBBGN
2025-03-21,577,454,N.A.,N.A.,B07C5KBBGN
2025-03-22,563,493,N.A.,N.A.,B07C5KBBGN
2025-03-23,622,390,4.6,23972,B07C5KBBGN
2025-03-24,557,501,N.A.,N.A.,B07C5KBBGN
2025-03-25,631,368,N.A.,N.A.,B07C5KBBGN
2025-03-26,694,287,N.A.,N.A.,B07C5KBBGN
2025-03-27,692,287,N.A.,N.A.,B07C5KBBGN
2025-03-28,707,267,N.A.,N.A.,B07C5KBBGN
2025-03-29,758,215,N.A.,N.A.,B07C5KBBGN
2025-03-30,768,207,N.A.,N.A.,B07C5KBBGN
2025-03-31,760,213,N.A.,N.A.,B07C5KBBGN
2025-04-01,714,254,N.A.,N.A.,B07C5KBBGN
2025-04-02,690,280,N.A.,N.A.,B07C5KBBGN
2025-04-03,638,345,N.A.,N.A.,B07C5KBBGN
2025-04-04,636,347,N.A.,N.A.,B07C5KBBGN
2025-04-05,652,325,N.A.,N.A.,B07C5KBBGN
2025-04-06,589,352,N.A.,N.A.,B07C5KBBGN
2025-04-07,542,445,N.A.,N.A.,B07C5KBBGN
2025-04-08,521,495,N.A.,N.A.,B07C5KBBGN
2025-04-09,515,512,N.A.,N.A.,B07C5KBBGN
2025-04-10,544,440,N.A.,N.A.,B07C5KBBGN
2025-04-11,528,477,N.A.,N.A.,B07C5KBBGN
2025-04-12,559,409,N.A.,N.A.,B07C5KBBGN
2025-04-13,560,407,N.A.,N.A.,B07C5KBBGN
2025-04-14,565,411,N.A.,N.A.,B07C5KBBGN
2025-04-15,535,487,N.A.,N.A.,B07C5KBBGN
2025-04-16,545,470,N.A.,N.A.,B07C5KBBGN
2025-04-17,550,465,N.A.,N.A.,B07C5KBBGN
2025-04-18,554,466,N.A.,N.A.,B07C5KBBGN
2025-04-19,607,377,N.A.,N.A.,B07C5KBBGN
2025-04-20,597,394,N.A.,N.A.,B07C5KBBGN
2025-04-21,601,387,N.A.,N.A.,B07C5KBBGN
2025-04-22,618,359,4.6,24238,B07C5KBBGN
2025-04-23,607,377,N.A.,N.A.,B07C5KBBGN
2025-04-24,700,250,N.A.,N.A.,B07C5KBBGN
2025-04-25,686,266,N.A.,N.A.,B07C5KBBGN
2025-04-26,676,277,N.A.,N.A.,B07C5KBBGN
2025-04-27,814,253,N.A.,N.A.,B07C5KBBGN
2025-04-28,809,257,N.A.,N.A.,B07C5KBBGN
2025-04-29,747,316,N.A.,N.A.,B07C5KBBGN
2025-04-30,833,238,N.A.,N.A.,B07C5KBBGN
2025-05-01,828,242,N.A.,N.A.,B07C5KBBGN
2025-05-02,837,235,N.A.,N.A.,B07C5KBBGN
2025-05-03,846,228,N.A.,N.A.,B07C5KBBGN
2025-05-04,800,265,N.A.,N.A.,B07C5KBBGN
2025-05-05,767,295,N.A.,N.A.,B07C5KBBGN
2025-05-06,725,340,N.A.,N.A.,B07C5KBBGN
2025-05-07,762,300,N.A.,N.A.,B07C5KBBGN
2025-05-08,753,310,N.A.,N.A.,B07C5KBBGN
2025-05-09,743,320,N.A.,N.A.,B07C5KBBGN
2025-05-10,765,297,N.A.,N.A.,B07C5KBBGN
2025-05-11,746,317,N.A.,N.A.,B07C5KBBGN
2025-05-12,780,283,N.A.,N.A.,B07C5KBBGN
2025-05-13,795,269,N.A.,N.A.,B07C5KBBGN
2025-05-14,745,318,N.A.,N.A.,B07C5KBBGN
2025-05-15,749,314,N.A.,N.A.,B07C5KBBGN
2025-02-17,1034,51,N.A.,N.A.,B0C7ZBNWL5
2025-02-18,1023,53,N.A.,N.A.,B0C7ZBNWL5
2025-02-19,1077,44,N.A.,N.A.,B0C7ZBNWL5
2025-02-20,1172,32,N.A.,N.A.,B0C7ZBNWL5
2025-02-21,1427,14,4.3,4565,B0C7ZBNWL5
2025-02-22,1301,21,N.A.,N.A.,B0C7ZBNWL5
2025-02-23,1344,20,N.A.,N.A.,B0C7ZBNWL5
2025-02-24,1242,28,N.A.,N.A.,B0C7ZBNWL5
2025-02-25,1558,10,N.A.,N.A.,B0C7ZBNWL5
2025-02-26,1302,23,N.A.,N.A.,B0C7ZBNWL5
2025-02-27,1175,35,N.A.,N.A.,B0C7ZBNWL5
2025-02-28,1088,47,N.A.,N.A.,B0C7ZBNWL5
2025-03-01,1065,51,N.A.,N.A.,B0C7ZBNWL5
2025-03-02,1022,59,N.A.,N.A.,B0C7ZBNWL5
2025-03-03,946,72,N.A.,N.A.,B0C7ZBNWL5
2025-03-04,924,75,N.A.,N.A.,B0C7ZBNWL5
2025-03-05,906,78,N.A.,N.A.,B0C7ZBNWL5
2025-03-06,892,80,N.A.,N.A.,B0C7ZBNWL5
2025-03-07,952,60,N.A.,N.A.,B0C7ZBNWL5
2025-03-08,1034,39,N.A.,N.A.,B0C7ZBNWL5
2025-03-09,931,60,N.A.,N.A.,B0C7ZBNWL5
2025-03-10,941,71,N.A.,N.A.,B0C7ZBNWL5
2025-03-11,1348,19,N.A.,N.A.,B0C7ZBNWL5
2025-03-12,1456,15,N.A.,N.A.,B0C7ZBNWL5
2025-03-13,1148,45,N.A.,N.A.,B0C7ZBNWL5
2025-03-14,1013,78,N.A.,N.A.,B0C7ZBNWL5
2025-03-15,981,100,N.A.,N.A.,B0C7ZBNWL5
2025-03-16,969,104,N.A.,N.A.,B0C7ZBNWL5
2025-03-17,946,116,N.A.,N.A.,B0C7ZBNWL5
2025-03-18,949,117,N.A.,N.A.,B0C7ZBNWL5
2025-03-19,1035,91,N.A.,N.A.,B0C7ZBNWL5
2025-03-20,930,128,N.A.,N.A.,B0C7ZBNWL5
2025-03-21,959,119,N.A.,N.A.,B0C7ZBNWL5
2025-03-22,975,117,N.A.,N.A.,B0C7ZBNWL5
2025-03-23,987,113,N.A.,N.A.,B0C7ZBNWL5
2025-03-24,1501,24,4.3,5163,B0C7ZBNWL5
2025-03-25,1414,29,N.A.,N.A.,B0C7ZBNWL5
2025-03-26,1319,37,N.A.,N.A.,B0C7ZBNWL5
2025-03-27,1317,36,N.A.,N.A.,B0C7ZBNWL5
2025-03-28,1259,41,N.A.,N.A.,B0C7ZBNWL5
2025-03-29,1167,51,N.A.,N.A.,B0C7ZBNWL5
2025-03-30,1178,49,N.A.,N.A.,B0C7ZBNWL5
2025-03-31,1161,52,N.A.,N.A.,B0C7ZBNWL5
2025-04-01,1138,56,N.A.,N.A.,B0C7ZBNWL5
2025-04-02,1022,83,N.A.,N.A.,B0C7ZBNWL5
2025-04-03,1255,38,N.A.,N.A.,B0C7ZBNWL5
2025-04-04,1022,83,N.A.,N.A.,B0C7ZBNWL5
2025-04-05,999,90,N.A.,N.A.,B0C7ZBNWL5
2025-04-06,832,111,N.A.,N.A.,B0C7ZBNWL5
2025-04-07,787,137,N.A.,N.A.,B0C7ZBNWL5
2025-04-08,773,146,N.A.,N.A.,B0C7ZBNWL5
2025-04-09,739,171,N.A.,N.A.,B0C7ZBNWL5
2025-04-10,723,185,N.A.,N.A.,B0C7ZBNWL5
2025-04-11,673,234,N.A.,N.A.,B0C7ZBNWL5
2025-04-12,848,103,N.A.,N.A.,B0C7ZBNWL5
2025-04-13,712,195,N.A.,N.A.,B0C7ZBNWL5
2025-04-14,697,220,N.A.,N.A.,B0C7ZBNWL5
2025-04-15,944,75,N.A.,N.A.,B0C7ZBNWL5
2025-04-16,1062,46,N.A.,N.A.,B0C7ZBNWL5
2025-04-17,1120,37,N.A.,N.A.,B0C7ZBNWL5
2025-04-18,1160,33,N.A.,N.A.,B0C7ZBNWL5
2025-04-19,1257,24,N.A.,N.A.,B0C7ZBNWL5
2025-04-20,1230,27,N.A.,N.A.,B0C7ZBNWL5
2025-04-21,1248,25,N.A.,N.A.,B0C7ZBNWL5
2025-04-22,1323,18,N.A.,N.A.,B0C7ZBNWL5
2025-04-23,984,76,N.A.,N.A.,B0C7ZBNWL5
2025-04-24,866,124,4.3,5721,B0C7ZBNWL5
2025-04-25,830,144,N.A.,N.A.,B0C7ZBNWL5
2025-04-26,765,189,N.A.,N.A.,B0C7ZBNWL5
2025-04-27,871,211,N.A.,N.A.,B0C7ZBNWL5
2025-04-28,816,251,N.A.,N.A.,B0C7ZBNWL5
2025-04-29,797,267,N.A.,N.A.,B0C7ZBNWL5
2025-04-30,755,307,N.A.,N.A.,B0C7ZBNWL5
2025-05-01,1222,76,N.A.,N.A.,B0C7ZBNWL5
2025-05-02,844,230,N.A.,N.A.,B0C7ZBNWL5
2025-05-03,778,285,N.A.,N.A.,B0C7ZBNWL5
2025-05-04,734,330,N.A.,N.A.,B0C7ZBNWL5
2025-05-05,1208,79,N.A.,N.A.,B0C7ZBNWL5
2025-05-06,1198,81,N.A.,N.A.,B0C7ZBNWL5
2025-05-07,878,206,N.A.,N.A.,B0C7ZBNWL5
2025-05-08,738,326,N.A.,N.A.,B0C7ZBNWL5
2025-05-09,726,339,N.A.,N.A.,B0C7ZBNWL5
2025-05-10,700,372,N.A.,N.A.,B0C7ZBNWL5
2025-05-11,638,464,N.A.,N.A.,B0C7ZBNWL5
2025-05-12,809,257,N.A.,N.A.,B0C7ZBNWL5
2025-05-13,1194,82,N.A.,N.A.,B0C7ZBNWL5
2025-05-14,939,171,N.A.,N.A.,B0C7ZBNWL5
2025-05-15,1119,101,N.A.,N.A.,B0C7ZBNWL5
2025-02-17,715,51,N.A.,N.A.,B092XMWXK7
2025-02-18,702,53,N.A.,N.A.,B092XMWXK7
2025-02-19,709,52,N.A.,N.A.,B092XMWXK7
2025-02-20,702,53,N.A.,N.A.,B092XMWXK7
2025-02-21,690,55,N.A.,N.A.,B092XMWXK7
2025-02-22,685,56,N.A.,N.A.,B092XMWXK7
2025-02-23,679,57,4.6,11073,B092XMWXK7
2025-02-24,766,44,N.A.,N.A.,B092XMWXK7
2025-02-25,800,40,N.A.,N.A.,B092XMWXK7
2025-02-26,819,38,N.A.,N.A.,B092XMWXK7
2025-02-27,839,36,N.A.,N.A.,B092XMWXK7
2025-02-28,811,39,N.A.,N.A.,B092XMWXK7
2025-03-01,812,39,N.A.,N.A.,B092XMWXK7
2025-03-02,812,39,4.6,11138,B092XMWXK7
2025-03-03,803,40,N.A.,N.A.,B092XMWXK7
2025-03-04,803,40,N.A.,N.A.,B092XMWXK7
2025-03-05,831,37,N.A.,N.A.,B092XMWXK7
2025-03-06,794,41,N.A.,N.A.,B092XMWXK7
2025-03-07,821,38,N.A.,N.A.,B092XMWXK7
2025-03-08,777,43,N.A.,N.A.,B092XMWXK7
2025-03-09,705,48,4.6,11186,B092XMWXK7
2025-03-10,724,45,N.A.,N.A.,B092XMWXK7
2025-03-11,738,43,N.A.,N.A.,B092XMWXK7
2025-03-12,761,40,N.A.,N.A.,B092XMWXK7
2025-03-13,777,38,N.A.,N.A.,B092XMWXK7
2025-03-14,794,36,N.A.,N.A.,B092XMWXK7
2025-03-15,769,39,N.A.,N.A.,B092XMWXK7
2025-03-16,795,36,N.A.,N.A.,B092XMWXK7
2025-03-17,851,32,4.6,11266,B092XMWXK7
2025-03-18,830,35,N.A.,N.A.,B092XMWXK7
2025-03-19,847,34,N.A.,N.A.,B092XMWXK7
2025-03-20,844,35,N.A.,N.A.,B092XMWXK7
2025-03-21,854,35,N.A.,N.A.,B092XMWXK7
2025-03-22,841,38,N.A.,N.A.,B092XMWXK7
2025-03-23,881,34,N.A.,N.A.,B092XMWXK7
2025-03-24,815,41,4.6,11318,B092XMWXK7
2025-03-25,791,44,N.A.,N.A.,B092XMWXK7
2025-03-26,702,58,N.A.,N.A.,B092XMWXK7
2025-03-27,702,58,N.A.,N.A.,B092XMWXK7
2025-03-28,702,58,N.A.,N.A.,B092XMWXK7
2025-03-29,686,61,N.A.,N.A.,B092XMWXK7
2025-03-30,616,56,N.A.,N.A.,B092XMWXK7
2025-03-31,634,52,4.6,11371,B092XMWXK7
2025-04-01,625,54,N.A.,N.A.,B092XMWXK7
2025-04-02,681,43,N.A.,N.A.,B092XMWXK7
2025-04-03,706,39,N.A.,N.A.,B092XMWXK7
2025-04-04,687,42,N.A.,N.A.,B092XMWXK7
2025-04-05,719,37,N.A.,N.A.,B092XMWXK7
2025-04-06,741,34,N.A.,N.A.,B092XMWXK7
2025-04-07,741,34,N.A.,N.A.,B092XMWXK7
2025-04-08,712,38,4.6,11429,B092XMWXK7
2025-04-09,726,36,N.A.,N.A.,B092XMWXK7
2025-04-10,726,36,N.A.,N.A.,B092XMWXK7
2025-04-11,734,35,N.A.,N.A.,B092XMWXK7
2025-04-12,654,48,N.A.,N.A.,B092XMWXK7
2025-04-13,647,51,N.A.,N.A.,B092XMWXK7
2025-04-14,636,55,N.A.,N.A.,B092XMWXK7
2025-04-15,667,50,N.A.,N.A.,B092XMWXK7
2025-04-16,703,45,4.6,12063,B092XMWXK7
2025-04-17,700,47,N.A.,N.A.,B092XMWXK7
2025-04-18,681,52,N.A.,N.A.,B092XMWXK7
2025-04-19,668,56,N.A.,N.A.,B092XMWXK7
2025-04-20,707,50,N.A.,N.A.,B092XMWXK7
2025-04-21,766,42,N.A.,N.A.,B092XMWXK7
2025-04-22,806,38,N.A.,N.A.,B092XMWXK7
2025-04-23,832,36,N.A.,N.A.,B092XMWXK7
2025-04-24,851,35,4.6,12140,B092XMWXK7
2025-04-25,852,36,N.A.,N.A.,B092XMWXK7
2025-04-26,861,36,N.A.,N.A.,B092XMWXK7
2025-04-27,819,42,N.A.,N.A.,B092XMWXK7
2025-04-28,862,37,N.A.,N.A.,B092XMWXK7
2025-04-29,852,38,N.A.,N.A.,B092XMWXK7
2025-04-30,827,41,N.A.,N.A.,B092XMWXK7
2025-05-01,811,43,N.A.,N.A.,B092XMWXK7
2025-05-02,827,41,4.6,12186,B092XMWXK7
2025-05-03,789,46,N.A.,N.A.,B092XMWXK7
2025-05-04,756,51,N.A.,N.A.,B092XMWXK7
2025-05-05,804,44,N.A.,N.A.,B092XMWXK7
2025-05-06,835,40,N.A.,N.A.,B092XMWXK7
2025-05-07,881,35,N.A.,N.A.,B092XMWXK7
2025-05-08,912,32,N.A.,N.A.,B092XMWXK7
2025-05-09,912,32,4.6,12244,B092XMWXK7
2025-05-10,827,41,N.A.,N.A.,B092XMWXK7
2025-05-11,782,47,N.A.,N.A.,B092XMWXK7
2025-05-12,811,43,N.A.,N.A.,B092XMWXK7
2025-05-13,852,38,N.A.,N.A.,B092XMWXK7
2025-05-14,844,39,N.A.,N.A.,B092XMWXK7
2025-05-15,852,38,N.A.,N.A.,B092XMWXK7
2025-02-17,3,6004,N.A.,N.A.,B0DBQRJ2SQ
2025-02-18,2,8128,N.A.,N.A.,B0DBQRJ2SQ
2025-02-19,6,3493,N.A.,N.A.,B0DBQRJ2SQ
2025-02-20,2,9503,N.A.,N.A.,B0DBQRJ2SQ
2025-02-21,3,6694,N.A.,N.A.,B0DBQRJ2SQ
2025-02-22,6,3158,N.A.,N.A.,B0DBQRJ2SQ
2025-02-23,5,3855,N.A.,N.A.,B0DBQRJ2SQ
2025-02-24,5,4383,N.A.,N.A.,B0DBQRJ2SQ
2025-02-25,4,4910,N.A.,N.A.,B0DBQRJ2SQ
2025-02-26,4,5438,N.A.,N.A.,B0DBQRJ2SQ
2025-02-27,5,3902,4.6,33,B0DBQRJ2SQ
2025-02-28,3,6751,N.A.,N.A.,B0DBQRJ2SQ
2025-03-01,2,9080,N.A.,N.A.,B0DBQRJ2SQ
2025-03-02,2,10422,N.A.,N.A.,B0DBQRJ2SQ
2025-03-03,2,11867,N.A.,N.A.,B0DBQRJ2SQ
2025-03-04,2,9356,N.A.,N.A.,B0DBQRJ2SQ
2025-03-05,2,11243,N.A.,N.A.,B0DBQRJ2SQ
2025-03-06,7,2744,N.A.,N.A.,B0DBQRJ2SQ
2025-03-07,4,5386,N.A.,N.A.,B0DBQRJ2SQ
2025-03-08,3,6127,N.A.,N.A.,B0DBQRJ2SQ
2025-03-09,1,12166,N.A.,N.A.,B0DBQRJ2SQ
2025-03-10,3,6633,N.A.,N.A.,B0DBQRJ2SQ
2025-03-11,2,10675,N.A.,N.A.,B0DBQRJ2SQ
2025-03-12,1,12995,N.A.,N.A.,B0DBQRJ2SQ
2025-03-13,2,12024,N.A.,N.A.,B0DBQRJ2SQ
2025-03-14,2,11054,N.A.,N.A.,B0DBQRJ2SQ
2025-03-15,2,10083,N.A.,N.A.,B0DBQRJ2SQ
2025-03-16,2,9113,N.A.,N.A.,B0DBQRJ2SQ
2025-03-17,2,8142,N.A.,N.A.,B0DBQRJ2SQ
2025-03-18,3,7172,N.A.,N.A.,B0DBQRJ2SQ
2025-03-19,3,6201,N.A.,N.A.,B0DBQRJ2SQ
2025-03-20,4,5097,N.A.,N.A.,B0DBQRJ2SQ
2025-03-21,1,14334,N.A.,N.A.,B0DBQRJ2SQ
2025-03-22,1,12970,N.A.,N.A.,B0DBQRJ2SQ
2025-03-23,2,11607,N.A.,N.A.,B0DBQRJ2SQ
2025-03-24,2,10243,N.A.,N.A.,B0DBQRJ2SQ
2025-03-25,2,8880,N.A.,N.A.,B0DBQRJ2SQ
2025-03-26,3,7516,N.A.,N.A.,B0DBQRJ2SQ
2025-03-27,3,6153,N.A.,N.A.,B0DBQRJ2SQ
2025-03-28,4,4789,N.A.,N.A.,B0DBQRJ2SQ
2025-03-29,2,9763,4.6,35,B0DBQRJ2SQ
2025-03-30,2,10584,N.A.,N.A.,B0DBQRJ2SQ
2025-03-31,3,6250,N.A.,N.A.,B0DBQRJ2SQ
2025-04-01,2,8049,N.A.,N.A.,B0DBQRJ2SQ
2025-04-02,1,17443,N.A.,N.A.,B0DBQRJ2SQ
2025-04-03,1,16197,N.A.,N.A.,B0DBQRJ2SQ
2025-04-04,1,14951,N.A.,N.A.,B0DBQRJ2SQ
2025-04-05,1,13705,N.A.,N.A.,B0DBQRJ2SQ
2025-04-06,1,12460,N.A.,N.A.,B0DBQRJ2SQ
2025-04-07,2,11214,N.A.,N.A.,B0DBQRJ2SQ
2025-04-08,2,9968,N.A.,N.A.,B0DBQRJ2SQ
2025-04-09,2,8722,N.A.,N.A.,B0DBQRJ2SQ
2025-04-10,5,4230,N.A.,N.A.,B0DBQRJ2SQ
2025-04-11,2,9110,N.A.,N.A.,B0DBQRJ2SQ
2025-04-12,3,6821,N.A.,N.A.,B0DBQRJ2SQ
2025-04-13,3,6067,N.A.,N.A.,B0DBQRJ2SQ
2025-04-14,3,7967,N.A.,N.A.,B0DBQRJ2SQ
2025-04-15,4,5269,N.A.,N.A.,B0DBQRJ2SQ
2025-04-16,4,5313,N.A.,N.A.,B0DBQRJ2SQ
2025-04-17,2,7957,N.A.,N.A.,B0DBQRJ2SQ
2025-04-18,4,5630,N.A.,N.A.,B0DBQRJ2SQ
2025-04-19,4,5474,N.A.,N.A.,B0DBQRJ2SQ
2025-04-20,5,3847,N.A.,N.A.,B0DBQRJ2SQ
2025-04-21,4,5360,N.A.,N.A.,B0DBQRJ2SQ
2025-04-22,6,3722,N.A.,N.A.,B0DBQRJ2SQ
2025-04-23,3,5757,N.A.,N.A.,B0DBQRJ2SQ
2025-04-24,2,9237,N.A.,N.A.,B0DBQRJ2SQ
2025-04-25,4,5713,N.A.,N.A.,B0DBQRJ2SQ
2025-04-26,5,3851,N.A.,N.A.,B0DBQRJ2SQ
2025-04-27,4,5499,N.A.,N.A.,B0DBQRJ2SQ
2025-04-28,2,11575,4.5,45,B0DBQRJ2SQ
2025-04-29,3,6117,N.A.,N.A.,B0DBQRJ2SQ
2025-04-30,2,10706,N.A.,N.A.,B0DBQRJ2SQ
2025-05-01,4,4923,N.A.,N.A.,B0DBQRJ2SQ
2025-05-02,2,9508,N.A.,N.A.,B0DBQRJ2SQ
2025-05-03,2,9763,N.A.,N.A.,B0DBQRJ2SQ
2025-05-04,4,5309,N.A.,N.A.,B0DBQRJ2SQ
2025-05-05,1,14606,N.A.,N.A.,B0DBQRJ2SQ
2025-05-06,1,13182,N.A.,N.A.,B0DBQRJ2SQ
2025-05-07,2,11757,N.A.,N.A.,B0DBQRJ2SQ
2025-05-08,2,10333,N.A.,N.A.,B0DBQRJ2SQ
2025-05-09,2,8909,N.A.,N.A.,B0DBQRJ2SQ
2025-05-10,3,7485,N.A.,N.A.,B0DBQRJ2SQ
2025-05-11,3,6060,N.A.,N.A.,B0DBQRJ2SQ
2025-05-12,4,4636,N.A.,N.A.,B0DBQRJ2SQ
2025-05-13,3,7637,N.A.,N.A.,B0DBQRJ2SQ
2025-05-14,2,9102,N.A.,N.A.,B0DBQRJ2SQ
2025-05-15,2,7805,N.A.,N.A.,B0DBQRJ2SQ
2025-02-17,206,2480,N.A.,N.A.,B07T427PFJ
2025-02-18,206,2466,N.A.,N.A.,B07T427PFJ
2025-02-19,226,2114,N.A.,N.A.,B07T427PFJ
2025-02-20,238,1915,N.A.,N.A.,B07T427PFJ
2025-02-21,220,2215,N.A.,N.A.,B07T427PFJ
2025-02-22,210,2395,4.5,3330,B07T427PFJ
2025-02-23,227,2335,N.A.,N.A.,B07T427PFJ
2025-02-24,236,2184,N.A.,N.A.,B07T427PFJ
2025-02-25,247,2022,N.A.,N.A.,B07T427PFJ
2025-02-26,242,2095,N.A.,N.A.,B07T427PFJ
2025-02-27,235,2206,N.A.,N.A.,B07T427PFJ
2025-02-28,218,2512,N.A.,N.A.,B07T427PFJ
2025-03-01,226,2354,N.A.,N.A.,B07T427PFJ
2025-03-02,242,2091,N.A.,N.A.,B07T427PFJ
2025-03-03,245,2047,N.A.,N.A.,B07T427PFJ
2025-03-04,266,1755,N.A.,N.A.,B07T427PFJ
2025-03-05,245,2049,N.A.,N.A.,B07T427PFJ
2025-03-06,267,1746,N.A.,N.A.,B07T427PFJ
2025-03-07,254,1923,N.A.,N.A.,B07T427PFJ
2025-03-08,233,2250,N.A.,N.A.,B07T427PFJ
2025-03-09,227,2372,N.A.,N.A.,B07T427PFJ
2025-03-10,266,1818,N.A.,N.A.,B07T427PFJ
2025-03-11,251,2071,N.A.,N.A.,B07T427PFJ
2025-03-12,233,2396,N.A.,N.A.,B07T427PFJ
2025-03-13,256,2052,N.A.,N.A.,B07T427PFJ
2025-03-14,250,2175,N.A.,N.A.,B07T427PFJ
2025-03-15,235,2482,N.A.,N.A.,B07T427PFJ
2025-03-16,243,2351,N.A.,N.A.,B07T427PFJ
2025-03-17,278,1895,N.A.,N.A.,B07T427PFJ
2025-03-18,265,2091,N.A.,N.A.,B07T427PFJ
2025-03-19,276,1959,N.A.,N.A.,B07T427PFJ
2025-03-20,294,1769,N.A.,N.A.,B07T427PFJ
2025-03-21,265,2142,N.A.,N.A.,B07T427PFJ
2025-03-22,245,2503,N.A.,N.A.,B07T427PFJ
2025-03-23,268,2145,N.A.,N.A.,B07T427PFJ
2025-03-24,272,2105,N.A.,N.A.,B07T427PFJ
2025-03-25,277,2056,4.5,3386,B07T427PFJ
2025-03-26,244,2555,N.A.,N.A.,B07T427PFJ
2025-03-27,234,2757,N.A.,N.A.,B07T427PFJ
2025-03-28,217,3135,N.A.,N.A.,B07T427PFJ
2025-03-29,206,3463,N.A.,N.A.,B07T427PFJ
2025-03-30,200,3635,N.A.,N.A.,B07T427PFJ
2025-03-31,208,3413,N.A.,N.A.,B07T427PFJ
2025-04-01,222,3070,N.A.,N.A.,B07T427PFJ
2025-04-02,238,2727,N.A.,N.A.,B07T427PFJ
2025-04-03,235,2787,N.A.,N.A.,B07T427PFJ
2025-04-04,238,2714,N.A.,N.A.,B07T427PFJ
2025-04-05,229,2914,N.A.,N.A.,B07T427PFJ
2025-04-06,227,2929,N.A.,N.A.,B07T427PFJ
2025-04-07,235,2771,N.A.,N.A.,B07T427PFJ
2025-04-08,239,2682,N.A.,N.A.,B07T427PFJ
2025-04-09,206,3466,N.A.,N.A.,B07T427PFJ
2025-04-10,216,3205,N.A.,N.A.,B07T427PFJ
2025-04-11,215,3221,N.A.,N.A.,B07T427PFJ
2025-04-12,204,3520,N.A.,N.A.,B07T427PFJ
2025-04-13,207,3443,N.A.,N.A.,B07T427PFJ
2025-04-14,220,3127,N.A.,N.A.,B07T427PFJ
2025-04-15,225,3012,N.A.,N.A.,B07T427PFJ
2025-04-16,221,3119,N.A.,N.A.,B07T427PFJ
2025-04-17,197,3777,N.A.,N.A.,B07T427PFJ
2025-04-18,182,4287,N.A.,N.A.,B07T427PFJ
2025-04-19,187,4122,N.A.,N.A.,B07T427PFJ
2025-04-20,232,2895,N.A.,N.A.,B07T427PFJ
2025-04-21,271,2217,N.A.,N.A.,B07T427PFJ
2025-04-22,243,2680,N.A.,N.A.,B07T427PFJ
2025-04-23,261,2377,N.A.,N.A.,B07T427PFJ
2025-04-24,255,2461,N.A.,N.A.,B07T427PFJ
2025-04-25,259,2400,4.5,3384,B07T427PFJ
2025-04-26,145,6056,N.A.,N.A.,B07T427PFJ
2025-04-27,239,3141,N.A.,N.A.,B07T427PFJ
2025-04-28,257,2791,N.A.,N.A.,B07T427PFJ
2025-04-29,245,3004,N.A.,N.A.,B07T427PFJ
2025-04-30,250,2906,N.A.,N.A.,B07T427PFJ
2025-05-01,238,3151,N.A.,N.A.,B07T427PFJ
2025-05-02,249,2928,N.A.,N.A.,B07T427PFJ
2025-05-03,218,3637,N.A.,N.A.,B07T427PFJ
2025-05-04,250,2908,N.A.,N.A.,B07T427PFJ
2025-05-05,258,2765,N.A.,N.A.,B07T427PFJ
2025-05-06,242,3073,N.A.,N.A.,B07T427PFJ
2025-05-07,229,3372,N.A.,N.A.,B07T427PFJ
2025-05-08,255,2825,N.A.,N.A.,B07T427PFJ
2025-05-09,241,3099,N.A.,N.A.,B07T427PFJ
2025-05-10,225,3453,N.A.,N.A.,B07T427PFJ
2025-05-11,228,3382,N.A.,N.A.,B07T427PFJ
2025-05-12,259,2742,N.A.,N.A.,B07T427PFJ
2025-05-13,257,2791,N.A.,N.A.,B07T427PFJ
2025-05-14,259,2741,N.A.,N.A.,B07T427PFJ
2025-05-15,250,2916,N.A.,N.A.,B07T427PFJ
2025-02-17,995,24,N.A.,N.A.,B07DK9QZV9
2025-02-18,932,28,N.A.,N.A.,B07DK9QZV9
2025-02-19,905,30,N.A.,N.A.,B07DK9QZV9
2025-02-20,893,31,N.A.,N.A.,B07DK9QZV9
2025-02-21,978,25,N.A.,N.A.,B07DK9QZV9
2025-02-22,947,27,4.5,36644,B07DK9QZV9
2025-02-23,836,36,N.A.,N.A.,B07DK9QZV9
2025-02-24,758,45,N.A.,N.A.,B07DK9QZV9
2025-02-25,809,39,N.A.,N.A.,B07DK9QZV9
2025-02-26,849,35,N.A.,N.A.,B07DK9QZV9
2025-02-27,801,40,N.A.,N.A.,B07DK9QZV9
2025-02-28,752,46,N.A.,N.A.,B07DK9QZV9
2025-03-01,863,34,4.5,36676,B07DK9QZV9
2025-03-02,812,39,N.A.,N.A.,B07DK9QZV9
2025-03-03,831,37,N.A.,N.A.,B07DK9QZV9
2025-03-04,794,41,N.A.,N.A.,B07DK9QZV9
2025-03-05,831,37,N.A.,N.A.,B07DK9QZV9
2025-03-06,718,51,N.A.,N.A.,B07DK9QZV9
2025-03-07,645,64,N.A.,N.A.,B07DK9QZV9
2025-03-08,586,78,4.5,36701,B07DK9QZV9
2025-03-09,463,121,N.A.,N.A.,B07DK9QZV9
2025-03-10,547,85,N.A.,N.A.,B07DK9QZV9
2025-03-11,635,61,N.A.,N.A.,B07DK9QZV9
2025-03-12,769,39,N.A.,N.A.,B07DK9QZV9
2025-03-13,777,38,N.A.,N.A.,B07DK9QZV9
2025-03-14,794,36,N.A.,N.A.,B07DK9QZV9
2025-03-15,804,35,N.A.,N.A.,B07DK9QZV9
2025-03-16,813,34,4.5,36735,B07DK9QZV9
2025-03-17,769,41,N.A.,N.A.,B07DK9QZV9
2025-03-18,851,33,N.A.,N.A.,B07DK9QZV9
2025-03-19,858,33,N.A.,N.A.,B07DK9QZV9
2025-03-20,864,33,N.A.,N.A.,B07DK9QZV9
2025-03-21,909,30,N.A.,N.A.,B07DK9QZV9
2025-03-22,953,28,N.A.,N.A.,B07DK9QZV9
2025-03-23,881,34,N.A.,N.A.,B07DK9QZV9
2025-03-24,871,35,4.5,36773,B07DK9QZV9
2025-03-25,927,30,N.A.,N.A.,B07DK9QZV9
2025-03-26,784,45,N.A.,N.A.,B07DK9QZV9
2025-03-27,762,48,N.A.,N.A.,B07DK9QZV9
2025-03-28,842,38,N.A.,N.A.,B07DK9QZV9
2025-03-29,743,51,N.A.,N.A.,B07DK9QZV9
2025-03-30,582,65,N.A.,N.A.,B07DK9QZV9
2025-03-31,571,68,N.A.,N.A.,B07DK9QZV9
2025-04-01,621,55,4.5,36811,B07DK9QZV9
2025-04-02,593,62,N.A.,N.A.,B07DK9QZV9
2025-04-03,634,52,N.A.,N.A.,B07DK9QZV9
2025-04-04,664,46,N.A.,N.A.,B07DK9QZV9
2025-04-05,670,45,N.A.,N.A.,B07DK9QZV9
2025-04-06,621,55,N.A.,N.A.,B07DK9QZV9
2025-04-07,589,63,N.A.,N.A.,B07DK9QZV9
2025-04-08,612,57,4.5,36849,B07DK9QZV9
2025-04-09,634,52,N.A.,N.A.,B07DK9QZV9
2025-04-10,621,55,N.A.,N.A.,B07DK9QZV9
2025-04-11,649,49,N.A.,N.A.,B07DK9QZV9
2025-04-12,644,50,N.A.,N.A.,B07DK9QZV9
2025-04-13,565,72,N.A.,N.A.,B07DK9QZV9
2025-04-14,523,89,N.A.,N.A.,B07DK9QZV9
2025-04-15,574,73,4.5,36897,B07DK9QZV9
2025-04-16,515,97,N.A.,N.A.,B07DK9QZV9
2025-04-17,496,108,N.A.,N.A.,B07DK9QZV9
2025-04-18,472,123,N.A.,N.A.,B07DK9QZV9
2025-04-19,458,134,N.A.,N.A.,B07DK9QZV9
2025-04-20,431,156,N.A.,N.A.,B07DK9QZV9
2025-04-21,386,199,N.A.,N.A.,B07DK9QZV9
2025-04-22,685,57,N.A.,N.A.,B07DK9QZV9
2025-04-23,769,44,4.5,36925,B07DK9QZV9
2025-04-24,981,24,N.A.,N.A.,B07DK9QZV9
2025-04-25,1042,21,N.A.,N.A.,B07DK9QZV9
2025-04-26,1038,22,N.A.,N.A.,B07DK9QZV9
2025-04-27,987,26,N.A.,N.A.,B07DK9QZV9
2025-04-28,923,31,N.A.,N.A.,B07DK9QZV9
2025-04-29,727,56,N.A.,N.A.,B07DK9QZV9
2025-04-30,717,58,4.5,36959,B07DK9QZV9
2025-05-01,711,59,N.A.,N.A.,B07DK9QZV9
2025-05-02,674,67,N.A.,N.A.,B07DK9QZV9
2025-05-03,678,66,N.A.,N.A.,B07DK9QZV9
2025-05-04,623,80,N.A.,N.A.,B07DK9QZV9
2025-05-05,571,97,N.A.,N.A.,B07DK9QZV9
2025-05-06,638,76,N.A.,N.A.,B07DK9QZV9
2025-05-07,630,78,4.5,37012,B07DK9QZV9
2025-05-08,638,76,N.A.,N.A.,B07DK9QZV9
2025-05-09,649,73,N.A.,N.A.,B07DK9QZV9
2025-05-10,665,69,N.A.,N.A.,B07DK9QZV9
2025-05-11,553,104,N.A.,N.A.,B07DK9QZV9
2025-05-12,508,125,N.A.,N.A.,B07DK9QZV9
2025-05-13,549,106,N.A.,N.A.,B07DK9QZV9
2025-05-14,600,87,N.A.,N.A.,B07DK9QZV9
2025-05-15,678,66,4.5,37056,B07DK9QZV9
2025-02-17,150,4119,N.A.,N.A.,B0CJQS594F
2025-02-18,144,4414,N.A.,N.A.,B0CJQS594F
2025-02-19,155,3911,N.A.,N.A.,B0CJQS594F
2025-02-20,141,4534,N.A.,N.A.,B0CJQS594F
2025-02-21,153,4018,4.7,201,B0CJQS594F
2025-02-22,118,5913,N.A.,N.A.,B0CJQS594F
2025-02-23,156,4364,N.A.,N.A.,B0CJQS594F
2025-02-24,148,4709,N.A.,N.A.,B0CJQS594F
2025-02-25,162,4099,N.A.,N.A.,B0CJQS594F
2025-02-26,165,4000,N.A.,N.A.,B0CJQS594F
2025-02-27,157,4318,N.A.,N.A.,B0CJQS594F
2025-02-28,150,4636,N.A.,N.A.,B0CJQS594F
2025-03-01,139,5191,N.A.,N.A.,B0CJQS594F
2025-03-02,139,5169,N.A.,N.A.,B0CJQS594F
2025-03-03,151,4625,N.A.,N.A.,B0CJQS594F
2025-03-04,164,4080,N.A.,N.A.,B0CJQS594F
2025-03-05,171,3820,N.A.,N.A.,B0CJQS594F
2025-03-06,160,4240,N.A.,N.A.,B0CJQS594F
2025-03-07,156,4464,N.A.,N.A.,B0CJQS594F
2025-03-08,147,4922,N.A.,N.A.,B0CJQS594F
2025-03-09,154,4568,N.A.,N.A.,B0CJQS594F
2025-03-10,166,4110,N.A.,N.A.,B0CJQS594F
2025-03-11,168,4093,N.A.,N.A.,B0CJQS594F
2025-03-12,152,4804,N.A.,N.A.,B0CJQS594F
2025-03-13,147,5078,N.A.,N.A.,B0CJQS594F
2025-03-14,138,5621,N.A.,N.A.,B0CJQS594F
2025-03-15,138,5685,N.A.,N.A.,B0CJQS594F
2025-03-16,141,5538,N.A.,N.A.,B0CJQS594F
2025-03-17,159,4712,N.A.,N.A.,B0CJQS594F
2025-03-18,153,5043,N.A.,N.A.,B0CJQS594F
2025-03-19,157,4871,N.A.,N.A.,B0CJQS594F
2025-03-20,155,4986,N.A.,N.A.,B0CJQS594F
2025-03-21,146,5532,N.A.,N.A.,B0CJQS594F
2025-03-22,152,5294,N.A.,N.A.,B0CJQS594F
2025-03-23,132,6481,N.A.,N.A.,B0CJQS594F
2025-03-24,143,5834,4.7,219,B0CJQS594F
2025-03-25,149,5559,N.A.,N.A.,B0CJQS594F
2025-03-26,140,6090,N.A.,N.A.,B0CJQS594F
2025-03-27,134,6530,N.A.,N.A.,B0CJQS594F
2025-03-28,133,6655,N.A.,N.A.,B0CJQS594F
2025-03-29,127,7164,N.A.,N.A.,B0CJQS594F
2025-03-30,145,5915,N.A.,N.A.,B0CJQS594F
2025-03-31,157,5275,N.A.,N.A.,B0CJQS594F
2025-04-01,165,4899,N.A.,N.A.,B0CJQS594F
2025-04-02,174,4533,N.A.,N.A.,B0CJQS594F
2025-04-03,181,4238,N.A.,N.A.,B0CJQS594F
2025-04-04,173,4562,N.A.,N.A.,B0CJQS594F
2025-04-05,170,4689,N.A.,N.A.,B0CJQS594F
2025-04-06,156,5419,N.A.,N.A.,B0CJQS594F
2025-04-07,189,3998,N.A.,N.A.,B0CJQS594F
2025-04-08,200,3654,N.A.,N.A.,B0CJQS594F
2025-04-09,195,3797,N.A.,N.A.,B0CJQS594F
2025-04-10,188,4032,N.A.,N.A.,B0CJQS594F
2025-04-11,205,3500,N.A.,N.A.,B0CJQS594F
2025-04-12,193,3863,N.A.,N.A.,B0CJQS594F
2025-04-13,175,4528,N.A.,N.A.,B0CJQS594F
2025-04-14,183,4232,N.A.,N.A.,B0CJQS594F
2025-04-15,201,3626,N.A.,N.A.,B0CJQS594F
2025-04-16,186,4139,N.A.,N.A.,B0CJQS594F
2025-04-17,180,4356,N.A.,N.A.,B0CJQS594F
2025-04-18,177,4473,N.A.,N.A.,B0CJQS594F
2025-04-19,173,4659,N.A.,N.A.,B0CJQS594F
2025-04-20,180,4361,N.A.,N.A.,B0CJQS594F
2025-04-21,193,3935,N.A.,N.A.,B0CJQS594F
2025-04-22,226,3028,N.A.,N.A.,B0CJQS594F
2025-04-23,241,2730,N.A.,N.A.,B0CJQS594F
2025-04-24,241,2729,4.6,255,B0CJQS594F
2025-04-25,245,2642,N.A.,N.A.,B0CJQS594F
2025-04-26,294,1906,N.A.,N.A.,B0CJQS594F
2025-04-27,247,2969,N.A.,N.A.,B0CJQS594F
2025-04-28,264,2669,N.A.,N.A.,B0CJQS594F
2025-04-29,299,2152,N.A.,N.A.,B0CJQS594F
2025-04-30,277,2449,N.A.,N.A.,B0CJQS594F
2025-05-01,294,2209,N.A.,N.A.,B0CJQS594F
2025-05-02,277,2452,N.A.,N.A.,B0CJQS594F
2025-05-03,263,2683,N.A.,N.A.,B0CJQS594F
2025-05-04,269,2581,N.A.,N.A.,B0CJQS594F
2025-05-05,275,2490,N.A.,N.A.,B0CJQS594F
2025-05-06,291,2255,N.A.,N.A.,B0CJQS594F
2025-05-07,292,2246,N.A.,N.A.,B0CJQS594F
2025-05-08,313,1980,N.A.,N.A.,B0CJQS594F
2025-05-09,294,2214,N.A.,N.A.,B0CJQS594F
2025-05-10,299,2153,N.A.,N.A.,B0CJQS594F
2025-05-11,287,2303,N.A.,N.A.,B0CJQS594F
2025-05-12,303,2098,N.A.,N.A.,B0CJQS594F
2025-05-13,322,1884,N.A.,N.A.,B0CJQS594F
2025-05-14,331,1796,N.A.,N.A.,B0CJQS594F
2025-05-15,308,2045,N.A.,N.A.,B0CJQS594F
2025-02-17,533,94,N.A.,N.A.,B0C5M1YDKQ
2025-02-18,554,87,N.A.,N.A.,B0C5M1YDKQ
2025-02-19,548,89,N.A.,N.A.,B0C5M1YDKQ
2025-02-20,554,87,N.A.,N.A.,B0C5M1YDKQ
2025-02-21,560,85,N.A.,N.A.,B0C5M1YDKQ
2025-02-22,560,85,N.A.,N.A.,B0C5M1YDKQ
2025-02-23,560,85,N.A.,N.A.,B0C5M1YDKQ
2025-02-24,545,90,4.6,2141,B0C5M1YDKQ
2025-02-25,564,84,N.A.,N.A.,B0C5M1YDKQ
2025-02-26,589,77,N.A.,N.A.,B0C5M1YDKQ
2025-02-27,589,77,N.A.,N.A.,B0C5M1YDKQ
2025-02-28,635,66,N.A.,N.A.,B0C5M1YDKQ
2025-03-01,631,67,N.A.,N.A.,B0C5M1YDKQ
2025-03-02,626,68,N.A.,N.A.,B0C5M1YDKQ
2025-03-03,571,82,4.6,2188,B0C5M1YDKQ
2025-03-04,626,68,N.A.,N.A.,B0C5M1YDKQ
2025-03-05,670,59,N.A.,N.A.,B0C5M1YDKQ
2025-03-06,640,65,N.A.,N.A.,B0C5M1YDKQ
2025-03-07,650,63,N.A.,N.A.,B0C5M1YDKQ
2025-03-08,650,63,N.A.,N.A.,B0C5M1YDKQ
2025-03-09,626,63,N.A.,N.A.,B0C5M1YDKQ
2025-03-10,583,74,4.6,2270,B0C5M1YDKQ
2025-03-11,609,67,N.A.,N.A.,B0C5M1YDKQ
2025-03-12,586,73,N.A.,N.A.,B0C5M1YDKQ
2025-03-13,609,67,N.A.,N.A.,B0C5M1YDKQ
2025-03-14,579,75,N.A.,N.A.,B0C5M1YDKQ
2025-03-15,605,68,N.A.,N.A.,B0C5M1YDKQ
2025-03-16,530,91,N.A.,N.A.,B0C5M1YDKQ
2025-03-17,517,100,4.6,2327,B0C5M1YDKQ
2025-03-18,523,100,N.A.,N.A.,B0C5M1YDKQ
2025-03-19,551,91,N.A.,N.A.,B0C5M1YDKQ
2025-03-20,555,91,N.A.,N.A.,B0C5M1YDKQ
2025-03-21,659,64,N.A.,N.A.,B0C5M1YDKQ
2025-03-22,681,62,N.A.,N.A.,B0C5M1YDKQ
2025-03-23,614,78,N.A.,N.A.,B0C5M1YDKQ
2025-03-24,575,90,4.6,2382,B0C5M1YDKQ
2025-03-25,590,85,N.A.,N.A.,B0C5M1YDKQ
2025-03-26,637,72,N.A.,N.A.,B0C5M1YDKQ
2025-03-27,672,64,N.A.,N.A.,B0C5M1YDKQ
2025-03-28,762,48,N.A.,N.A.,B0C5M1YDKQ
2025-03-29,824,40,N.A.,N.A.,B0C5M1YDKQ
2025-03-30,681,43,N.A.,N.A.,B0C5M1YDKQ
2025-03-31,664,46,4.6,2428,B0C5M1YDKQ
2025-04-01,734,35,N.A.,N.A.,B0C5M1YDKQ
2025-04-02,803,27,N.A.,N.A.,B0C5M1YDKQ
2025-04-03,803,27,N.A.,N.A.,B0C5M1YDKQ
2025-04-04,813,26,N.A.,N.A.,B0C5M1YDKQ
2025-04-05,793,28,N.A.,N.A.,B0C5M1YDKQ
2025-04-06,784,29,N.A.,N.A.,B0C5M1YDKQ
2025-04-07,784,29,N.A.,N.A.,B0C5M1YDKQ
2025-04-08,793,28,4.6,2518,B0C5M1YDKQ
2025-04-09,675,44,N.A.,N.A.,B0C5M1YDKQ
2025-04-10,726,36,N.A.,N.A.,B0C5M1YDKQ
2025-04-11,675,44,N.A.,N.A.,B0C5M1YDKQ
2025-04-12,681,43,N.A.,N.A.,B0C5M1YDKQ
2025-04-13,620,57,N.A.,N.A.,B0C5M1YDKQ
2025-04-14,578,70,N.A.,N.A.,B0C5M1YDKQ
2025-04-15,606,64,4.6,2618,B0C5M1YDKQ
2025-04-16,628,60,N.A.,N.A.,B0C5M1YDKQ
2025-04-17,694,48,N.A.,N.A.,B0C5M1YDKQ
2025-04-18,681,52,N.A.,N.A.,B0C5M1YDKQ
2025-04-19,683,53,N.A.,N.A.,B0C5M1YDKQ
2025-04-20,757,42,N.A.,N.A.,B0C5M1YDKQ
2025-04-21,698,53,N.A.,N.A.,B0C5M1YDKQ
2025-04-22,987,22,N.A.,N.A.,B0C5M1YDKQ
2025-04-23,1094,17,4.6,2690,B0C5M1YDKQ
2025-04-24,1132,16,N.A.,N.A.,B0C5M1YDKQ
2025-04-25,1173,15,N.A.,N.A.,B0C5M1YDKQ
2025-04-26,1217,14,N.A.,N.A.,B0C5M1YDKQ
2025-04-27,1204,15,N.A.,N.A.,B0C5M1YDKQ
2025-04-28,1233,14,N.A.,N.A.,B0C5M1YDKQ
2025-04-29,1129,18,N.A.,N.A.,B0C5M1YDKQ
2025-04-30,1068,21,N.A.,N.A.,B0C5M1YDKQ
2025-05-01,1087,20,4.6,2753,B0C5M1YDKQ
2025-05-02,1033,23,N.A.,N.A.,B0C5M1YDKQ
2025-05-03,1204,15,N.A.,N.A.,B0C5M1YDKQ
2025-05-04,1108,19,N.A.,N.A.,B0C5M1YDKQ
2025-05-05,1108,19,N.A.,N.A.,B0C5M1YDKQ
2025-05-06,1177,16,N.A.,N.A.,B0C5M1YDKQ
2025-05-07,1108,19,N.A.,N.A.,B0C5M1YDKQ
2025-05-08,1002,25,N.A.,N.A.,B0C5M1YDKQ
2025-05-09,987,26,4.6,2836,B0C5M1YDKQ
2025-05-10,1002,25,N.A.,N.A.,B0C5M1YDKQ
2025-05-11,923,31,N.A.,N.A.,B0C5M1YDKQ
2025-05-12,844,39,N.A.,N.A.,B0C5M1YDKQ
2025-05-13,912,32,N.A.,N.A.,B0C5M1YDKQ
2025-05-14,871,36,N.A.,N.A.,B0C5M1YDKQ
2025-05-15,901,33,N.A.,N.A.,B0C5M1YDKQ
2025-02-17,N.A.,N.A.,N.A.,N.A.,B07F7ZRB2V
2025-02-18,N.A.,N.A.,N.A.,N.A.,B07F7ZRB2V
2025-02-19,N.A.,N.A.,N.A.,N.A.,B07F7ZRB2V
2025-02-20,N.A.,N.A.,N.A.,N.A.,B07F7ZRB2V
2025-02-21,N.A.,N.A.,N.A.,N.A.,B07F7ZRB2V
2025-02-22,N.A.,N.A.,N.A.,N.A.,B07F7ZRB2V
2025-02-23,N.A.,N.A.,N.A.,N.A.,B07F7ZRB2V
2025-02-24,N.A.,N.A.,N.A.,N.A.,B07F7ZRB2V
2025-02-25,N.A.,N.A.,N.A.,N.A.,B07F7ZRB2V
2025-02-26,N.A.,N.A.,N.A.,N.A.,B07F7ZRB2V
2025-02-27,N.A.,N.A.,N.A.,N.A.,B07F7ZRB2V
2025-02-28,N.A.,N.A.,N.A.,N.A.,B07F7ZRB2V
2025-03-01,N.A.,N.A.,N.A.,N.A.,B07F7ZRB2V
2025-03-02,N.A.,N.A.,N.A.,N.A.,B07F7ZRB2V
2025-03-03,N.A.,N.A.,N.A.,N.A.,B07F7ZRB2V
2025-03-04,0,113934,N.A.,N.A.,B07F7ZRB2V
2025-03-05,0,111304,N.A.,N.A.,B07F7ZRB2V
2025-03-06,0,108675,N.A.,N.A.,B07F7ZRB2V
2025-03-07,0,106045,N.A.,N.A.,B07F7ZRB2V
2025-03-08,0,103415,N.A.,N.A.,B07F7ZRB2V
2025-03-09,0,100786,N.A.,N.A.,B07F7ZRB2V
2025-03-10,0,98156,N.A.,N.A.,B07F7ZRB2V
2025-03-11,0,95527,N.A.,N.A.,B07F7ZRB2V
2025-03-12,0,92897,N.A.,N.A.,B07F7ZRB2V
2025-03-13,0,90267,N.A.,N.A.,B07F7ZRB2V
2025-03-14,0,87638,N.A.,N.A.,B07F7ZRB2V
2025-03-15,0,85008,N.A.,N.A.,B07F7ZRB2V
2025-03-16,0,82378,N.A.,N.A.,B07F7ZRB2V
2025-03-17,0,79749,N.A.,N.A.,B07F7ZRB2V
2025-03-18,0,77119,N.A.,N.A.,B07F7ZRB2V
2025-03-19,0,74489,N.A.,N.A.,B07F7ZRB2V
2025-03-20,0,71860,N.A.,N.A.,B07F7ZRB2V
2025-03-21,0,69230,N.A.,N.A.,B07F7ZRB2V
2025-03-22,0,66600,N.A.,N.A.,B07F7ZRB2V
2025-03-23,0,63971,N.A.,N.A.,B07F7ZRB2V
2025-03-24,0,61341,N.A.,N.A.,B07F7ZRB2V
2025-03-25,0,58711,N.A.,N.A.,B07F7ZRB2V
2025-03-26,0,56082,N.A.,N.A.,B07F7ZRB2V
2025-03-27,0,53452,N.A.,N.A.,B07F7ZRB2V
2025-03-28,0,50823,N.A.,N.A.,B07F7ZRB2V
2025-03-29,0,48193,N.A.,N.A.,B07F7ZRB2V
2025-03-30,0,45563,N.A.,N.A.,B07F7ZRB2V
2025-03-31,0,42934,N.A.,N.A.,B07F7ZRB2V
2025-04-01,0,40304,N.A.,N.A.,B07F7ZRB2V
2025-04-02,0,43111,N.A.,N.A.,B07F7ZRB2V
2025-04-03,0,45918,N.A.,N.A.,B07F7ZRB2V
2025-04-04,0,48726,N.A.,N.A.,B07F7ZRB2V
2025-04-05,0,51533,N.A.,N.A.,B07F7ZRB2V
2025-04-06,0,54340,N.A.,N.A.,B07F7ZRB2V
2025-04-07,0,57147,N.A.,N.A.,B07F7ZRB2V
2025-04-08,0,59955,N.A.,N.A.,B07F7ZRB2V
2025-04-09,0,62762,N.A.,N.A.,B07F7ZRB2V
2025-04-10,0,65569,N.A.,N.A.,B07F7ZRB2V
2025-04-11,0,68376,N.A.,N.A.,B07F7ZRB2V
2025-04-12,0,71183,N.A.,N.A.,B07F7ZRB2V
2025-04-13,0,73991,N.A.,N.A.,B07F7ZRB2V
2025-04-14,0,76798,N.A.,N.A.,B07F7ZRB2V
2025-04-15,0,79605,N.A.,N.A.,B07F7ZRB2V
2025-04-16,0,78553,N.A.,N.A.,B07F7ZRB2V
2025-04-17,0,77500,N.A.,N.A.,B07F7ZRB2V
2025-04-18,0,76448,N.A.,N.A.,B07F7ZRB2V
2025-04-19,0,75396,N.A.,N.A.,B07F7ZRB2V
2025-04-20,0,74344,N.A.,N.A.,B07F7ZRB2V
2025-04-21,0,73291,N.A.,N.A.,B07F7ZRB2V
2025-04-22,0,72239,N.A.,N.A.,B07F7ZRB2V
2025-04-23,0,71187,N.A.,N.A.,B07F7ZRB2V
2025-04-24,0,70134,N.A.,N.A.,B07F7ZRB2V
2025-04-25,0,69082,N.A.,N.A.,B07F7ZRB2V
2025-04-26,0,68030,N.A.,N.A.,B07F7ZRB2V
2025-04-27,0,66978,N.A.,N.A.,B07F7ZRB2V
2025-04-28,0,65925,N.A.,N.A.,B07F7ZRB2V
2025-04-29,0,64873,N.A.,N.A.,B07F7ZRB2V
2025-04-30,0,61497,N.A.,N.A.,B07F7ZRB2V
2025-05-01,0,58120,N.A.,N.A.,B07F7ZRB2V
2025-05-02,0,54744,N.A.,N.A.,B07F7ZRB2V
2025-05-03,0,51367,N.A.,N.A.,B07F7ZRB2V
2025-05-04,0,47991,N.A.,N.A.,B07F7ZRB2V
2025-05-05,0,44614,N.A.,N.A.,B07F7ZRB2V
2025-05-06,0,41238,N.A.,N.A.,B07F7ZRB2V
2025-05-07,0,37861,N.A.,N.A.,B07F7ZRB2V
2025-05-08,0,34485,N.A.,N.A.,B07F7ZRB2V
2025-05-09,0,31108,N.A.,N.A.,B07F7ZRB2V
2025-05-10,1,27732,N.A.,N.A.,B07F7ZRB2V
2025-05-11,1,24355,N.A.,N.A.,B07F7ZRB2V
2025-05-12,1,20979,N.A.,N.A.,B07F7ZRB2V
2025-05-13,1,17602,N.A.,N.A.,B07F7ZRB2V
2025-05-14,1,14226,N.A.,N.A.,B07F7ZRB2V
2025-05-15,2,10849,N.A.,N.A.,B07F7ZRB2V
2025-02-17,29,4635,N.A.,N.A.,B07VLTTGJQ
2025-02-18,38,3506,N.A.,N.A.,B07VLTTGJQ
2025-02-19,50,2615,N.A.,N.A.,B07VLTTGJQ
2025-02-20,54,2394,N.A.,N.A.,B07VLTTGJQ
2025-02-21,58,2188,N.A.,N.A.,B07VLTTGJQ
2025-02-22,62,2023,4.4,235,B07VLTTGJQ
2025-02-23,35,3706,N.A.,N.A.,B07VLTTGJQ
2025-02-24,30,4392,N.A.,N.A.,B07VLTTGJQ
2025-02-25,57,2184,N.A.,N.A.,B07VLTTGJQ
2025-02-26,54,2344,N.A.,N.A.,B07VLTTGJQ
2025-02-27,63,1941,N.A.,N.A.,B07VLTTGJQ
2025-02-28,69,1756,N.A.,N.A.,B07VLTTGJQ
2025-03-01,69,1771,N.A.,N.A.,B07VLTTGJQ
2025-03-02,41,3145,N.A.,N.A.,B07VLTTGJQ
2025-03-03,34,3910,N.A.,N.A.,B07VLTTGJQ
2025-03-04,45,2852,N.A.,N.A.,B07VLTTGJQ
2025-03-05,59,2094,N.A.,N.A.,B07VLTTGJQ
2025-03-06,72,1660,N.A.,N.A.,B07VLTTGJQ
2025-03-07,63,1964,N.A.,N.A.,B07VLTTGJQ
2025-03-08,61,2025,N.A.,N.A.,B07VLTTGJQ
2025-03-09,53,2382,N.A.,N.A.,B07VLTTGJQ
2025-03-10,31,4351,N.A.,N.A.,B07VLTTGJQ
2025-03-11,54,2358,N.A.,N.A.,B07VLTTGJQ
2025-03-12,52,2453,N.A.,N.A.,B07VLTTGJQ
2025-03-13,71,1739,N.A.,N.A.,B07VLTTGJQ
2025-03-14,68,1827,N.A.,N.A.,B07VLTTGJQ
2025-03-15,59,2139,N.A.,N.A.,B07VLTTGJQ
2025-03-16,40,3319,N.A.,N.A.,B07VLTTGJQ
2025-03-17,38,3549,N.A.,N.A.,B07VLTTGJQ
2025-03-18,79,1560,N.A.,N.A.,B07VLTTGJQ
2025-03-19,73,1717,N.A.,N.A.,B07VLTTGJQ
2025-03-20,62,2065,N.A.,N.A.,B07VLTTGJQ
2025-03-21,55,2413,N.A.,N.A.,B07VLTTGJQ
2025-03-22,48,2761,N.A.,N.A.,B07VLTTGJQ
2025-03-23,44,3109,N.A.,N.A.,B07VLTTGJQ
2025-03-24,40,3457,N.A.,N.A.,B07VLTTGJQ
2025-03-25,36,3805,N.A.,N.A.,B07VLTTGJQ
2025-03-26,33,4153,N.A.,N.A.,B07VLTTGJQ
2025-03-27,31,4501,N.A.,N.A.,B07VLTTGJQ
2025-03-28,29,4849,N.A.,N.A.,B07VLTTGJQ
2025-03-29,27,5197,N.A.,N.A.,B07VLTTGJQ
2025-03-30,25,5545,N.A.,N.A.,B07VLTTGJQ
2025-03-31,24,5893,N.A.,N.A.,B07VLTTGJQ
2025-04-01,23,6241,N.A.,N.A.,B07VLTTGJQ
2025-04-02,21,6589,N.A.,N.A.,B07VLTTGJQ
2025-04-03,20,6937,N.A.,N.A.,B07VLTTGJQ
2025-04-04,19,7285,N.A.,N.A.,B07VLTTGJQ
2025-04-05,18,7633,N.A.,N.A.,B07VLTTGJQ
2025-04-06,18,7981,N.A.,N.A.,B07VLTTGJQ
2025-04-07,17,8329,N.A.,N.A.,B07VLTTGJQ
2025-04-08,16,8677,N.A.,N.A.,B07VLTTGJQ
2025-04-09,16,9025,N.A.,N.A.,B07VLTTGJQ
2025-04-10,15,9373,N.A.,N.A.,B07VLTTGJQ
2025-04-11,14,9721,N.A.,N.A.,B07VLTTGJQ
2025-04-12,14,10069,N.A.,N.A.,B07VLTTGJQ
2025-04-13,13,10417,N.A.,N.A.,B07VLTTGJQ
2025-04-14,13,10765,N.A.,N.A.,B07VLTTGJQ
2025-04-15,13,11113,N.A.,N.A.,B07VLTTGJQ
2025-04-16,12,11461,N.A.,N.A.,B07VLTTGJQ
2025-04-17,12,11809,N.A.,N.A.,B07VLTTGJQ
2025-04-18,11,12157,N.A.,N.A.,B07VLTTGJQ
2025-04-19,11,12505,N.A.,N.A.,B07VLTTGJQ
2025-04-20,11,12853,N.A.,N.A.,B07VLTTGJQ
2025-04-21,11,13201,N.A.,N.A.,B07VLTTGJQ
2025-04-22,10,13549,N.A.,N.A.,B07VLTTGJQ
2025-04-23,10,13897,N.A.,N.A.,B07VLTTGJQ
2025-04-24,10,14245,N.A.,N.A.,B07VLTTGJQ
2025-04-25,9,14593,N.A.,N.A.,B07VLTTGJQ
2025-04-26,9,14941,N.A.,N.A.,B07VLTTGJQ
2025-04-27,9,15289,N.A.,N.A.,B07VLTTGJQ
2025-04-28,9,15637,N.A.,N.A.,B07VLTTGJQ
2025-04-29,9,15985,N.A.,N.A.,B07VLTTGJQ
2025-04-30,8,16333,N.A.,N.A.,B07VLTTGJQ
2025-05-01,8,16681,N.A.,N.A.,B07VLTTGJQ
2025-05-02,8,17029,N.A.,N.A.,B07VLTTGJQ
2025-05-03,8,17377,N.A.,N.A.,B07VLTTGJQ
2025-05-04,8,17725,N.A.,N.A.,B07VLTTGJQ
2025-05-05,7,18073,N.A.,N.A.,B07VLTTGJQ
2025-05-06,7,18421,N.A.,N.A.,B07VLTTGJQ
2025-05-07,7,18769,N.A.,N.A.,B07VLTTGJQ
2025-05-08,7,19117,N.A.,N.A.,B07VLTTGJQ
2025-05-09,7,19465,N.A.,N.A.,B07VLTTGJQ
2025-05-10,7,19813,N.A.,N.A.,B07VLTTGJQ
2025-05-11,7,20161,N.A.,N.A.,B07VLTTGJQ
2025-05-12,7,20509,N.A.,N.A.,B07VLTTGJQ
2025-05-13,6,20857,N.A.,N.A.,B07VLTTGJQ
2025-05-14,6,21205,N.A.,N.A.,B07VLTTGJQ
2025-05-15,6,21553,N.A.,N.A.,B07VLTTGJQ
2025-02-17,216,2279,N.A.,N.A.,B0CZ3T5ZPZ
2025-02-18,233,1998,N.A.,N.A.,B0CZ3T5ZPZ
2025-02-19,217,2257,N.A.,N.A.,B0CZ3T5ZPZ
2025-02-20,236,1957,N.A.,N.A.,B0CZ3T5ZPZ
2025-02-21,245,1822,N.A.,N.A.,B0CZ3T5ZPZ
2025-02-22,227,2088,4.7,205,B0CZ3T5ZPZ
2025-02-23,247,2017,N.A.,N.A.,B0CZ3T5ZPZ
2025-02-24,256,1891,N.A.,N.A.,B0CZ3T5ZPZ
2025-02-25,262,1811,N.A.,N.A.,B0CZ3T5ZPZ
2025-02-26,273,1674,N.A.,N.A.,B0CZ3T5ZPZ
2025-02-27,275,1659,N.A.,N.A.,B0CZ3T5ZPZ
2025-02-28,258,1870,N.A.,N.A.,B0CZ3T5ZPZ
2025-03-01,252,1950,N.A.,N.A.,B0CZ3T5ZPZ
2025-03-02,258,1862,N.A.,N.A.,B0CZ3T5ZPZ
2025-03-03,277,1635,N.A.,N.A.,B0CZ3T5ZPZ
2025-03-04,270,1710,N.A.,N.A.,B0CZ3T5ZPZ
2025-03-05,286,1533,N.A.,N.A.,B0CZ3T5ZPZ
2025-03-06,267,1748,N.A.,N.A.,B0CZ3T5ZPZ
2025-03-07,255,1909,N.A.,N.A.,B0CZ3T5ZPZ
2025-03-08,256,1888,N.A.,N.A.,B0CZ3T5ZPZ
2025-03-09,268,1732,N.A.,N.A.,B0CZ3T5ZPZ
2025-03-10,295,1492,N.A.,N.A.,B0CZ3T5ZPZ
2025-03-11,280,1693,N.A.,N.A.,B0CZ3T5ZPZ
2025-03-12,281,1702,N.A.,N.A.,B0CZ3T5ZPZ
2025-03-13,291,1618,N.A.,N.A.,B0CZ3T5ZPZ
2025-03-14,270,1896,N.A.,N.A.,B0CZ3T5ZPZ
2025-03-15,270,1958,N.A.,N.A.,B0CZ3T5ZPZ
2025-03-16,273,1914,N.A.,N.A.,B0CZ3T5ZPZ
2025-03-17,319,1474,N.A.,N.A.,B0CZ3T5ZPZ
2025-03-18,307,1601,N.A.,N.A.,B0CZ3T5ZPZ
2025-03-19,335,1380,N.A.,N.A.,B0CZ3T5ZPZ
2025-03-20,324,1478,N.A.,N.A.,B0CZ3T5ZPZ
2025-03-21,323,1506,N.A.,N.A.,B0CZ3T5ZPZ
2025-03-22,303,1727,N.A.,N.A.,B0CZ3T5ZPZ
2025-03-23,283,1956,N.A.,N.A.,B0CZ3T5ZPZ
2025-03-24,312,1645,N.A.,N.A.,B0CZ3T5ZPZ
2025-03-25,291,1873,4.6,268,B0CZ3T5ZPZ
2025-03-26,274,2103,N.A.,N.A.,B0CZ3T5ZPZ
2025-03-27,240,2647,N.A.,N.A.,B0CZ3T5ZPZ
2025-03-28,238,2705,N.A.,N.A.,B0CZ3T5ZPZ
2025-03-29,243,2633,N.A.,N.A.,B0CZ3T5ZPZ
2025-03-30,221,3086,N.A.,N.A.,B0CZ3T5ZPZ
2025-03-31,248,2539,N.A.,N.A.,B0CZ3T5ZPZ
2025-04-01,256,2404,N.A.,N.A.,B0CZ3T5ZPZ
2025-04-02,262,2310,N.A.,N.A.,B0CZ3T5ZPZ
2025-04-03,265,2260,N.A.,N.A.,B0CZ3T5ZPZ
2025-04-04,253,2456,N.A.,N.A.,B0CZ3T5ZPZ
2025-04-05,262,2308,N.A.,N.A.,B0CZ3T5ZPZ
2025-04-06,269,2162,N.A.,N.A.,B0CZ3T5ZPZ
2025-04-07,283,1964,N.A.,N.A.,B0CZ3T5ZPZ
2025-04-08,269,2164,N.A.,N.A.,B0CZ3T5ZPZ
2025-04-09,298,1772,N.A.,N.A.,B0CZ3T5ZPZ
2025-04-10,268,2179,N.A.,N.A.,B0CZ3T5ZPZ
2025-04-11,281,1992,N.A.,N.A.,B0CZ3T5ZPZ
2025-04-12,266,2198,N.A.,N.A.,B0CZ3T5ZPZ
2025-04-13,251,2447,N.A.,N.A.,B0CZ3T5ZPZ
2025-04-14,256,2383,N.A.,N.A.,B0CZ3T5ZPZ
2025-04-15,262,2295,N.A.,N.A.,B0CZ3T5ZPZ
2025-04-16,297,1833,N.A.,N.A.,B0CZ3T5ZPZ
2025-04-17,283,2011,N.A.,N.A.,B0CZ3T5ZPZ
2025-04-18,271,2192,N.A.,N.A.,B0CZ3T5ZPZ
2025-04-19,287,1990,N.A.,N.A.,B0CZ3T5ZPZ
2025-04-20,292,1939,N.A.,N.A.,B0CZ3T5ZPZ
2025-04-21,330,1530,N.A.,N.A.,B0CZ3T5ZPZ
2025-04-22,329,1541,N.A.,N.A.,B0CZ3T5ZPZ
2025-04-23,346,1396,N.A.,N.A.,B0CZ3T5ZPZ
2025-04-24,326,1566,N.A.,N.A.,B0CZ3T5ZPZ
2025-04-25,328,1551,4.6,331,B0CZ3T5ZPZ
2025-04-26,315,1680,N.A.,N.A.,B0CZ3T5ZPZ
2025-04-27,329,1810,N.A.,N.A.,B0CZ3T5ZPZ
2025-04-28,317,1939,N.A.,N.A.,B0CZ3T5ZPZ
2025-04-29,321,1891,N.A.,N.A.,B0CZ3T5ZPZ
2025-04-30,329,1817,N.A.,N.A.,B0CZ3T5ZPZ
2025-05-01,336,1748,N.A.,N.A.,B0CZ3T5ZPZ
2025-05-02,343,1679,N.A.,N.A.,B0CZ3T5ZPZ
2025-05-03,344,1672,N.A.,N.A.,B0CZ3T5ZPZ
2025-05-04,377,1411,N.A.,N.A.,B0CZ3T5ZPZ
2025-05-05,368,1471,N.A.,N.A.,B0CZ3T5ZPZ
2025-05-06,336,1743,N.A.,N.A.,B0CZ3T5ZPZ
2025-05-07,340,1710,N.A.,N.A.,B0CZ3T5ZPZ
2025-05-08,365,1495,N.A.,N.A.,B0CZ3T5ZPZ
2025-05-09,350,1618,N.A.,N.A.,B0CZ3T5ZPZ
2025-05-10,348,1636,N.A.,N.A.,B0CZ3T5ZPZ
2025-05-11,347,1646,N.A.,N.A.,B0CZ3T5ZPZ
2025-05-12,370,1461,N.A.,N.A.,B0CZ3T5ZPZ
2025-05-13,373,1434,N.A.,N.A.,B0CZ3T5ZPZ
2025-05-14,407,1213,N.A.,N.A.,B0CZ3T5ZPZ
2025-05-15,348,1637,N.A.,N.A.,B0CZ3T5ZPZ
2025-02-17,1,21148,N.A.,N.A.,B0BBLT3TT1
2025-02-18,1,18095,N.A.,N.A.,B0BBLT3TT1
2025-02-19,1,15041,N.A.,N.A.,B0BBLT3TT1
2025-02-20,2,11988,N.A.,N.A.,B0BBLT3TT1
2025-02-21,2,8935,N.A.,N.A.,B0BBLT3TT1
2025-02-22,3,5882,N.A.,N.A.,B0BBLT3TT1
2025-02-23,5,4349,N.A.,N.A.,B0BBLT3TT1
2025-02-24,2,11892,N.A.,N.A.,B0BBLT3TT1
2025-02-25,4,5517,N.A.,N.A.,B0BBLT3TT1
2025-02-26,2,8660,N.A.,N.A.,B0BBLT3TT1
2025-02-27,1,17410,N.A.,N.A.,B0BBLT3TT1
2025-02-28,1,15991,N.A.,N.A.,B0BBLT3TT1
2025-03-01,1,14573,N.A.,N.A.,B0BBLT3TT1
2025-03-02,1,13154,N.A.,N.A.,B0BBLT3TT1
2025-03-03,2,11735,N.A.,N.A.,B0BBLT3TT1
2025-03-04,2,10316,N.A.,N.A.,B0BBLT3TT1
2025-03-05,2,8898,N.A.,N.A.,B0BBLT3TT1
2025-03-06,3,7479,N.A.,N.A.,B0BBLT3TT1
2025-03-07,1,19892,N.A.,N.A.,B0BBLT3TT1
2025-03-08,1,19817,N.A.,N.A.,B0BBLT3TT1
2025-03-09,1,19743,N.A.,N.A.,B0BBLT3TT1
2025-03-10,1,19668,N.A.,N.A.,B0BBLT3TT1
2025-03-11,1,19594,N.A.,N.A.,B0BBLT3TT1
2025-03-12,1,19519,N.A.,N.A.,B0BBLT3TT1
2025-03-13,1,19445,N.A.,N.A.,B0BBLT3TT1
2025-03-14,1,19370,3.8,39,B0BBLT3TT1
2025-03-15,1,18022,N.A.,N.A.,B0BBLT3TT1
2025-03-16,1,16674,N.A.,N.A.,B0BBLT3TT1
2025-03-17,1,15326,N.A.,N.A.,B0BBLT3TT1
2025-03-18,1,13977,N.A.,N.A.,B0BBLT3TT1
2025-03-19,1,12629,N.A.,N.A.,B0BBLT3TT1
2025-03-20,2,11281,N.A.,N.A.,B0BBLT3TT1
2025-03-21,2,9933,N.A.,N.A.,B0BBLT3TT1
2025-03-22,1,12878,N.A.,N.A.,B0BBLT3TT1
2025-03-23,1,12540,N.A.,N.A.,B0BBLT3TT1
2025-03-24,2,12202,N.A.,N.A.,B0BBLT3TT1
2025-03-25,2,11864,N.A.,N.A.,B0BBLT3TT1
2025-03-26,2,11525,N.A.,N.A.,B0BBLT3TT1
2025-03-27,2,11187,N.A.,N.A.,B0BBLT3TT1
2025-03-28,2,10849,N.A.,N.A.,B0BBLT3TT1
2025-03-29,2,10511,N.A.,N.A.,B0BBLT3TT1
2025-03-30,2,11929,N.A.,N.A.,B0BBLT3TT1
2025-03-31,1,15063,N.A.,N.A.,B0BBLT3TT1
2025-04-01,1,14881,N.A.,N.A.,B0BBLT3TT1
2025-04-02,1,14699,N.A.,N.A.,B0BBLT3TT1
2025-04-03,1,14517,N.A.,N.A.,B0BBLT3TT1
2025-04-04,1,14335,N.A.,N.A.,B0BBLT3TT1
2025-04-05,1,14153,N.A.,N.A.,B0BBLT3TT1
2025-04-06,1,13971,N.A.,N.A.,B0BBLT3TT1
2025-04-07,1,13789,N.A.,N.A.,B0BBLT3TT1
2025-04-08,1,14223,N.A.,N.A.,B0BBLT3TT1
2025-04-09,1,14656,N.A.,N.A.,B0BBLT3TT1
2025-04-10,1,15090,N.A.,N.A.,B0BBLT3TT1
2025-04-11,1,15524,N.A.,N.A.,B0BBLT3TT1
2025-04-12,1,15958,N.A.,N.A.,B0BBLT3TT1
2025-04-13,1,16391,N.A.,N.A.,B0BBLT3TT1
2025-04-14,1,16825,3.9,42,B0BBLT3TT1
2025-04-15,1,16594,N.A.,N.A.,B0BBLT3TT1
2025-04-16,1,16363,N.A.,N.A.,B0BBLT3TT1
2025-04-17,1,16132,N.A.,N.A.,B0BBLT3TT1
2025-04-18,1,15902,N.A.,N.A.,B0BBLT3TT1
2025-04-19,1,15671,N.A.,N.A.,B0BBLT3TT1
2025-04-20,1,15440,N.A.,N.A.,B0BBLT3TT1
2025-04-21,1,15209,N.A.,N.A.,B0BBLT3TT1
2025-04-22,1,14708,N.A.,N.A.,B0BBLT3TT1
2025-04-23,1,14207,N.A.,N.A.,B0BBLT3TT1
2025-04-24,1,13706,N.A.,N.A.,B0BBLT3TT1
2025-04-25,1,13204,N.A.,N.A.,B0BBLT3TT1
2025-04-26,1,12703,N.A.,N.A.,B0BBLT3TT1
2025-04-27,1,12202,N.A.,N.A.,B0BBLT3TT1
2025-04-28,2,11701,N.A.,N.A.,B0BBLT3TT1
2025-04-29,1,15381,N.A.,N.A.,B0BBLT3TT1
2025-04-30,1,15056,N.A.,N.A.,B0BBLT3TT1
2025-05-01,1,14730,N.A.,N.A.,B0BBLT3TT1
2025-05-02,1,14405,N.A.,N.A.,B0BBLT3TT1
2025-05-03,1,14079,N.A.,N.A.,B0BBLT3TT1
2025-05-04,1,13754,N.A.,N.A.,B0BBLT3TT1
2025-05-05,1,13428,N.A.,N.A.,B0BBLT3TT1
2025-05-06,1,13103,N.A.,N.A.,B0BBLT3TT1
2025-05-07,1,14982,N.A.,N.A.,B0BBLT3TT1
2025-05-08,1,16861,N.A.,N.A.,B0BBLT3TT1
2025-05-09,1,18740,N.A.,N.A.,B0BBLT3TT1
2025-05-10,1,20618,N.A.,N.A.,B0BBLT3TT1
2025-05-11,1,22497,N.A.,N.A.,B0BBLT3TT1
2025-05-12,1,24376,N.A.,N.A.,B0BBLT3TT1
2025-05-13,1,26255,N.A.,N.A.,B0BBLT3TT1
2025-05-14,1,28134,N.A.,N.A.,B0BBLT3TT1
2025-05-15,0,30013,N.A.,N.A.,B0BBLT3TT1
