"ASIN","Product.Name","Brand","Price","Monthly.Units.Sold","Daily.Units.Sold","Monthly.Revenue","Date.First.Available","Net.Revenue","Star.Rating","Reviews","Amazon.Fees","BSR","LQS","Seller.Type","Sellers","Category","Product.Tier","Dimensions","Weight","Link"
"B0C7J96PK2","Knee Pad Cushion - 0.6 inch (15mm) Thick Exercise Knee Pad for Pain Free Yoga - Perfect Companion for Home Workout - Easy on the Knees, Elbows, Wrists and Back (Does Not Include Yoga Mat)","Kinesis Yoga","$13.99","509","15","$7,121","06/07/2023","$7.66",4.7,"226","$6.33","18,144",7,"FBA",1,"Sports & Outdoors","Small standard","4.45 x 10.2 x 4.41 in","0.14 kg","https://www.amazon.com/dp/B0C7J96PK2?th=1&psc=1"
"B0CDLP9SQ3","Incense Holder, Wooden Incense Holder for Sticks with Glass Ash Catcher, Anti-ash Incense Burner with 20 Incense Sticks and a Ash Brush for Meditation Yoga Spa Room Decor","CEREMONY","$9.90","12,894","390","$127,651","08/02/2023","$3.69",4.6,"2,698","$6.26","1,958",7,"FBA",2,"Home & Kitchen","Large standard","3.937 x 9.803 x 3.504 in","0.683 lb","https://www.amazon.com/dp/B0CDLP9SQ3?th=1&psc=1"
"B08C1K6JBX","merka Yoga Cards, 50 Yoga Deck Flashcards with Asana Poses for Class Sequencing and Practice, Sanskrit and Cues for Beginners, Teachers, Women Workout Fitness Ideal Gift","merka","$21.98","345","11","$7,583","06/28/2020","$13.79",4.4,"806","$8.19","27,413",7,"FBA",1,"Toys & Games","Large standard","4.37 x 2.6 x 0.87 in","4.16 oz","https://www.amazon.com/dp/B08C1K6JBX?th=1&psc=1"
"B01LP0U5X0","Amazon Basics 1/2 Inch Extra Thick Exercise Yoga Mat with Carrying Strap","Amazon Basics","$17.80","39,280","1,380","$699,184","08/09/2017","$8.27",4.6,"102,031","$9.53","10",6,"AMZ",3,"Sports & Outdoors","Large standard","7.6 x 25.197 x 7.5 in","1 kg","https://www.amazon.com/dp/B01LP0U5X0?th=1&psc=1"
"B0CGY6G5PY","Palace Learning Yoga Pose Exercise Cards - Yoga Positions and Workout Fitness Cards with Over 50 Poses - 2.5' x 3.5'","palace learning","$7.97","102","3","$812.94","08/30/2023","$2.87",4.4,"80","$5.10","69,410",4,"FBA",1,"Sports & Outdoors","Large standard","3.62 x 2.6 x 0.91 in","0.1 kg","https://www.amazon.com/dp/B0CGY6G5PY?th=1&psc=1"
"B09Y1QQB26","WLLWOO WLLWOO Yoga Bags for Women with Yoga Mats Bags Carrier Carryall Canvas Tote for Pilates Shoulder for Travel Office Beach Workout","WLLWOO WLLWOO","$16.99","1,525","57","$25,910","05/31/2022","$5.01",4.6,"318","$11.98","4,189",7,"FBA",2,"Sports & Outdoors","Large standard","15 x 5 x 14 in","9.17 oz","https://www.amazon.com/dp/B09Y1QQB26?th=1&psc=1"
"B07CQM36X3","Ozaiic Yoga Socks for Women Non-Slip Grips & Straps, Ideal for Pilates, Pure Barre, Ballet, Dance, Barefoot Workout","ozaiic","$12.34","11,742","414","$144,896","04/27/2018","$7.46",4.6,"44,229","$4.88","1,177",7,"FBA",1,"Clothing, Shoes & Jewelry","Small standard","6.99 x 14.99 x 1 in","0.2 lb","https://www.amazon.com/dp/B07CQM36X3?th=1&psc=1"
"B075W63K67","Gaiam Yoga Block - Supportive Latex-Free Eva Foam - Soft Non-Slip Surface with Beveled Edges for Yoga, Pilates, Meditation - Yoga Accessories for Stability, Balance, Deepen Stretches","Gaiam","$14.38","20,577","769","$295,897","09/21/2017","$7.90",4.8,"52,126","$6.48","49",7,"AMZ",4,"Sports & Outdoors","Small standard","11.73 x 17.8 x 5.08 in","195 g","https://www.amazon.com/dp/B075W63K67?th=1&psc=1"
"B0C4Y43QKX","Trideer Yoga Blocks 2 Pack, Soft Non-Slip Surface Premium Foam Blocks, Supportive, Lightweight, Odor Resistant, Yoga Accessories for Pilates Meditation General Fitness Stretching Toning","Trideer","$12.99","6,099","175","$79,226","06/29/2023","$6.81",4.7,"2,543","$6.18","864",9,"FBA",1,"Sports & Outdoors","Small standard","6.02 x 5.87 x 9.17 in","4.23 oz","https://www.amazon.com/dp/B0C4Y43QKX?th=1&psc=1"
"B08GKGXNXL","11-in-1 Yoga Accessory Set - Wheel, Blocks, Bands, Bag & Jump Rope for Stretching & Backbends","WYRJXYB","$39.99","186","7","$7,438","07/15/2020","$24.32",4.7,"1,311","$15.67","40,258",5,"FBA",1,"Sports & Outdoors","Large standard","13.35 x 6.46 x 13.46 in","2.58 kg","https://www.amazon.com/dp/B08GKGXNXL?th=1&psc=1"
"B096KWFV2K","Boho Headbands For Women Fashion Wide Headband Yoga Workout Head Bands Hair Accessories Band 6 Pack","YONUF","$9.99","7,163","212","$71,558","06/23/2021","$3.72",4.4,"6,324","$6.27","4,143",5,"FBA",1,"Beauty & Personal Care","Large standard","8.7 x 6.42 x 1.5 in","4.66 oz","https://www.amazon.com/dp/B096KWFV2K?th=1&psc=1"
"B0CV7CKSFY","Yoga Mat Bag - Adjustable Strap Carrier for Standard Size Mats, Bag for Men and Women","hempology","$24.95","101","3","$2,520","02/07/2024","$15.78",4.4,"86","$12.19","85,793",6,"FBA",4,"Sports & Outdoors","Large standard","9.76 x 13.15 x 3.35 in","1.01 lb","https://www.amazon.com/dp/B0CV7CKSFY?th=1&psc=1"
"B07H7QT6BN","WALITO Resistance Bands for Legs and Butt, Fabric Exercise Loop Bands Yoga, Pilates, Rehab, Fitness and Home Workout, Strength Bands for Booty","WALITO","$13.99","8,856","259","$123,895","09/09/2018","$7.37",4.7,"23,929","$6.62","454",7,"FBA",1,"Sports & Outdoors","Small standard","5.709 x 10.945 x 1.772 in","11.2 oz","https://www.amazon.com/dp/B07H7QT6BN?th=1&psc=1"
"B0BRQ9XVPC","Legging Organizer for Closet, Metal Yoga Pants Hanger w/Rubber Coated 2 Pack w/10 Clips Hold 20 Leggings, Hangers Space Saving Hanging Closet Organizer for Closet Organizers and Storage-Grey","Volnamal","$14.24","5,752","210","$81,908","12/31/2023","$7.46",4.4,"2,522","$6.78","4,715",7,"FBA",1,"Home & Kitchen","Small standard","7.283 x 14.681 x 0.709 in","0.926 lb","https://www.amazon.com/dp/B0BRQ9XVPC?th=1&psc=1"
"B0D9PJ3TR7","Foldable Multi-Purpose Fitness & Yoga/Pilates Mat, Workout Mat with Non-Slip Surface, Portable & Lightweight, For Studio or Home Use, As Seen on Shark Tank","Stakt","$88.00","1,041","43","$91,608","07/17/2024","$61.92",4.2,"143","$26.08","5,809",8,"FBA",2,"Sports & Outdoors","Large bulky","12 x 24.5 x 3.3 in","3.651 lb","https://www.amazon.com/dp/B0D9PJ3TR7?th=1&psc=1"
"B0CN32WXG8","Manduka GRP Adapt Hot Yoga Mat - For Women and Men, Durable, Non Slip Grip, Sweat Resistant","Manduka","$90.16","697","25","$62,842","11/09/2023","$68.09",4.6,"295","$22.07","10,738",6,"FBA",7,"Sports & Outdoors","Large standard","4.6 x 4.2 x 25.8 in","5 lb","https://www.amazon.com/dp/B0CN32WXG8?th=1&psc=1"
"B07B9K3LRY","Les Mills MBX MAT Dual Sided Exercise Mat For Yoga and Dynamic Exercise Training At Home and Gym Use","Les Mills","$104.99","15","1","$1,575","03/06/2018","$80.69",4.4,"24","$24.30","213,214",7,"FBA",2,"Sports & Outdoors","Large standard","4.488 x 24.409 x 4.331 in","2.2 kg","https://www.amazon.com/dp/B07B9K3LRY?th=1&psc=1"
"B071LN6Y9K","AIREX Corona 200 Premium Exercise Mat for Yoga, Physical Therapy, Rehabilitation, Balance & Stability Exercises, Pilates, Aerobics 78' x 39', Charcoal","AIREX","$168.29","53","1","$8,919","01/27/2017","$142.06",4.4,"101","$26.23","239,137",7,"FBM",1,"Sports & Outdoors","Extra-large","39 x 0.6 x 78 in","2.2 lb","https://www.amazon.com/dp/B071LN6Y9K?th=1&psc=1"
"B0030DBFB2","Resistance Bands Workout Set, Fitness Bands for Strength Exercise, Gym or Home Workouts, Kit Includes 2 Soft Handles and 2 Resistance Bands","BODi","$14.95","41","1","$612.95","03/07/2009","$8.07",4.6,"182","$6.88","162,016",7,"FBA",1,"Sports & Outdoors","Small standard","8.98 x 10.28 x 4.61 in","1 lb","https://www.amazon.com/dp/B0030DBFB2?th=1&psc=1"
"B07LBBLKRT","30 Day Yoga For Weight Loss with Julia Marie","","","","","","02/27/2020","",NA,"","$3.58","",0,"",1,"","Small standard","","","https://www.amazon.com/dp/B07LBBLKRT?th=1&psc=1"
"B0D7NVS6RV","Lenovo Yoga 7i 2-in-1 Laptop, 16' 2K Touchscreen Display, Core Ultra 7 155U (Up to 4.80 GHz), 16GB DDR5, 1TB PCIe SSD, Wi-Fi 6E, Backlit KB, FP Reader, TB 4, Webcam, Keypad, PDG HDMI, Win 11 Pro","Lenovo","$883.00","250","10","$220,750","06/19/2024","$811.37",4.2,"39","$71.63","2,206",6,"FBM",16,"Computers & Accessories","Large standard","12.8 x 20.7 x 3.1 in","4.6 lb","https://www.amazon.com/dp/B0D7NVS6RV?th=1&psc=1"
"B0DTGN9JJM","Womens Y Back Padded Sports Bra Strappy U Neck Butter Soft Low Impact Workout Bras Yoga Pilates Walking","Omwilddo","$26.00","774","25","$20,124","01/19/2025","$15.34",4.7,"9","$10.66","51,043",8,"FBA",1,"Clothing, Shoes & Jewelry","Large standard","10.16 x 12.36 x 1.81 in","0.24 lb","https://www.amazon.com/dp/B0DTGN9JJM?th=1&psc=1"
"B0DLKT4R7X","G4Free BareFeel Womens Workout Tops Short Sleeve Half Zip Slim Fit Athletic Shirts Gym Running Yoga Slight Crop Tshirts","","$26.99","","","","04/06/2025","",4.6,"","","",8,"",1,"","","","","https://www.amazon.com/dp/B0DLKT4R7X?th=1&psc=1"
"B0F22D9FS4","WIHOLL Women's Workout Tank Tops Sleeveless Athletic Racerback for Gym Yoga Running - Summer Fitness Tops Scoop Neck (S-XXL)","WIHOLL","$8.95","1,828","71","$16,361","04/25/2025","$4.15",4.6,"","$4.80","16,823",8,"FBA",1,"Clothing, Shoes & Jewelry","Small standard","11.5 x 10.2 x 0.65 in","4.8 oz","https://www.amazon.com/dp/B0F22D9FS4?th=1&psc=1"
"B0F1XBDQJC","Non-Slip Grip Slouchy Scrunch Socks Comfortable Yoga Pilates Socks for Women Shoe Sizes 6-12","Raigoo","$8.99","","","","03/18/2025","$4.62",5,"","$5.37","1,228,776",5,"FBA",1,"Clothing, Shoes & Jewelry","Small standard","6 x 0.6 x 6 in","0.992 lb","https://www.amazon.com/dp/B0F1XBDQJC?th=1&psc=1"
"B0DY7DNWPT","Pilates Socks with Grips for Women Grippy Yoga Sock Crew Size 7-9 for Workout Barre Ballet Barefoot 5 Pairs","GIAG.IO","$15.94","","","","03/24/2025","$8.01",5,"2","$7.93","973,872",7,"FBA",1,"Clothing, Shoes & Jewelry","Large standard","6.3 x 0.98 x 9.05 in","0.55 lb","https://www.amazon.com/dp/B0DY7DNWPT?th=1&psc=1"
"B0F2DRC2GD","G Gradual Women's Workout Tank Tops Racerback Athletic Yoga Tops Loose Fit Sleeveless Running Gym Sports Shirts for Women","G Gradual","$14.99","608","20","$9,114","03/25/2025","$7.60",4,"","$7.39","61,638",8,"FBA",1,"Clothing, Shoes & Jewelry","Large standard","5.4 x 1.2 x 7.5 in","0.2 lb","https://www.amazon.com/dp/B0F2DRC2GD?th=1&psc=1"
"B06XP237LY","Yoga Therapy For Back Pain, Neck Pain & Stress Relief - Lindsey Samper","","","","","","04/15/2018","",NA,"","$3.58","",0,"",1,"","Small standard","","","https://www.amazon.com/dp/B06XP237LY?th=1&psc=1"
"B0872R3DCS","30 Days of Yoga for Beginners | Calm Mind & Body | Eliz Fitness","","","","","","11/23/2020","",NA,"","$3.58","",0,"",1,"","Small standard","","","https://www.amazon.com/dp/B0872R3DCS?th=1&psc=1"
"B079PXZBKZ","15-Minute Yoga Stretch 1.0 Workout","","","","","","07/30/2020","",NA,"1","$3.58","",0,"",1,"","Small standard","","","https://www.amazon.com/dp/B079PXZBKZ?th=1&psc=1"
"B0B2BWC8GM","G4Free Wide Leg Pants for Women Loose Yoga Pants with Pockets Petite/Regular/Tall Stretch Casual Lounge Pants","G4Free","$35.99","10,598","354","$381,422","09/19/2023","$23.55",4.4,"4,076","$12.44","1,586",8,"FBA",1,"Clothing, Shoes & Jewelry","Large standard","10.984 x 14.37 x 1.614 in","0.838 lb","https://www.amazon.com/dp/B0B2BWC8GM?th=1&psc=1"
"B078KFF7ND","ProBody Pilates Fitness Ring  14 Inch Pilates Ring for Focusing on Toning Inner Thighs, Arms, and Core","probody pilates","$24.95","6,363","191","$158,757","09/05/2016","$9.47",4.5,"9,146","$15.48","752",7,"FBA",1,"Sports & Outdoors","Large bulky","15 x 15 x 2 in","0.36 kg","https://www.amazon.com/dp/B078KFF7ND?th=1&psc=1"
"B0CD1S3FQ5","Meditation System for Meditation,Mindfulness,Sound Bath,Chakra Healing, Stress Relief,Sound Therapy,Yoga Practice,Relaxation","rylaxtones","$133.99","201","7","$26,932","07/28/2023","$107.38",4.5,"122","$26.61","86,874",7,"FBA",1,"Health & Household","Large standard","3.03 x 3.03 x 1.77 in","1.59 lb","https://www.amazon.com/dp/B0CD1S3FQ5?th=1&psc=1"
"B0DYC4YC43","Yoga Blocks 2 Pcs, 9'x6'x3' Yoga Brick Foam Blocks EVA Foam Block Yoga Props Accessories for Yoga Pilates Stretching and Meditation","POUYRBA","$11.99","496","14","$5,947","02/24/2025","$3.15",NA,"","$8.84","19,934",8,"FBA",1,"Sports & Outdoors","Large standard","5.98 x 9.41 x 5.87 in","0.529 lb","https://www.amazon.com/dp/B0DYC4YC43?th=1&psc=1"
"B074VB59RW","Cosmic Kids Yoga Adventures","","","","","","12/19/2017","",NA,"","$3.58","",0,"",1,"","Small standard","","","https://www.amazon.com/dp/B074VB59RW?th=1&psc=1"
"B00V31TF2Y","Shandali GoSweat Non-Slip Hot Yoga Towel with Super-Absorbent Soft Suede Microfiber in Many Colors, for Bikram Pilates and Yoga Mats.","Shandali","$15.95","6,018","238","$95,987","07/04/2013","$8.92",4.3,"6,664","$7.03","524",7,"FBA",1,"Sports & Outdoors","Small standard","4.45 x 9.17 x 3.15 in","0.9 lb","https://www.amazon.com/dp/B00V31TF2Y?th=1&psc=1"
"B0D1MXGPFZ","AURUZA Pilates Grip Socks for Women Non Slip Skid Yoga Socks with Grips Straps for Ballet Dance Workout Gripper Socks","AURUZA","$9.99","4,467","141","$44,625","08/17/2024","$5.03",4.5,"514","$4.96","6,934",7,"FBA",1,"Clothing, Shoes & Jewelry","Small standard","8.346 x 9.843 x 0.748 in","0.331 lb","https://www.amazon.com/dp/B0D1MXGPFZ?th=1&psc=1"
"B0BWPC9KZD","Nurse Jamie SUPER-CRYO MASSAGING ORB - LARGE","Nurse Jamie","$24.50","103","2","$2,524","04/19/2023","$15.29",4.8,"8","$9.21","156,066",4,"AMZ",1,"Health & Household","Large standard","4.06 x 3.98 x 3.19 in","12.95 oz","https://www.amazon.com/dp/B0BWPC9KZD?th=1&psc=1"
"B01CI6SO1A","Liforme Travel Yoga mat  Patented Alignment System, Warrior-Like Grip, Non-Slip, Eco-Friendly, Ultra-Lightweight and Sweat Resistant, Made with Natural Rubber","LIFORME","$124.95","175","7","$21,866","10/04/2016","$98.06",4.3,"805","$26.89","40,372",7,"FBA",1,"Sports & Outdoors","Large standard","4.724 x 27.559 x 4.724 in","1.6 kg","https://www.amazon.com/dp/B01CI6SO1A?th=1&psc=1"
"B07CLDNX8M","Couch To Confident 14 Day Yoga Challenge with Julia Marie","","","","","","02/27/2020","",NA,"","$3.58","",0,"",1,"","Small standard","","","https://www.amazon.com/dp/B07CLDNX8M?th=1&psc=1"
"B0DNDGHQBN","Namaste Yoga","","","","","","09/29/2019","",NA,"","$3.58","",0,"",1,"","Small standard","","","https://www.amazon.com/dp/B0DNDGHQBN?th=1&psc=1"
"B00XQBHJOU","ASUTRA Yoga Mat Cleaner Spray (Peaceful Lavender), 4 fl oz - No Slippery Residue, Organic Essential Oils, Deep-Cleansing for Fitness Gear & Gym Equipment, Microfiber Towel Included","ASUTRA","$13.98","2,429","83","$33,957","05/15/2015","$6.99",4.5,"8,617","$6.99","2,572",7,"FBA",1,"Sports & Outdoors","Large standard","6.57 x 3.07 x 1.65 in","5.93 oz","https://www.amazon.com/dp/B00XQBHJOU?th=1&psc=1"
"B09P1GB319","CRZ YOGA Butterluxe High Waisted Lounge Legging 25' - Buttery Soft Workout Yoga Pants for Women","CRZ YOGA","$32.00","36,198","1,371","$1.16M","01/09/2024","$21.22",4.6,"11,855","$10.78","51",6,"FBA",1,"Clothing, Shoes & Jewelry","Large standard","8.03 x 9.09 x 1.42 in","0.351 lb","https://www.amazon.com/dp/B09P1GB319?th=1&psc=1"
"B07G1R42MS","Gaiam Yoga Knee Pads (Set of 2) - Yoga Props and Accessories for Women/Men Cushions Knees and Elbows for Fitness, Travel, Meditation, Kneeling, Balance, Floor, Pilates","Gaiam","$14.23","1,809","71","$25,742","07/29/2018","$6.56",4.6,"2,533","$7.67","3,130",8,"AMZ",1,"Sports & Outdoors","Large standard","7.6 x 7.6 x 1 in","0.43 lb","https://www.amazon.com/dp/B07G1R42MS?th=1&psc=1"
"B08SMQ1QYV","10 Day Yoga for Weight Loss Challenge with Chelsey","","","","","","01/13/2021","",NA,"","$3.58","",0,"",1,"","Small standard","","","https://www.amazon.com/dp/B08SMQ1QYV?th=1&psc=1"
"B01MQXU0AB","Yoga for Men's Health","","","","","","01/26/2021","",NA,"2","$3.58","",0,"",1,"","Small standard","","","https://www.amazon.com/dp/B01MQXU0AB?th=1&psc=1"
"B0869DXL98","CRZ YOGA Pima Cotton Cropped Workout Tank Tops for Women - Sleeveless Sports Athletic Yoga Running Gym Crop Shirts","CRZ YOGA","$20.00","14,488","523","$289,760","07/20/2023","$10.64",4.4,"3,195","$9.36","725",8,"FBA",1,"Clothing, Shoes & Jewelry","Large standard","9.016 x 11.339 x 1.339 in","0.154 lb","https://www.amazon.com/dp/B0869DXL98?th=1&psc=1"
"B07H9PDL2Y","Gaiam Essentials Thick Yoga Mat Fitness & Exercise Mat with Easy-Cinch Yoga Mat Carrier Strap, 72'L x 24'W x 2/5 Inch Thick","Gaiam","$21.98","24,189","912","$531,674","11/14/2018","$11.82",4.6,"42,827","$10.16","32",8,"AMZ",3,"Sports & Outdoors","Large standard","6.69 x 24.25 x 6.38 in","930 g","https://www.amazon.com/dp/B07H9PDL2Y?th=1&psc=1"
"B0DQHYKJND","2 Pack Hot Yoga Towel with Grip DotStickyfiber Yoga Mat Towels Non Slip for Hot Yoga,Absorbent Microfiber Sweat Anti-Slip Cover,Bikram,Pilates,Exercise,Fitness","CYCLXY","$27.97","3,612","126","$101,028","12/14/2024","$19.45",4.6,"81","$8.52","1,424",8,"FBA",1,"Sports & Outdoors","Small standard","7.32 x 9.92 x 3.78 in","0.4 lb","https://www.amazon.com/dp/B0DQHYKJND?th=1&psc=1"
"B0C6QBC9YJ","YeuG 4/6 Pairs Pilates Socks for Women - Non Slip Grip Socks for Yoga, Barre, Hospital, Barefoot","yeuG","$8.49","21,305","719","$180,879","05/31/2023","$2.85",4.6,"1,612","$5.64","348",5,"FBA",1,"Clothing, Shoes & Jewelry","Large standard","3.98 x 9.41 x 1.57 in","0.351 lb","https://www.amazon.com/dp/B0C6QBC9YJ?th=1&psc=1"
"B0DP6D7PSF","COOLMATE Pilates Socks with Grips for Women, Yoga Socks, Crew Non Slip Women for Workout, Barre, Pilates Gifts","COOLMATE GLOBAL","$9.99","8,660","208","$86,513","03/31/2025","$7.20",4.7,"105","$7.79","3,914",9,"FBA",1,"Clothing, Shoes & Jewelry","Large standard","6.69 x 8.27 x 0.87 in","0.399 lb","https://www.amazon.com/dp/B0DP6D7PSF?th=1&psc=1"
"B01IL7SKUU","Physical Massage Therapy Ball Set - Ideal for Yoga, Deep Tissue Massage, Trigger Point Therapy and Myofascial Release Physical Therapy Equipment","Acupoint","$14.95","3,187","119","$47,646","07/16/2016","$7.82",4.5,"5,045","$7.13","10,572",7,"FBA",1,"Health & Household","Large standard","2.5 x 2.5 x 2.5 in","7.04 oz","https://www.amazon.com/dp/B01IL7SKUU?th=1&psc=1"
"B01MRH1FSI","Yoga with Sound Meditations","","","","","","08/05/2019","",NA,"1","$3.58","",0,"",1,"","Small standard","","","https://www.amazon.com/dp/B01MRH1FSI?th=1&psc=1"
"B07KLS28HL","Yoga for Beginners Deluxe Set: 8 Yoga Video Routines for Beginners. Includes Gentle Yoga Workouts to Increase Strength & Flexibility","Body Wisdom Media","$24.99","","","","01/25/2019","$16.92",4.3,"5,270","$8.07","3,026",5,"FBA",2,"Movies & TV","Small standard","7.44 x 5.35 x 0.55 in","6.38 oz","https://www.amazon.com/dp/B07KLS28HL?th=1&psc=1"
"B0C5M1YDKQ","5 Pcs Professional Resistance Bands. Latex-Free, Elastic Band, Work Out Bands, Stretch Bands for Working Out Women or Men, Exercise Bands Set for Physical Therapy, Yoga, Pilates","lianjindun","$11.99","29,909","871","$358,609","05/17/2023","$5.05",4.6,"2,836","$6.94","36",7,"FBA",1,"Sports & Outdoors","Large standard","5.669 x 6.417 x 1.417 in","0.198 lb","https://www.amazon.com/dp/B0C5M1YDKQ?th=1&psc=1"
"B0B3CHW5SV","CRZ YOGA Butterluxe Womens Y Back Sports Bra - Padded Racerback Low Impact Spaghetti Thin Strap Workout Yoga Top","CRZ YOGA","$28.00","27,913","1,083","$781,564","06/07/2024","$17.44",4.4,"4,531","$10.56","112",7,"FBA",1,"Clothing, Shoes & Jewelry","Large standard","7.362 x 8.386 x 3.071 in","0.287 lb","https://www.amazon.com/dp/B0B3CHW5SV?th=1&psc=1"
"B01N4FVDIU","Yoga For Beginners","","","","","","04/11/2021","",NA,"5","$3.58","",0,"",1,"","Small standard","","","https://www.amazon.com/dp/B01N4FVDIU?th=1&psc=1"
"B018WRUH9Q","Yoga for Relaxation and Stress Relief Anywhere","","","","","","08/05/2019","$-1.59",NA,"8","$3.58","",0,"",1,"","Small standard","","","https://www.amazon.com/dp/B018WRUH9Q?th=1&psc=1"
"B017MVTKSW","Yoga For Restful Sleep with Dr. Daniel Nightingale","","","","","","08/06/2020","",NA,"68","$3.58","",0,"",1,"","Small standard","","","https://www.amazon.com/dp/B017MVTKSW?th=1&psc=1"
"B07Y9FG9Y5","15-Minute Yoga Stretch 2.0 (Workout)","","","","","","07/30/2020","",NA,"","$3.58","",0,"",1,"","Small standard","","","https://www.amazon.com/dp/B07Y9FG9Y5?th=1&psc=1"
"B0CKNWV577","Yoga Friends","","","","","","04/13/2024","",NA,"","$3.58","",0,"",1,"","Small standard","","","https://www.amazon.com/dp/B0CKNWV577?th=1&psc=1"
"B079Q818M6","15-Minute Yoga HIIT 1.0 (Workout)","","","","","","07/30/2020","",NA,"","$3.58","",0,"",1,"","Small standard","","","https://www.amazon.com/dp/B079Q818M6?th=1&psc=1"
"B0DSPH1DV2","Lenovo Yoga Pro 9i Laptop, Intel Core 9-185H, 32 GB LPDDR5X RAM, 1 TB PCIe SSD, 16' 3.2K Mini LED Touchscreen (3200x2000) Display, Nvidia G-Force RTX 4060, Backlit Keyboard, W11 Home, Luna Grey","Lenovo","$2,189.00","10","1","$21,890","01/09/2025","$2,022",NA,"","$176.91","19,077",4,"FBM",2,"Computers & Accessories","Large bulky","14 x 3 x 20 in","5 lb","https://www.amazon.com/dp/B0DSPH1DV2?th=1&psc=1"
"B0DBZWY9FZ","Lenovo Yoga 9i AI Powered 2-in-1 Laptop 14.0' 120 Hz Touchscreen OLED 2.8K (Intel Ultra 7-155H, 16GB LPDDR5X, 1TB SSD, Active Pen, Backlit KYB, FP Reader, 2 Thunderbolt 4, Win 11 Home) w/DKZ Hub","Lenovo","$1,385.04","63","2","$87,258","08/03/2024","$1,273",4.5,"8","$111.79","7,915",8,"FBM",6,"Computers & Accessories","Large standard","12 x 19 x 3 in","2.85 lb","https://www.amazon.com/dp/B0DBZWY9FZ?th=1&psc=1"
"B0BZCBJ7RL","Legging Organizer for Closet, Metal Yoga Pants Hangers 2 Pack w/10 Clips Holds 20 Leggings, Space Saving Hanging Closet Organizer w/Rubber Coated Closet Organizers and Storage, Black","Volnamal","$13.99","21,813","708","$305,164","03/22/2023","$5.38",4.3,"4,791","$8.61","744",7,"FBA",3,"Home & Kitchen","Large standard","7.28 x 14.65 x 0.79 in","0.93 lb","https://www.amazon.com/dp/B0BZCBJ7RL?th=1&psc=1"
"B01ICBTPQS","Gaiam Yoga Bolster - Long, Rectangular Meditation Pillow - Supportive Cushion for Restorative Yoga and Sitting on the Floor - Built-In Carrying Handle - Machine Washable Cover'","Gaiam","$44.28","1,889","29","$83,645","08/30/2016","$29.01",4.5,"5,056","$15.27","9,301",8,"AMZ",3,"Sports & Outdoors","Large standard","12.5 x 27.274 x 7.6 in","5.2 lb","https://www.amazon.com/dp/B01ICBTPQS?th=1&psc=1"
"B0DBX5VKLH","Lenovo Yoga Pro 9i 16'' Laptop (2024 Model) Intel 14th Gen Ultra 9 185H, NVIDIA GeForce RTX 4060, 32GB RAM, 1TB NVMe SSD, 16'' 3.2K Mini-Led 165Hz 1200-nits, Windows 11 Pro, Luna Grey, 83DN0008US","Lenovo","$2,099.95","68","1","$142,797","07/31/2024","$1,919",4.1,"5","$8.69","19,891",6,"FBA",1,"Computers & Accessories","Large standard","13 x 21 x 3 in","4.5 lb","https://www.amazon.com/dp/B0DBX5VKLH?th=1&psc=1"
"B0B287Y6GR","CRZ YOGA Womens ButterLuxe Biker Shorts 6 Inches - High Waisted Workout Running Volleyball Spandex Yoga","CRZ YOGA","$24.00","24,026","957","$576,624","06/23/2024","$14.86",4.7,"1,798","$9.14","162",7,"FBA",1,"Clothing, Shoes & Jewelry","Large standard","7.244 x 9.094 x 0.984 in","0.22 lb","https://www.amazon.com/dp/B0B287Y6GR?th=1&psc=1"
"B0C9LQPCW9","Stretching Strap Yoga Straps for Physical Therapy, 10 Loops Non-Elastic Stretch Band for Pilates, Flexibility, Exercise and Gymnastics","Abiarst","$5.99","9,226","297","$55,264","06/27/2023","$1.72",4.7,"2,288","$4.27","355",8,"FBA",1,"Sports & Outdoors","Small standard","5.31 x 0.43 x 10.28 in","0.1 kg","https://www.amazon.com/dp/B0C9LQPCW9?th=1&psc=1"
"B0BY8HMK7W","CRZ YOGA Mid Waisted Dolphin Athletic Shorts for Women 4' Lightweight High Split for Gym Workout with Liner Quick Dry","CRZ YOGA","$28.00","11,217","455","$314,076","05/30/2024","$17.82",4.5,"1,953","$10.18","972",7,"FBA",2,"Clothing, Shoes & Jewelry","Large standard","7.717 x 9.724 x 1.693 in","0.265 lb","https://www.amazon.com/dp/B0BY8HMK7W?th=1&psc=1"
"B09WVC526G","Trideer Stretching Strap Yoga Strap Physical Therapy for Home Workout, Exercise, Pilates and Gymnastics, 10 Loops Non-Elastic Stretch Bands with Aesthetic Packaging for Women & Men","Trideer","$5.99","14,411","449","$86,322","09/05/2022","$1.72",4.7,"5,895","$4.27","161",8,"FBA",1,"Sports & Outdoors","Small standard","5.24 x 11.06 x 0.55 in","0.08 kg","https://www.amazon.com/dp/B09WVC526G?th=1&psc=1"
"B0BJTGLYTT","Sand Cloud Turkish Beach Towel - Sand Free - 100% Organic Turkish Cotton Yarn - Quick Dry Towel for Beach, Picnic, Blanket or Bath Towel - As Seen on Shark Tank - Marine Life (Swirl Turtle)","Sand Cloud","$54.00","2,327","89","$125,658","10/19/2022","$41.31",4.8,"1,073","$12.69","13,711",8,"FBA",2,"Home & Kitchen","Small standard","5.16 x 11.42 x 4.17 in","360 g","https://www.amazon.com/dp/B0BJTGLYTT?th=1&psc=1"
"B07VP9M6QY","Sand Cloud Turkish Beach Towel - Sand Proof - 100% Certified Organic Turkish Towel - Quick Dry Towel for Beach, Picnic, Blanket or Bath Towel - As Seen on Shark Tank - Gocek (Denim)","Sand Cloud","$44.00","2,129","59","$93,676","07/22/2019","$33.94",4.6,"1,169","$14.06","21,835",8,"FBA",2,"Home & Kitchen","Large standard","6.97 x 10.87 x 4.02 in","1.01 lb","https://www.amazon.com/dp/B07VP9M6QY?th=1&psc=1"
"B0CDVX2R43","JOYSPELS Smooth Feeling Flare Maternity Leggings Over The Belly with Pockets Soft Bootcut Pregnancy Yoga Pants","JOYSPELS","$25.65","1,158","41","$29,703","08/07/2023","$17.57",4.4,"595","$8.08","30,956",8,"FBA",1,"Clothing, Shoes & Jewelry","Small standard","7.87 x 7.87 x 0.39 in","4.23 oz","https://www.amazon.com/dp/B0CDVX2R43?th=1&psc=1"
"B000C9LZRQ","Hugger Mugger Standard Yoga Bolster - Firm, Supportive, Handmade, Durable","Hugger Mugger","$97.95","335","11","$32,813","11/10/2005","$74.71",4.7,"1,347","$23.24","25,258",5,"FBA",1,"Sports & Outdoors","Large standard","12 x 26 x 6 in","5 lb","https://www.amazon.com/dp/B000C9LZRQ?th=1&psc=1"
"B0B3HVV375","CHRLEISURE Leggings with Pockets for Women, High Waisted Tummy Control Workout Yoga Pants","CHRLEISURE","$55.99","11,126","318","$622,945","04/01/2022","$38.96",4.6,"23,402","$17.03","1,932",5,"FBA",1,"Clothing, Shoes & Jewelry","Large standard","10.87 x 15.83 x 4.06 in","2.599 lb","https://www.amazon.com/dp/B0B3HVV375?th=1&psc=1"
"B0BN46MC3B","Organic Linen Eye Pillow - Specially Designed for Relaxation, Yoga, Stress Relief - Microwavable Heating Pad & Cool Compress - Made in USA - Gifts for Meditation - (Unscented)","Sacksy Thyme","$23.50","579","19","$13,607","11/22/2022","$14.84",4.5,"109","$8.66","14,349",7,"FBA",1,"Sports & Outdoors","Large standard","8.07 x 5.39 x 1.42 in","7.83 oz","https://www.amazon.com/dp/B0BN46MC3B?th=1&psc=1"
"B08RN6XZN3","Weighted Lavender Eye Mask for Sleeping, Relaxation, Meditation & Self-Care  Aromatherapy Lavender Eye Pillow  Calming Spa Gift for Women, Men, Mom, Dad","Solayman's","$24.74","296","16","$7,323","12/30/2020","$15.89",4.4,"823","$8.85","50,472",8,"FBA",1,"Health & Household","Large standard","1 x 9 x 4 in","7.1 oz","https://www.amazon.com/dp/B08RN6XZN3?th=1&psc=1"
"B0CNR8QNQD","Pilates Yoga Socks with Grips for Women - Crew Length Ballet Barre Socks - Sticky Workout Hospital Socks","Ivyhouse","$14.99","1,748","55","$26,203","11/20/2023","$6.76",4.6,"491","$8.23","22,395",7,"FBA",1,"Clothing, Shoes & Jewelry","Large standard","7.68 x 10.51 x 1.54 in","0.461 lb","https://www.amazon.com/dp/B0CNR8QNQD?th=1&psc=1"
"B0881XK679","Florensi Back Roller - Back Stretcher, Back Cracker, Yoga Wheel, Deep Tissue Massager - for Back Pain Relief, Back Cracking, Yoga Stretching, Trigger Point Therapy - Foam Padded Rollers","Florensi","$49.99","78","2","$3,899","02/27/2020","$33.30",4.4,"2,270","$16.69","95,277",7,"FBA",1,"Sports & Outdoors","Large standard","13.268 x 13.5 x 5.591 in","3.11 kg","https://www.amazon.com/dp/B0881XK679?th=1&psc=1"
"B07WHZYQT5","Yoga Vitality - Chair Yoga For Seniors, Older Adults, and Absolute Beginners | Made For Healthy Aging, Improved Mobility, Joint Health, Balance, Pain Relief, and Injury Prevention | 4 Levels","Rated: Unrated Format: DVD","$29.99","","","","08/14/2019","$21.35",4.4,"1,147","$8.64","331",6,"FBA",5,"Movies & TV","Small standard","7.48 x 5.31 x 0.63 in","3.21 oz","https://www.amazon.com/dp/B07WHZYQT5?th=1&psc=1"
"B0D4YWFV5N","Lenovo Yoga 7 83DL 2-in-1 Laptop 16' WUXGA IPS Touchscreen 12-Core Intel Ultra 7 155U 16GB LPDDR5 1TB SSD Intel Graphics Thunderbolt 4 Wi-Fi 6E Backlit Keyboard Fingerprint Win11 Pro w/ONT 32GB USB","Lenovo","$874.13","20","","$17,483","05/22/2024","$803.21",NA,"","$70.92","31,215",8,"FBM",5,"Computers & Accessories","Large standard","14 x 4 x 22 in","4.39 lb","https://www.amazon.com/dp/B0D4YWFV5N?th=1&psc=1"
"B07HQM6NH8","THE GYM PEOPLE Thick High Waist Yoga Pants with Pockets, Tummy Control Workout Running Yoga Leggings for Women","THE GYM PEOPLE","$24.99","32,362","1,126","$808,726","06/12/2024","$14.88",4.3,"59,883","$10.11","99",7,"FBA",2,"Clothing, Shoes & Jewelry","Large standard","8.214 x 10.71 x 1.36 in","0.67 lb","https://www.amazon.com/dp/B07HQM6NH8?th=1&psc=1"
"B0D16Y8CZ5","Small Exercise Ball, 9 Inch Mini Pilates Ball, Anti Burst and Slip Resistant Mini Yoga Ball for Stability, Fitness, Physical Therapy, Stretching & Core Strength Workout at Home Gym & Office","kisnbld","$7.59","8,918","302","$67,688","04/08/2024","$2.99",4.4,"483","$4.60","345",7,"FBA",1,"Sports & Outdoors","Small standard","5.12 x 6.61 x 1.14 in","0.14 kg","https://www.amazon.com/dp/B0D16Y8CZ5?th=1&psc=1"
"B08G1JVJDR","Hatha Yoga Extra Thick TPE Yoga Mat - 72'x 32' Thickness 1/2 Inch -Eco Friendly SGS Certified - With High Density Anti-Tear Exercise Bolster For Home Gym Travel & Floor Outside","Hatha yoga","$58.88","1,228","45","$72,305","08/16/2020","$41.82",4.6,"1,405","$17.06","5,547",7,"FBA",1,"Sports & Outdoors","Large standard","8 x 32 x 7.5 in","4 lb","https://www.amazon.com/dp/B08G1JVJDR?th=1&psc=1"
"B0CFBFXWM9","Back Roller Wheel- Foam Padded Back Stretcher Wheel with Center Spine Cradle-Back Pain & Stretching- Deep Tissue Massage Roller (Set of Four)","YOGI GRIPS","$56.55","758","22","$42,865","08/12/2023","$39.04",4.6,"198","$17.51","12,492",7,"FBA",1,"Sports & Outdoors","Large standard","10 x 5 x 10 in","6.35 lb","https://www.amazon.com/dp/B0CFBFXWM9?th=1&psc=1"
"B08QRBGRY6","Lightzz Yoga Lamp, 3D Yoga Night Light Gifts for Women Yoga Lovers, Birthday Anniversary Ideal Gifts with USB Power Warm Color Wood Yoga Room Decor","lightzz","$17.99","101","","$1,817","12/15/2020","$11.45",4.1,"383","$8.54","92,080",7,"FBA",1,"Tools & Home Improvement","Large standard","6.614 x 8.976 x 1.614 in","0.529 lb","https://www.amazon.com/dp/B08QRBGRY6?th=1&psc=1"
"B0CZX85292","100% Indian Cotton Yoga Blanket - Perfect for Restorative Yoga & Meditation, Lavender","Wellrox","$36.25","43","2","$1,559","08/23/2023","$23.13",4.2,"49","$13.86","106,356",5,"FBA",1,"Sports & Outdoors","Large standard","13.62 x 15.07 x 2.87 in","2.2 lb","https://www.amazon.com/dp/B0CZX85292?th=1&psc=1"
"B07BX5RLMH","Benevolence LA Authentic Handwoven Mexican Blanket | Yoga Blankets, Outdoor, Picnic, Beach, Camping | Equestrian Saddle | Serape 50x70 inches - Gray, Pack of 1","Benevolence LA","$20.29","3,593","127","$72,902","05/21/2017","$10.39",4.6,"23,994","$9.90","1,408",7,"FBA",1,"Sports & Outdoors","Large standard","10.787 x 13.583 x 4.606 in","2.16 lb","https://www.amazon.com/dp/B07BX5RLMH?th=1&psc=1"
"B0987L8X3J","Bikoney Yoga Mat Holder Wall Mount Yoga Mat Storage Home Gym Accessories with Wood Floating Shelves and 4 Hooks for Hanging Foam Roller and Resistance Bands Fitness Home Gym Carbonized Black","bikoney","$23.52","404","15","$9,502","06/28/2021","$15.35",4.6,"1,029","$8.17","18,551",7,"FBA",1,"Sports & Outdoors","Small standard","8.386 x 17.24 x 2.795 in","1 lb","https://www.amazon.com/dp/B0987L8X3J?th=1&psc=1"
"B0DT4KW2FL","RUNNING GIRL Sports Bra for Women High Support, Square Neck Strappy Molded Cup Running Sports Bras for Women","RUNNING GIRL","$23.99","1,061","28","$25,453","04/01/2025","$14.85",4.6,"25","$9.14","45,843",7,"FBA",1,"Clothing, Shoes & Jewelry","Large standard","8.27 x 7.87 x 0.79 in","3.53 oz","https://www.amazon.com/dp/B0DT4KW2FL?th=1&psc=1"
"B0F22BJYK1","WIHOLL Women's Workout Tank Tops Sleeveless Athletic Racerback for Gym Yoga Running - Summer Fitness Tops Scoop Neck (S-XXL)","WIHOLL","$14.95","1,648","71","$24,638","04/25/2025","$8.48",4.6,"2","$6.47","16,888",8,"FBA",1,"Clothing, Shoes & Jewelry","Small standard","11.5 x 10.2 x 0.65 in","4.8 oz","https://www.amazon.com/dp/B0F22BJYK1?th=1&psc=1"
"B0F387ZDPV","Stretching Strap with 10 Loops-Yoga Strap for Physical Therapy,Home Workout,Pilate & Flexibility Training,Non Elastic Exercise Stretch Band for Hamstring,Leg Stretcher Belt,Flexibility Fascia","Acozycoo","$16.99","40","","$679.60","03/31/2025","$12.67",4.7,"","$7.32","361,927",8,"FBA",1,"Sports & Outdoors","Small standard","7.8 x 0.4 x 11.8 in","0.485 lb","https://www.amazon.com/dp/B0F387ZDPV?th=1&psc=1"
"B0DLKW8F1Q","G4Free BareFeel Womens Workout Tops Short Sleeve Half Zip Slim Fit Athletic Shirts Gym Running Yoga Slight Crop Tshirts","","$26.99","","","","04/06/2025","",4.6,"","","",8,"",1,"","","","","https://www.amazon.com/dp/B0DLKW8F1Q?th=1&psc=1"
"B0F1SHV118","5 Pairs Grip Pilates Socks with Grip for Women, Solid Non Slip Yoga Athletic Socks Grippy Ankle for Barre, Ballet, Workout, Elderly, Hospital, Gifts","XiaoKJ","$14.44","30","1","$433.20","03/18/2025","$6.73",4.8,"7","$7.71","595,545",8,"FBA",1,"Clothing, Shoes & Jewelry","Large standard","10.59 x 3.7 x 2.4 in","13.93 oz","https://www.amazon.com/dp/B0F1SHV118?th=1&psc=1"
"B0CP1ZLYRT","CRZ YOGA High Waisted Dolphin Athletic Running Shorts for Women 3' High Split Comfy Mesh Liner for Gym Workout Track","CRZ YOGA","$28.00","26,709","1,080","$747,852","04/18/2024","$17.82",4.5,"611","$10.18","113",7,"FBA",1,"Clothing, Shoes & Jewelry","Large standard","7.8 x 9.13 x 2.28 in","0.26 lb","https://www.amazon.com/dp/B0CP1ZLYRT?th=1&psc=1"
"B0DQCRYC1V","Lenovo Yoga 7 7i 2-in-1 Laptop (16' FHD+ Touchscreen, AMD Ryzen 7 8840HS (Beat i7-1355U), 16GB RAM, 1TB SSD), AI PC, Backlit Keyboard, Fingerprint, FHD IR Webcam, WiFi 6E, Win 11 Home, Arctic Gray","ist computers","$799.99","138","6","$110,399","06/30/2024","$735.00",4,"19","$64.99","3,700",7,"FBM",2,"Computers & Accessories","Large standard","13 x 20.75 x 3.1 in","4.4 lb","https://www.amazon.com/dp/B0DQCRYC1V?th=1&psc=1"
"B07DCLKNHN","Tucketts Toeless Pilates Socks with Grips for Women, Non-Slip Yoga & Barre Socks for Stability & Barefoot Workouts, Size 5-13","Tucketts","$15.29","2,262","78","$34,586","05/22/2023","$8.95",4.3,"8,190","$6.34","15,082",7,"FBA",2,"Clothing, Shoes & Jewelry","Small standard","4.8 x 8.15 x 0.75 in","0.071 lb","https://www.amazon.com/dp/B07DCLKNHN?th=1&psc=1"
"B0C7Q2HS15","Grip Socks Women Pilates Yoga Socks Non Slip Barre Dance Hospital Running Cute Cotton Ankle Slipper Sock 3/4 Pairs","CHUNFO","$21.99","30","1","$659.70","06/12/2023","$13.55",3.9,"44","$8.44","647,338",10,"FBA",1,"Clothing, Shoes & Jewelry","Large standard","5.276 x 8.858 x 1.85 in","0.32 lb","https://www.amazon.com/dp/B0C7Q2HS15?th=1&psc=1"
"B0D7V9PPMG","5-in-1 Foam Roller Set, Massage Roller Stick, Massage Ball, Resistance Band for Deep Muscle Massage, Trigger Point Release, Pilates, Yoga (Orange)","Krightlink","$34.99","536","16","$18,755","06/24/2024","$22.54",4.5,"103","$12.45","17,256",8,"FBA",1,"Sports & Outdoors","Large standard","5.3 x 5.31 x 13 in","2.6 lb","https://www.amazon.com/dp/B0D7V9PPMG?th=1&psc=1"
"B08DKJDTBH","Promover Wide Leg Pants Woman Yoga Pants with Pockets Stretch Loose Casual Lounge Sweatpants Petite/Regular/Tall","Promover","$35.99","18,644","584","$670,998","09/09/2023","$24.08",4.3,"12,359","$11.91","569",8,"FBA",1,"Clothing, Shoes & Jewelry","Large standard","10.157 x 10.984 x 1.496 in","0.75 lb","https://www.amazon.com/dp/B08DKJDTBH?th=1&psc=1"
"B07Y9M8NN6","15-Minute Yoga Core 2.0 (Workout)","","","","","","07/30/2020","",NA,"","$3.58","",0,"",1,"","Small standard","","","https://www.amazon.com/dp/B07Y9M8NN6?th=1&psc=1"
"B0F24GNMNH","CRZ YOGA Womens High Waisted Bikini Bottom Full Coverage Tummy Control Bathing Suit Wide Waistband Swimsuit Swim Briefs","CRZ YOGA","$26.00","1,335","49","$34,710","04/14/2025","$16.56",NA,"","$9.44","25,249",7,"FBA",1,"Clothing, Shoes & Jewelry","Large standard","7.01 x 8.15 x 1.46 in","0.291 lb","https://www.amazon.com/dp/B0F24GNMNH?th=1&psc=1"
"B0D498LQH9","CRZ YOGA Secretsculpt Womens Butterlift High Waist Scrunch Butt Biker Shorts 4 Inches - No Front Seam Workout Gym Booty","CRZ YOGA","$26.00","12,392","408","$322,192","11/22/2024","$16.56",4.7,"114","$9.44","1,211",7,"FBA",1,"Clothing, Shoes & Jewelry","Large standard","7.402 x 9.055 x 0.827 in","0.22 lb","https://www.amazon.com/dp/B0D498LQH9?th=1&psc=1"
"B07PTNTS3R","Gaiam Yoga Mat - Premium 6mm Print Extra Thick Non Slip Exercise & Fitness Mat for All Types of Yoga, Pilates & Floor Workouts (68'L x 24'W x 6mm Thick)","Gaiam","$17.97","6,419","243","$115,349","04/01/2019","$3.53",4.7,"21,351","$14.44","506",8,"AMZ",5,"Sports & Outdoors","Large bulky","4.5 x 4.5 x 24 in","1.46 kg","https://www.amazon.com/dp/B07PTNTS3R?th=1&psc=1"
"B08QGV722F","Replacement for 65W Lenovo Laptop Charger USB C ;Compatible with Lenovo ThinkPad T480s T580s T490 E480 E580 Chromebook C330 S330 100e 300e 500e,Yoga C930 C940 720 Power Supply Adapter Cord","DECSZDY","$11.97","10,741","272","$128,570","12/12/2020","$6.49",4.5,"512","$5.48","30",8,"FBA",1,"Computers & Accessories","Small standard","4.69 x 7.44 x 1.89 in","0.33 kg","https://www.amazon.com/dp/B08QGV722F?th=1&psc=1"
"B0DDPY9D8Z","Womens Wide Leg Yoga Pants Casual Work Dress Pants Lounge Sweatpants High Waist Comfy Loose Trousers with Pockets","DLOODA","$14.99","7,696","402","$115,363","05/04/2025","$12.47",4.4,"668","$7.52","1,247",8,"FBA",1,"Clothing, Shoes & Jewelry","Small standard","10.67 x 11.42 x 0.67 in","0.75 lb","https://www.amazon.com/dp/B0DDPY9D8Z?th=1&psc=1"
"B0007VB4NE","Gaiam Classic Balance Ball Chair  Ergonomic Stability Chair for Desk & Office | Yoga Ball Seat with Base, Air Pump, & Exercise Guide | Improves Posture & Core Strength (300 lb Capacity)","gaiam","$59.99","2,051","55","$123,039","03/01/2005","$-6.31",4.2,"19,524","$66.30","4,336",10,"AMZ",5,"Sports & Outdoors","Extra-large","26.25 x 26.25 x 14.6 in","7.6 kg","https://www.amazon.com/dp/B0007VB4NE?th=1&psc=1"
"B01MY5MZSQ","Gaiam Print Yoga Mat, Non Slip Exercise & Fitness Mat for All Types of Yoga, Pilates & Floor Exercises","Gaiam","$16.98","6,928","239","$117,637","02/27/2017","$7.67",4.5,"11,362","$9.31","518",7,"AMZ",3,"Sports & Outdoors","Large standard","4.7 x 4.4 x 24.8 in","1.89 lb","https://www.amazon.com/dp/B01MY5MZSQ?th=1&psc=1"
"B091FXWSGJ","Retrospec Solana Yoga Mat 1/2' Thick w/Nylon Strap for Men & Women - Non Slip Exercise Mat for Yoga, Pilates, Stretching, Floor & Fitness Workouts","Retrospec","$24.99","13,296","427","$332,267","03/30/2021","$13.63",4.4,"6,713","$11.36","178",8,"AMZ",3,"Sports & Outdoors","Large standard","7.25 x 25 x 7.25 in","3 lb","https://www.amazon.com/dp/B091FXWSGJ?th=1&psc=1"
"B0CPXKR8M8","CRZ YOGA High Waisted Golf Skirts for Women A Line Tennis Athletic Casual Skort with Inner Shorts Pockets","CRZ YOGA","$32.00","14,253","435","$456,096","02/25/2024","$21.22",4.5,"315","$10.78","1,065",8,"FBA",1,"Clothing, Shoes & Jewelry","Large standard","8.74 x 9.57 x 1.61 in","0.441 lb","https://www.amazon.com/dp/B0CPXKR8M8?th=1&psc=1"
"B0DHQR99PS","Deep-Zen Yoga Blocks Wrist Support; Yoga Blocks 2 Pack with Knee Pads and Strap to Put Less Weight on Wrists; Durable, Versatile Yoga Brick Exercise Block Set, Blocks Yoga","Deep-Zen","$37.99","528","13","$20,059","09/21/2024","$25.52",4.7,"99","$14.47","20,861",7,"FBA",1,"Sports & Outdoors","Large standard","9.37 x 11.93 x 5.67 in","1.98 lb","https://www.amazon.com/dp/B0DHQR99PS?th=1&psc=1"
"B0C4H4FLR7","Stretching Strap Yoga Strap with Loops, Stretch Straps for Physical Therapy, Non-Elastic Exercise Strap for Pilates, Dance and Gymnastics with Workout Guide","Oak-Sports","$5.66","9,132","304","$51,687","05/05/2023","$1.08",4.7,"2,411","$4.78","341",7,"FBA",1,"Sports & Outdoors","Large standard","3.031 x 5.236 x 1.26 in","0.132 lb","https://www.amazon.com/dp/B0C4H4FLR7?th=1&psc=1"
"B0DJ3G371F","Chair Yoga for Seniors & Beginners + Band. 30+ Yoga Poses suitable for all levels beginner chair yoga for seniors over 60 DVD for weight loss chair yoga for weight loss chair exercises for seniors DVD","Vitality 4 Life with Curtis Adams","$19.99","","","","09/27/2024","$12.76",4.4,"","$7.23","635",5,"FBA",1,"Movies & TV","Small standard","8 x 0.5 x 5 in","5 oz","https://www.amazon.com/dp/B0DJ3G371F?th=1&psc=1"
"B0CSDKQGBY","12-Pack Value Yoga Mat, 68' x 24' Non Slip Exercise Mat, 3.5mm Thick Gym Mat, Bulk Non Toxic Yoga Mats for Home Workout and Studios","UPWARD FIT","$104.49","98","3","$10,240","01/14/2024","$92.50",4.2,"14","$17.49","70,144",8,"FBM",1,"Sports & Outdoors","Large bulky","14.4 x 24.7 x 11.5 in","25.201 lb","https://www.amazon.com/dp/B0CSDKQGBY?th=1&psc=1"
"B0CJ29TFRH","Grip Pilates Socks Non Slip Athletic Yoga Socks with Grips for Women Grippy socks for Hospital Workout Barre","loudashuaiqi","$5.99","5,338","171","$31,975","12/09/2023","$1.63",4.6,"1,305","$4.36","5,262",7,"FBA",1,"Clothing, Shoes & Jewelry","Small standard","7.91 x 10.28 x 0.59 in","0.331 lb","https://www.amazon.com/dp/B0CJ29TFRH?th=1&psc=1"
"B0CKVSQSR5","Lenovo Yoga 7 14 2-in-1 AI PC Laptop 14' WUXGA IPS Touch (Glossy) Intel 12-core Ultra 5 125U Processor (Beats i7-1335U) 16GB RAM 512GB SSD Backlit Fingerprint Thunderbolt4 Win11 Gray + HDMI Cable","Lenovo","$755.00","49","2","$36,995","10/10/2023","$693.61",4.4,"52","$61.39","8,662",8,"FBM",5,"Computers & Accessories","Large standard","14 x 20 x 3 in","3.6 lb","https://www.amazon.com/dp/B0CKVSQSR5?th=1&psc=1"
"1582972427","The Yoga Bible","Krause Publications","$12.69","","","","12/23/2005","$4.43",4.6,"2,774","$8.26","22,056",1,"AMZ",79,"Books","Large standard","5.6 x 1 x 6.6 in","1.34 lb","https://www.amazon.com/dp/1582972427?th=1&psc=1"
"B08H4WXMM8","Go with YoYo! Exercise, Yoga and Mindfulness for Kids","","","","","","09/16/2020","",NA,"","$3.58","",0,"",1,"","Small standard","","","https://www.amazon.com/dp/B08H4WXMM8?th=1&psc=1"
"B0CL9LQK13","YoYoga!","","","","","","01/29/2024","",NA,"","$3.58","",0,"",1,"","Small standard","","","https://www.amazon.com/dp/B0CL9LQK13?th=1&psc=1"
"B079PJ3HX6","15-Minute Yoga Core 1.0 Workout","","","","","","07/30/2020","",NA,"1","$3.58","",0,"",1,"","Small standard","","","https://www.amazon.com/dp/B079PJ3HX6?th=1&psc=1"
"B00LSWNDWG","Yoga: Gentle Vinyasa Flow - 60 min with Zyrka Landwijt","","","","","","07/10/2014","$5.21",NA,"11","$3.58","",0,"",1,"","Small standard","","","https://www.amazon.com/dp/B00LSWNDWG?th=1&psc=1"
"B0C2LK9KXH","CHAIR YOGA FOR SENIORS DVD + Poster + Bonus Yoga DVD. Strength- Energize- Healing- Relieve Stress. Chair yoga DVD for beginners. Yoga chair exercises for seniors DVD. Yoga videos for beginners DVD.","Vitality 4 Life with Curtis Adams","$19.99","","","","04/13/2023","$12.85",4.2,"542","$7.14","439",6,"FBA",1,"Movies & TV","Small standard","7 x 5 x 0.25 in","4 oz","https://www.amazon.com/dp/B0C2LK9KXH?th=1&psc=1"
"B07P89X2CB","COLOSSEUM Active Women's Simone Cotton Blend Yoga and Running Short","COLOSSEUM","$14.99","13,322","419","$199,697","11/11/2022","$6.38",4.6,"40,719","$8.61","1,146",5,"FBA",2,"Clothing, Shoes & Jewelry","Large standard","8.82 x 11.02 x 1.34 in","0.351 lb","https://www.amazon.com/dp/B07P89X2CB?th=1&psc=1"
"B01IZDFWKQ","All Purpose 1/4-Inch High Density Anti-Tear Exercise Yoga Mat with Carrying Strap, Multiple Colors","Fitvids","$14.99","6,069","170","$90,974","07/23/2016","$6.38",4.4,"46,285","$8.61","905",5,"AMZ",5,"Sports & Outdoors","Large standard","4.5 x 24 x 4.5 in","1.5 lb","https://www.amazon.com/dp/B01IZDFWKQ?th=1&psc=1"
"B07DK9QZV9","Trideer Extra Thick Yoga Ball Exercise Ball, 5 Sizes Gym Ball, Heavy Duty Ball Chair for Balance, Stability, Pregnancy, Quick Pump Included","Trideer","$16.14","20,012","669","$322,994","05/30/2016","$6.86",4.5,"37,056","$9.28","68",7,"FBA",2,"Sports & Outdoors","Large standard","6.85 x 5.5 x 10 in","2.2 lb","https://www.amazon.com/dp/B07DK9QZV9?th=1&psc=1"
"B0CKJ9HQY2","Lenovo ThinkPad X1 Yoga (Gen 6) 14' 2-in-1 Convertible Laptop, i7 1185G7 3.0Ghz, 16GB RAM, 1TB NVMe SSD, 1920 x 1200, Thunderbolt 4, Windows 11 Pro (Renewed)","Lenovo","$679.99","18","1","$12,240","10/04/2023","$624.60",NA,"","$55.39","26,468",8,"FBM",2,"Computers & Accessories","Large standard","14 x 5 x 18 in","3 lb","https://www.amazon.com/dp/B0CKJ9HQY2?th=1&psc=1"
"B0B2ZL6PYZ","CRZ YOGA Womens Butterluxe Biker Shorts 4'' - High Waisted Booty Workout Volleyball Yoga Spandex","CRZ YOGA","$24.00","13,749","559","$329,976","06/23/2024","$14.42",4.7,"1,338","$9.58","628",5,"FBA",1,"Clothing, Shoes & Jewelry","Large standard","8.5 x 9.06 x 1.46 in","0.201 lb","https://www.amazon.com/dp/B0B2ZL6PYZ?th=1&psc=1"
"B0CPQ25G7L","Just Play furReal Daisy The Yoga Goat Interactive Toy, 11-inch Realistic Plush, Kids Toys for Ages 4 Up","Just Play","$27.49","1,252","47","$34,417","07/24/2024","$13.54",4.5,"690","$13.95","6,014",8,"AMZ",28,"Toys & Games","Large standard","12 x 8 x 13 in","2.23 lb","https://www.amazon.com/dp/B0CPQ25G7L?th=1&psc=1"
"B07JQCVBBZ","Yoga Mat Non Slip, Eco Friendly Fitness Exercise Mat with Carrying Strap,Pro Yoga Mats for Women,Workout Mats for Home, Pilates and Floor Exercises","Gruper","$28.99","9,275","343","$268,882","02/13/2020","$18.13",4.5,"8,598","$10.86","273",8,"AMZ",4,"Sports & Outdoors","Large standard","5 x 25 x 5 in","0.75 kg","https://www.amazon.com/dp/B07JQCVBBZ?th=1&psc=1"
"B0D2XFW1M7","CRZ YOGA Cloudweight Crew Neck Workout Tanks Lightweight Athletic Gym Tops for Women Soft Basic Running Sleeveless Shirts","CRZ YOGA","$20.00","2,565","73","$51,300","04/27/2025","$11.46",5,"","$8.54","16,120",7,"FBA",1,"Clothing, Shoes & Jewelry","Large standard","6.97 x 9.61 x 1.3 in","0.22 lb","https://www.amazon.com/dp/B0D2XFW1M7?th=1&psc=1"
"B0DZ26HF1P","Lenovo Yoga 7 2-in-1 AI PC Laptop | 16' WUXGA Touch | AMD Zen4 8-core Ryzen 7 8840HS (>i7-12700H) | 16GB DDR5 1TB SSD | Backlit Fingerprint Long-Lasting Battery Rapid Charging Win11 w/DLCA Accessory","Lenovo","$799.00","30","1","$23,970","03/02/2025","$734.09",4.4,"1","$64.91","19,607",6,"FBM",1,"Computers & Accessories","Large standard","11 x 3 x 19 in","4.4 lb","https://www.amazon.com/dp/B0DZ26HF1P?th=1&psc=1"
"B09WMV8ZCG","Trideer 9'x6'x3' Yoga Blocks, High Density EVA Foam Blocks 2 Pack, Supportive, Lightweight & Odor Resistant, Yoga Essentials and Accessories for Yogi & Yogini","Trideer","$13.99","1,655","55","$23,153","03/27/2022","$6.45",4.7,"2,294","$10.54","4,409",7,"FBA",2,"Sports & Outdoors","Large standard","10 x 12.87 x 3.27 in","0.88 lb","https://www.amazon.com/dp/B09WMV8ZCG?th=1&psc=1"
"B08Y8HTSVL","Tibetan Singing Bowls Set~ Meditation Sound Bowl hand Hammered in Nepal For Yoga, Meditation, Mindfulness, Healing & Chakra balancing~ (3 inch)","Himalayan Healing","$13.99","1,797","","$25,140","03/07/2021","$6.75",4.5,"2,612","$7.24","338",7,"FBA",1,"Musical Instruments","Large standard","3.12 x 3.12 x 3.5 in","0.27 kg","https://www.amazon.com/dp/B08Y8HTSVL?th=1&psc=1"
"B09X9X6HWS","CRZ YOGA Butterluxe Workout Tank Tops for Women Built in Shelf Bras Padded - Racerback Athletic Spandex Yoga Camisole","CRZ YOGA","$32.00","10,734","394","$343,488","06/05/2024","$20.44",4.6,"1,459","$11.56","1,293",7,"FBA",1,"Clothing, Shoes & Jewelry","Large standard","9.409 x 13.976 x 1.339 in","0.331 lb","https://www.amazon.com/dp/B09X9X6HWS?th=1&psc=1"
"B0D8WSN9HD","Lenovo 2025 Yoga 7i 14 2-in-1 Laptop 14.0' Touchscreen IPS FHD+ (Intel Ultra 7-155U, 16GB LPDDR5X, 1TB SSD, Backlit KYB, FP Reader, 2 Thunderbolt 4, Win11Pro) w/AI Copilot, & DKZ USB Port Expander","Lenovo","$1,532.13","63","2","$96,524","07/04/2024","$1,409",4.7,"4","$8.45","8,589",8,"FBM",1,"Computers & Accessories","Large standard","8.75 x 12.5 x 0.55 in","3.6 lb","https://www.amazon.com/dp/B0D8WSN9HD?th=1&psc=1"
"B0DPFPBS29","ULEEMARK Womens Pilates Non slip Yoga Socks Dance Gym Exercise Ankle Socks","ULEEMARK","$9.49","3,235","116","$30,700","12/02/2024","$4.42",4.4,"74","$5.07","9,044",6,"FBA",1,"Clothing, Shoes & Jewelry","Small standard","10.75 x 12.6 x 0.67 in","0.509 lb","https://www.amazon.com/dp/B0DPFPBS29?th=1&psc=1"
"B0919BQ8LR","baleaf Women's Leggings with Pockets Tummy Control Workout High Waisted Athletic Running 7/8 Ultra Soft Gym Yoga Ankle Pants","baleaf","$26.99","4,163","118","$112,359","05/04/2023","$17.40",4.4,"3,319","$9.59","8,840",8,"FBA",1,"Clothing, Shoes & Jewelry","Large standard","7.05 x 9.49 x 1.69 in","0.549 lb","https://www.amazon.com/dp/B0919BQ8LR?th=1&psc=1"
"B08JYQLKXZ","Extra Thick Exercise Yoga Mat with Strap - 2/5 Inch (10MM), Non-Slip Workout Mat for Yoga, Pilates, and Floor Exercises","Feetlu","$53.79","656","20","$35,286","12/31/2023","$32.93",4.6,"1,573","$21.86","13,675",7,"FBA",4,"Sports & Outdoors","Large bulky","7 x 24 x 7 in","2.15 lb","https://www.amazon.com/dp/B08JYQLKXZ?th=1&psc=1"
"B0B8RW4PHT","Non Slip Yoga Socks with Grips for Pilates, Ballet, Barre, Barefoot, Hospital Anti Skid Socks for Women and Men","Hromec","$18.99","4,902","161","$93,089","09/30/2021","$11.85",4.4,"6,300","$8.14","5,771",7,"FBA",1,"Clothing, Shoes & Jewelry","Large standard","3.62 x 9.09 x 2.6 in","0.6 lb","https://www.amazon.com/dp/B0B8RW4PHT?th=1&psc=1"
"B0CGLQ8XNN","APEXUP Yoga & Pilates Ball - Anti Slip Heavy Duty Gym Ball for Fitness, Balance & Core Workout","APEXUP","$14.99","20,139","881","$301,884","08/24/2023","$5.98",4.5,"2,346","$9.01","35",5,"FBA",3,"Sports & Outdoors","Large standard","11.26 x 15.16 x 6.97 in","2 lb","https://www.amazon.com/dp/B0CGLQ8XNN?th=1&psc=1"
"B08G5C2MX4","Pvolve Precision Mat - Home Workout Equipment, 4.6 x 4 x 2.2mm Rubber Mat for Home Gym, Cardio, Fitness, Designed To Be Used with The Pvolve Functional Fitness Method","PVOLVE","$99.00","102","3","$10,098","12/31/2023","$75.20",4.4,"31","$23.80","84,454",7,"FBA",2,"Sports & Outdoors","Large standard","9.3 x 16.3 x 3 in","2.81 kg","https://www.amazon.com/dp/B08G5C2MX4?th=1&psc=1"
"B07N1WP67Y","FeetUp - The Original Yoga Headstand Bench, Vegan Handstand Trainer Bench and Stand, Strength Training Inversion Equipment for Relaxation and Strength, Includes App & Starter Kit, 1 Worldwide","feetup","$199.00","207","8","$41,193","01/23/2019","$154.75",4.7,"1,778","$44.25","34,823",7,"FBA",2,"Sports & Outdoors","Large bulky","27.6 x 18 x 2.8 in","4.79 kg","https://www.amazon.com/dp/B07N1WP67Y?th=1&psc=1"
"B099GS2B5Q","WRIST Buddy Yoga Blocks 2 Pack | Reduces and Prevents Wrist Pain, Enhances Comfort Stability and Grip Strength on the Blocks | Hand-Shaped Blocks | EVA Yoga Accessories Set | Best Gifts for Yoga","WRIST BUDDY","$39.99","1,037","35","$41,470","07/19/2021","$29.40",4.4,"1,124","$10.59","7,594",9,"FBA",1,"Sports & Outdoors","Small standard","8.11 x 9.06 x 5.98 in","0.38 kg","https://www.amazon.com/dp/B099GS2B5Q?th=1&psc=1"
"B0BW9BY859","20 Pcs Yoga Blocks 9''x6''x3'' High Density EVA Foam Bricks Yoga Foam Exercise Blocks Improve Strength Balance and Flexibility, Light Weight and Non-Slip Surface for Pilates Meditation","Honoson","$76.99","49","3","$3,773","02/19/2023","$61.21",5,"6","$15.78","87,831",7,"FBA",1,"Sports & Outdoors","Small standard","18 x 20 x 9 in","119.07 g","https://www.amazon.com/dp/B0BW9BY859?th=1&psc=1"
"B002SPV068","YogaToes Classic for Women - Small Fits 7 and up Sapphire Blue: Toe Stretcher & Toe Separator. Fight Bunions, Hammer Toes, Foot Pain & More!","Yoga Toes","$36.95","2,148","76","$79,369","03/20/2010","$27.09",4.4,"3,654","$9.86","11,650",7,"FBA",1,"Beauty & Personal Care","Small standard","5.5 x 0.5 x 1 in","6.38 oz","https://www.amazon.com/dp/B002SPV068?th=1&psc=1"
"B09KC72MM8","KEEP Yoga Block, High-Density EVA Foam 2 Pack Yoga Block with Non-Slip Textured Surface, Supportive, Lightweight - Ideal for Yoga, Pilates, and Stretching Exercises","KEEP","$15.96","1,611","40","$25,712","10/25/2021","$9.25",4.7,"496","$6.71","6,362",7,"FBA",1,"Sports & Outdoors","Small standard","6.18 x 9.17 x 6.02 in","7 oz","https://www.amazon.com/dp/B09KC72MM8?th=1&psc=1"
"B079VX62Z8","Gaiam Yoga Towel - Mat Sized Active Dry Non Slip Moisture Wicking Sweat Absorbent Microfiber Hot Yoga Towel for Women & Men | Stay-Put Corner Pockets (70' Long x 26' Wide)","Gaiam","$20.99","1,204","42","$25,272","02/15/2018","$11.08",4.3,"2,051","$9.91","6,007",7,"AMZ",4,"Sports & Outdoors","Large standard","6.38 x 13.82 x 3.11 in","0.899 lb","https://www.amazon.com/dp/B079VX62Z8?th=1&psc=1"
"B079W416C6","Gaiam Cargo Yoga Mat Bag, Full-Zipper Yoga Mat Carrier with Adjustable Strap, Front & Exterior Phone Pocket with Earbuds Slit, Stylish & Functional Fitness Mat Holder for Women & Men","gaiam","$56.24","612","20","$34,419","02/15/2018","$40.94",4.6,"3,409","$15.30","14,055",7,"AMZ",3,"Sports & Outdoors","Large standard","9.02 x 14.8 x 2.2 in","0.73 lb","https://www.amazon.com/dp/B079W416C6?th=1&psc=1"
"B0CXJ97C2R","Pilates Springboard, Wall Mounted Pilates Reformer Machine, Yoga Fitness Trainer Suitable for Home & Gym Workout","Faittd","$599.99","15","1","$9,000","03/07/2024","$509.00",5,"1","$90.99","254,170",5,"FBM",1,"Sports & Outdoors","Extra-large","22.83 x 7.87 x 72.83 in","35 kg","https://www.amazon.com/dp/B0CXJ97C2R?th=1&psc=1"
"B0CR8WH5FB","OQQ Women's 2 Piece Tank Tops Crew Neck Sleeveless Basic Stretch Casusal Yoga Crop Camis","OQQ","$28.99","13,881","426","$402,410","01/01/2024","$18.66",4.5,"1,238","$10.33","1,109",6,"FBA",1,"Clothing, Shoes & Jewelry","Large standard","7.17 x 9.72 x 2.44 in","0.549 lb","https://www.amazon.com/dp/B0CR8WH5FB?th=1&psc=1"
"B0CBTNB6JY","6 Pairs Grip Pilates Socks for Women, Non-slip Yoga Athletic Socks for Barre Ballet Barefoot Workout Hospital","aoliks","$13.99","8,466","272","$118,439","07/13/2023","$6.35",4.6,"1,338","$7.64","2,523",7,"FBA",2,"Clothing, Shoes & Jewelry","Large standard","6.929 x 8.583 x 1.811 in","0.525 lb","https://www.amazon.com/dp/B0CBTNB6JY?th=1&psc=1"
"B0000DZFXZ","Manduka PRO Yoga Mat - Teacher Recommended, Non-Slip Textured 6mm Ultra-Dense, Hot Yoga Workout, Studio at Home Pilates","Manduka","$129.00","2,051","70","$264,579","07/02/2008","$100.30",4.5,"7,925","$28.70","3,234",8,"AMZ",3,"Sports & Outdoors","Large standard","6.299 x 29.488 x 6.185 in","7.5 lb","https://www.amazon.com/dp/B0000DZFXZ?th=1&psc=1"
"B07N1M3J16","IUGA Bootcut Yoga Pants with Pockets for Women Wide Leg Pants High Waist Workout Pants Tummy Control Work Pants 4 Pockets","IUGA","$23.99","7,216","294","$173,112","11/08/2024","$15.50",4.6,"30,050","$8.49","2,211",7,"FBA",1,"Clothing, Shoes & Jewelry","Large standard","1 x 1 x 1 in","8 oz","https://www.amazon.com/dp/B07N1M3J16?th=1&psc=1"
"B0BRQRQLCN","Jockey Women's Premium Pocket Slim Flare Yoga Pants","Jockey","$22.99","2,853","88","$65,590","05/30/2024","$13.18",4.6,"720","$9.81","12,894",5,"AMZ",6,"Clothing, Shoes & Jewelry","Large standard","9.37 x 10.12 x 1.85 in","0.769 lb","https://www.amazon.com/dp/B0BRQRQLCN?th=1&psc=1"
"B0DPQCMCJW","G4Free Barefeel 15' Tennis Skirts for Women High Waisted A Line Casual Athletic Golf Skorts Inner Shorts with 2 Pockets","G4Free","$27.99","135","4","$3,779","12/06/2024","$17.28",4.8,"","$10.71","216,019",8,"FBA",1,"Clothing, Shoes & Jewelry","Large standard","10.394 x 10.827 x 1.102 in","0.463 lb","https://www.amazon.com/dp/B0DPQCMCJW?th=1&psc=1"
"B0F22DXTRD","WIHOLL Women's Workout Tank Tops Sleeveless Athletic Racerback for Gym Yoga Running - Summer Fitness Tops Scoop Neck (S-XXL)","","$12.95","","","","04/25/2025","$6.78",4.6,"","$6.17","",8,"",1,"","Small standard","11.5 x 10.2 x 0.65 in","4.8 oz","https://www.amazon.com/dp/B0F22DXTRD?th=1&psc=1"
"B0F2ZRRVRC","BISOUSOX Grippy Socks Woman Pilates, Grip Socks Pilates Yoga Barre Non Slip Ankle Sticky Ballet Slipper Sock Hospital","BISOUSOX","$9.99","399","7","$3,986","04/21/2025","$5.21",4.9,"1","$4.78","146,649",7,"FBA",1,"Clothing, Shoes & Jewelry","Small standard","6 x 6 x 0.6 in","1.6 oz","https://www.amazon.com/dp/B0F2ZRRVRC?th=1&psc=1"
"B0F1XHRLFQ","Womens Workout Tops Sleeveless Racerback Lightweight Active Tennis Yoga Shirts Athletic Running Tank Top for Women","XIEERDUO","$12.99","2,546","52","$33,073","04/23/2025","$6.81",4.4,"14","$6.18","23,788",8,"FBA",1,"Clothing, Shoes & Jewelry","Small standard","10 x 11.89 x 0.39 in","0.311 lb","https://www.amazon.com/dp/B0F1XHRLFQ?th=1&psc=1"
"B0F4MZ4D51","wirarpa Women's Biker Shorts High Waisted Soft Workout Running Yoga Spandex Shorts 6 Inches","wirarpa","$18.99","225","5","$4,273","04/14/2025","$9.78",4.7,"9","$9.21","197,620",5,"FBA",1,"Clothing, Shoes & Jewelry","Large standard","8.31 x 10.71 x 1.26 in","0.22 lb","https://www.amazon.com/dp/B0F4MZ4D51?th=1&psc=1"
"B0BW3Q2PR1","Pilates Bar Kit with Resistance Bands, Multifunctional Yoga Pilates Bar with Heavy-Duty Metal Adjustment Buckle, Portable Home Gym Pilates Resistance Bar Kit for Women Full Body Workouts","COFOF","$22.99","4,493","143","$103,294","01/04/2023","$11.47",4.5,"2,433","$11.52","1,188",8,"FBA",1,"Sports & Outdoors","Large standard","9.646 x 14.764 x 2.992 in","3.3 lb","https://www.amazon.com/dp/B0BW3Q2PR1?th=1&psc=1"
"B0DD485HFC","LENOVO Yoga Pro 9i Laptop, Intel Ultra 9-185H, 32 GB LPDDR5x RAM, 1 TB PCIe SSD, 16' 3.2K (3200x2000), Nvidia G-Force RTX 4050, Touchscreen, W11 Home","LENOVO","$1,649.00","","2","","08/13/2024","$1,509",4,"2","$140.31","9,771",6,"FBA",4,"Computers & Accessories","Large standard","13 x 21 x 3 in","4.41 lb","https://www.amazon.com/dp/B0DD485HFC?th=1&psc=1"
"B0CDLR4YDN","yeuG Grip Pilates Socks for Women Yoga Socks with Grips Open Top Non Slip Grippy Socks for Barre, Ballet, Barefoot Workout","yeug","$9.99","1,700","72","$16,983","08/14/2023","$3.72",4.6,"498","$6.27","16,607",7,"FBA",1,"Clothing, Shoes & Jewelry","Large standard","7.2 x 8.66 x 2.2 in","0.351 lb","https://www.amazon.com/dp/B0CDLR4YDN?th=1&psc=1"
"B09387T48W","Manduka Yoga Block - Fine-Grain Cork Block, Yoga Equipment, Home Gym Accessory, Pilates Tool, Lightweight for Travel, Extra Firm Workout Accessory with Comfortable Edges","Manduka","$46.00","992","36","$45,632","04/21/2021","$30.55",4.8,"3,007","$15.45","7,284",7,"AMZ",2,"Sports & Outdoors","Large standard","9.41 x 12.2 x 5.67 in","2.2 kg","https://www.amazon.com/dp/B09387T48W?th=1&psc=1"
"B098QG4BNN","unenow Unisex Non Slip Grip Socks with Cushion for Yoga Pilates Barre Home & Hospital","unenow","$16.99","7,242","229","$123,042","06/29/2022","$9.30",4.5,"14,710","$7.69","3,363",5,"FBA",1,"Clothing, Shoes & Jewelry","Large standard","3.94 x 9.96 x 2.24 in","0.331 lb","https://www.amazon.com/dp/B098QG4BNN?th=1&psc=1"
"B010FWN1FI","100% Natural Yoga Mat Cleaning Spray 8oz | Works with All Mats | Cleans and Restores Using Essential Oils Naturally | Calming Lavender Mint","Mind Over Lather","$13.99","670","21","$9,373","06/26/2015","$7.00",4.6,"2,039","$6.99","42,920",7,"FBA",1,"Health & Household","Large standard","2.5 x 2.5 x 7 in","7.05 oz","https://www.amazon.com/dp/B010FWN1FI?th=1&psc=1"
"B092SW91PQ","Premium Quality Wrist Alignment Yoga Blocks to Eliminate Wrist Pain in All Poses - Balance & Stretching Assistance - Great for Yoga, Pushups and Pilates, Premium Quality","Yoga-Grip","$46.99","255","9","$11,982","04/22/2021","$33.18",4.6,"401","$13.81","29,747",8,"FBA",1,"Sports & Outdoors","Large standard","7.68 x 10.04 x 3.9 in","0.81 kg","https://www.amazon.com/dp/B092SW91PQ?th=1&psc=1"
"B0B7H4T9LD","CRZ YOGA Butterluxe High Waisted Lounge Leggings 28'' - Workout Yoga Pants for Women Buttery Soft","CRZ YOGA","$32.00","9,318","337","$298,176","11/04/2023","$21.22",4.6,"4,323","$10.78","1,738",5,"FBA",1,"Clothing, Shoes & Jewelry","Large standard","9.06 x 9.29 x 1.57 in","0.421 lb","https://www.amazon.com/dp/B0B7H4T9LD?th=1&psc=1"
"B08ZSMMPBD","65W USB C Laptop Charger Replacement for Lenovo Thinkpad/Yoga/Chromebook, ADLX65YDC2A Lenovo Laptop Charger","Fepprry","$16.14","10,739","407","$173,327","03/22/2021","$10.80",4.3,"1,684","$5.34","15",7,"FBA",6,"Computers & Accessories","Small standard","1.5 x 1 x 3.5 in","0.03 lb","https://www.amazon.com/dp/B08ZSMMPBD?th=1&psc=1"
"B0C2CGBSZT","65W USB C Charger for Lenovo Thinkpad/Yoga/Chromebook Laptop Computer 65W 45W USB C Fast Power Adapter","Dzytnsy","$16.29","3,271","","$53,285","04/12/2023","$10.57",4.4,"567","$5.72","1,182",7,"FBA",1,"Electronics","Small standard","4.45 x 7.17 x 1.93 in","0.6 lb","https://www.amazon.com/dp/B0C2CGBSZT?th=1&psc=1"
"B0DP23636Y","CRZ YOGA Womens V Neck Bikini Tops Bathing Suit V Back Wide Straps Swim Bra Padded Swimsuit","CRZ YOGA","$28.00","973","38","$27,244","03/12/2025","$17.04",3.8,"2","$10.96","33,232",5,"FBA",1,"Clothing, Shoes & Jewelry","Large standard","9.37 x 13.94 x 1.22 in","0.22 lb","https://www.amazon.com/dp/B0DP23636Y?th=1&psc=1"
"B0D9L2B89P","Zinsk Premium Yoga Deck  70 Beautifully Illustrated 3x5 Cards with Instructions, Alignment Cues, & Modifications  Flashcards for Learning Beginner & Intermediate Poses & Sequencing","Zinsk","$26.59","197","5","$5,238","07/15/2024","$18.08",4.8,"61","$8.51","59,562",7,"FBA",1,"Toys & Games","Small standard","5 x 3 x 0.04 in","10.55 oz","https://www.amazon.com/dp/B0D9L2B89P?th=1&psc=1"
"B07N1X1ZB4","FeetUp - The Original Yoga Headstand Bench, Vegan Handstand Trainer Bench and Stand, Strength Training Inversion Equipment for Relaxation and Strength, Includes App & Starter Kit, 1 Worldwide","feetup","$189.00","210","8","$39,690","01/22/2019","$146.25",4.7,"1,775","$42.75","33,494",7,"FBA",2,"Sports & Outdoors","Large bulky","27.9 x 17.9 x 2.8 in","4.72 kg","https://www.amazon.com/dp/B07N1X1ZB4?th=1&psc=1"
"B07Q5WKCRW","Gaiam Yoga Mat Strap Slap Band - Keeps Your Mat Tightly Rolled and Secure with One Snap - Strong Clasp for Yoga Mat Storage and Travel - Fits Most Size Mats (20'L x 1.5'W), Black","Gaiam","$9.99","1,937","64","$19,351","04/02/2019","$4.12",4.5,"1,795","$5.87","3,626",7,"AMZ",1,"Sports & Outdoors","Large standard","4.646 x 7.835 x 2.165 in","0.287 lb","https://www.amazon.com/dp/B07Q5WKCRW?th=1&psc=1"
"B088LNBWSM","THE GYM PEOPLE Womens' Sports Bra Longline Wirefree Padded with Medium Support","THE GYM PEOPLE","$17.99","32,649","1,650","$587,356","05/14/2020","$9.75",4.3,"43,892","$8.24","25",6,"FBA",1,"Clothing, Shoes & Jewelry","Large standard","7.76 x 7.48 x 2.13 in","4.66 oz","https://www.amazon.com/dp/B088LNBWSM?th=1&psc=1"
"B08DLXZKF7","Resistance Bands for Working Out, Elastic Exercice Loop Bands for Physical Therapy, Yoga Starter Set of Stretch Bands for Booty Legs, Pilates Flexbands","Renoj","$9.49","39,741","1,824","$377,142","07/24/2020","$4.61",4.4,"26,429","$4.88","4",7,"FBA",3,"Sports & Outdoors","Small standard","3.15 x 0.55 x 13.07 in","120 g","https://www.amazon.com/dp/B08DLXZKF7?th=1&psc=1"
"B079PZH7KS","CRZ YOGA Women's Strappy Sports Bras Fitness Workout Padded Yoga Top Criss Cross Back Cami","CRZ YOGA","$26.00","13,335","497","$346,710","11/26/2020","$15.59",4.6,"5,746","$10.41","809",5,"FBA",1,"Clothing, Shoes & Jewelry","Large standard","8.465 x 13.898 x 1.772 in","0.265 lb","https://www.amazon.com/dp/B079PZH7KS?th=1&psc=1"
"B09XZZH4HF","CRZ YOGA Womens High Waisted Running Shorts Mesh Liner 3'' Dolphin Quick Dry for Athletic Gym Track Workout with Zip Pocket","CRZ YOGA","$28.00","15,326","626","$429,128","04/15/2022","$17.82",4.6,"2,619","$10.18","486",7,"FBA",1,"Clothing, Shoes & Jewelry","Large standard","8.74 x 8.98 x 2.13 in","0.311 lb","https://www.amazon.com/dp/B09XZZH4HF?th=1&psc=1"
"B0DK7QHG5B","MRZZATA Yoga Mat Carrier Strap - Adjustable Thick and Wide Strap for Carrying Mat or Stretching, Black","MRZZATA","$4.90","2,314","71","$11,339","10/17/2024","$0.80",4.4,"82","$4.10","3,167",7,"FBA",1,"Sports & Outdoors","Small standard","8.98 x 2.95 x 0.75 in","2.4 oz","https://www.amazon.com/dp/B0DK7QHG5B?th=1&psc=1"
"B0D3LM5KDD","Yoga Mat Non Slip TPE Thick Yoga Mat with Alignment Mark, Large Size 72'L x 32'W x 0.32'Th or 0.24'Th, Anti-Tear Exercise & Fitness Mat for Yoga, Pilates & Floor Workouts","Gruper","$42.02","904","20","$37,986","05/07/2024","$22.46",4.6,"324","$19.56","13,530",7,"AMZ",3,"Sports & Outdoors","Large bulky","5.75 x 32.6 x 5.75 in","4.05 lb","https://www.amazon.com/dp/B0D3LM5KDD?th=1&psc=1"
"B0D6S1C594","Eunzel Hot Yoga Towel - Microfiber Non Slip Yoga Mat Towel with Grip Dot Sweat Absorbent Towel for Hot Yoga, Pilates and Fitness 72' x 24', Dark Cyan/Orange","Eunzel","$18.04","3,549","128","$64,024","06/10/2024","$10.16",4.7,"246","$8.83","1,389",7,"FBA",1,"Sports & Outdoors","Large standard","3.346 x 9.606 x 1.89 in","1.168 lb","https://www.amazon.com/dp/B0D6S1C594?th=1&psc=1"
"B095XXC9VX","Sports Bras for Women Criss-Cross Back Padded Workout Tank Tops Medium Support Crop Tops for Women","JOYSPELS","$19.99","4,491","154","$89,775","03/15/2021","$14.40",4.4,"9,120","$8.59","6,120",5,"FBA",1,"Clothing, Shoes & Jewelry","Large standard","5 x 7.795 x 1.772 in","0.408 lb","https://www.amazon.com/dp/B095XXC9VX?th=1&psc=1"
"B07WJRK81C","YOGAER Yoga Mat Carrier Strap, Adjustable Thick Straps Sling for Carrying Large Mats, Stretching Band","YOGAER","$7.50","4,278","144","$32,085","08/10/2024","$3.42",4.6,"3,242","$4.57","1,175",7,"FBA",1,"Sports & Outdoors","Small standard","2.36 x 12.71 x 0.75 in","0.13 lb","https://www.amazon.com/dp/B07WJRK81C?th=1&psc=1"
"B0DPB7QSHF","Chair Exercises for Seniors DVD + Band. Fun seated exercise videos. Chair workouts for seniors DVD. Chair aerobics for seniors DVD. Resistance bands DVD workout Videos for women, men, beginners.","Vitality 4 Life with Curtis Adams","$19.99","","","","11/29/2024","$12.76",4.4,"","$7.23","219",3,"FBA",1,"Movies & TV","Small standard","8 x 0.5 x 5 in","5 oz","https://www.amazon.com/dp/B0DPB7QSHF?th=1&psc=1"
"B0DGX3W99B","CRZ YOGA Womens V Neck Bikini Tops Criss Cross Back Sexy Swim Bathing Suit Bra Padded","CRZ YOGA","$26.00","969","31","$25,194","04/03/2025","$15.59",5,"2","$10.41","41,094",5,"FBA",1,"Clothing, Shoes & Jewelry","Large standard","8.07 x 13.19 x 2.05 in","0.22 lb","https://www.amazon.com/dp/B0DGX3W99B?th=1&psc=1"
"B0964G5H4Q","Gaiam Yoga Strap Premium Athletic Stretch Band with Adjustable Metal D-Ring Buckle Loop | Exercise & Fitness Stretching for Yoga, Pilates, Physical Therapy, Dance, Gym Workouts","Gaiam","$9.69","867","28","$8,401","05/27/2021","$4.78",4.8,"2,225","$4.91","9,490",7,"AMZ",1,"Sports & Outdoors","Small standard","3.622 x 9.134 x 2.165 in","0.16 kg","https://www.amazon.com/dp/B0964G5H4Q?th=1&psc=1"
"B00065X222","OPTP The Original Stretch Out Strap with Exercise Book, USA Made Top Choice Stretch Out Straps for Physical Therapy, Yoga Stretching Strap and Knee Therapy Strap","OPTP","$15.79","8,717","287","$137,641","09/28/2004","$9.28",4.7,"26,659","$6.51","377",8,"FBA",2,"Sports & Outdoors","Small standard","6.02 x 10.43 x 0.83 in","0.25 lb","https://www.amazon.com/dp/B00065X222?th=1&psc=1"
"B0CHMSKB8M","CRZ YOGA Womens Butterluxe High Waist Flare Pants 29' / 30.5' / 32' / 33.5' - Yoga Bootcut Wide Leg with Pocket Lounge","CRZ YOGA","$38.00","5,378","184","$204,364","06/20/2024","$25.54",4.6,"1,372","$12.46","4,728",7,"FBA",1,"Clothing, Shoes & Jewelry","Large standard","9.291 x 13.268 x 1.811 in","0.551 lb","https://www.amazon.com/dp/B0CHMSKB8M?th=1&psc=1"
"B0CHFM2SVS","CRZ YOGA Softness Mold Womens Butterluxe Strappy Longline Sports Bra - Double Spaghetti Strap Workout Yoga Crop Top Athletic","CRZ YOGA","$32.00","6,404","208","$204,928","09/06/2023","$20.44",4.6,"538","$11.56","3,903",7,"FBA",1,"Clothing, Shoes & Jewelry","Large standard","8.46 x 14.88 x 1.34 in","0.22 lb","https://www.amazon.com/dp/B0CHFM2SVS?th=1&psc=1"
"B0DYDKV4QH","VEVOR Aerial Yoga Frame & Yoga Hammock, 551.15 lbs Load Capacity, 9.68 ft Height Professional Yoga Swing Stand Comes with 13.1 Yards Aerial Hammock, Yoga Rig for Indoor Outdoor Aerial Yoga, Blue","vevor","$280.99","51","2","$14,330","02/25/2025","$180.79",NA,"","$100.20","120,714",8,"AMZ",3,"Sports & Outdoors","Extra-large","42.52 x 13.78 x 12.2 in","73.74 lb","https://www.amazon.com/dp/B0DYDKV4QH?th=1&psc=1"
"B0891SVRD6","High Waisted Leggings for Women - No See Through Tummy Control Cycling Workout Yoga Pants with Pockets Reg & Plus","TNNZEET","$7.99","26,558","761","$212,198","06/14/2020","$5.03",4.2,"25,472","$4.96","301",7,"FBA",1,"Clothing, Shoes & Jewelry","Small standard","8.27 x 9.49 x 0.67 in","0.37 lb","https://www.amazon.com/dp/B0891SVRD6?th=1&psc=1"
"B0B6Q77FML","HASfit Exercises for Seniors DVD - 4 Discs - 16 Senior Workouts for Balance, Weight Loss, Flexibility, Cardio, Strength, Yoga Fitness, Seated Chair Exercise For Beginners, Elderly - 3 Programs","HASfit","$29.99","","","","07/04/2022","$21.26",4.6,"109,109","$8.73","736",6,"FBA",1,"Movies & TV","Small standard","7.48 x 5.31 x 0.55 in","4.66 oz","https://www.amazon.com/dp/B0B6Q77FML?th=1&psc=1"
"B01N3MR6QY","","","","","","","","",NA,"","","",0,"",1,"","","","","https://www.amazon.com/dp/B01N3MR6QY?th=1&psc=1"
"1640210210","Yoga Anatomy Coloring Book: A Visual Guide to Form, Function, and Movement - An Educational Anatomy Coloring Book for Medical Students, Yoga ... & Adults (Volume 1) (Anatomy Coloring Books)","ArtWorld","$11.93","","","","01/16/2018","$3.10",4.8,"2,393","$8.83","9,388",6,"AMZ",61,"Books","Large standard","8.5 x 0.51 x 10.75 in","2.31 lb","https://www.amazon.com/dp/1640210210?th=1&psc=1"
"B082HNFVVZ","YQXCC 4 Pack Cooling Towel (47'x12') Ice Towel for Neck, Microfiber Cool Towel, Soft Breathable Chilly Towel for Yoga, Sports, Golf, Gym, Camping, Running, Fitness, Workout & More Activities","YQXCC","$12.99","9,966","561","$129,458","12/08/2019","$8.05",4.5,"14,585","$7.94","101",8,"FBA",2,"Sports & Outdoors","Large standard","6.81 x 10.12 x 1.93 in","0.679 lb","https://www.amazon.com/dp/B082HNFVVZ?th=1&psc=1"
"B099GCWYLH","WRIST Buddy Yoga Blocks 2 Pack | Reduces and Prevents Wrist Pain, Enhances Comfort Stability and Grip Strength on the Blocks | Hand-Shaped Blocks | EVA Yoga Accessories Set | Best Gifts for Yoga","WRIST BUDDY","$39.99","1,045","34","$41,790","07/19/2021","$29.35",4.4,"1,123","$10.64","7,607",9,"FBA",1,"Sports & Outdoors","Small standard","8.15 x 9.06 x 6.06 in","14.4 oz","https://www.amazon.com/dp/B099GCWYLH?th=1&psc=1"
"B0719NT7KL","IUGA Yoga Towel for Hot Yoga Non Slip Extra Thick Yoga Mat Towel + Hand Towel 2in1 Set with Corner Pockets Super Absorbent and Quick Dry Hot Yoga Towel","IUGA","$22.99","943","31","$21,680","07/23/2017","$13.18",4.6,"2,356","$9.81","8,500",7,"FBA",2,"Sports & Outdoors","Large standard","5.5 x 9.3 x 4.2 in","1.3 lb","https://www.amazon.com/dp/B0719NT7KL?th=1&psc=1"
"B08BTQ9NGR","Wipex Gym Wipes Fitness Equipment Wipes, Plant-Based Cloth - Lemongrass, Eucalyptus and Vinegar Wipes to Clean Surfaces, Safe Yoga Mat Cleaner Wipes, All Purpose Gym Cleaner, 400 Count","Wipex","$38.21","2,082","77","$79,553","06/25/2020","$19.60",4.6,"618","$18.61","15,493",8,"FBA",2,"Health & Household","Large bulky","8.75 x 8.25 x 8.25 in","6.55 lb","https://www.amazon.com/dp/B08BTQ9NGR?th=1&psc=1"
"B0CKW1CQM8","Lenovo Yoga 7i 2-in-1 Laptop | 14' 2.2K IPS Touch 100% sRGB Glossy | 13th Gen Intel 10-Core i5-1335U >i7-1255U | 16GB DDR5 1TB SSD | Backlit Fingerprint Thunderbolt Win11Pro Gray + HDMI Cable","Lenovo","$829.00","","","","10/10/2023","$761.69",4.3,"13","$67.31","30,174",6,"FBM",1,"Computers & Accessories","Large standard","","3.41 lb","https://www.amazon.com/dp/B0CKW1CQM8?th=1&psc=1"
"B08C5N5533","Cork Yoga Blocks 2 Pack Set -Natural Cork from Portugal, 9'x6'x4' Yoga Blocks Non-Slip&Anti-Tilt for Women| Men, Lightweight, Odor-Resistant| Moisture-Proof, Perfect Yoga Equipment","Volcano Cork Yoga Block","$24.99","1,481","45","$37,010","06/30/2020","$12.85",4.8,"956","$12.14","5,616",7,"FBA",2,"Sports & Outdoors","Large standard","8.071 x 9.094 x 5.945 in","2.04 kg","https://www.amazon.com/dp/B08C5N5533?th=1&psc=1"
"B0BJQ3J716","FULLSOFT 4 Pack Biker Shorts for Women with Pockets  5' High Waisted Tummy Control Workout Yoga Running Gym Tennis Shorts","FULLSOFT","$23.39","","","","05/08/2023","$16.11",4.2,"4,312","$9.88","",7,"FBA",1,"","Large standard","8.31 x 8.7 x 2.2 in","1.08 lb","https://www.amazon.com/dp/B0BJQ3J716?th=1&psc=1"
"B0BVY34JJH","Tatago Hot Yoga Towel Non Slip Grip in 2 Sizes. Premium Yoga Towels for Hot Yoga Non Slip, Hot Pilates Mat Towel or Yoga Mat Towel Thicker, Softer, More Absorbant & Durable!","Tatago","$25.98","689","22","$17,900","02/14/2023","$15.32",4.6,"188","$10.66","12,741",8,"FBA",4,"Sports & Outdoors","Large standard","6.14 x 13.86 x 3.11 in","1.34 lb","https://www.amazon.com/dp/B0BVY34JJH?th=1&psc=1"
"B07DCRH2PH","CRZ YOGA Womens Naked Feeling Workout 7/8 Yoga Leggings - 25 Inches High Waist Tight Pants","CRZ YOGA","$26.00","6,222","198","$161,772","05/29/2018","$16.12",4.4,"26,429","$9.88","4,210",6,"FBA",1,"Clothing, Shoes & Jewelry","Large standard","8.94 x 8.82 x 1.69 in","8.47 oz","https://www.amazon.com/dp/B07DCRH2PH?th=1&psc=1"
"B0BHBYS1ML","Foldable Multi-Purpose Fitness & Yoga/Pilates Mat, Workout Mat with Non-Slip Surface, Portable & Lightweight, For Studio or Home Use, As Seen on Shark Tank","Stakt","$88.00","1,060","43","$93,280","02/18/2024","$67.19",4.2,"143","$20.81","5,809",8,"FBA",2,"Sports & Outdoors","Large standard","11.75 x 24.75 x 3.25 in","3 lb","https://www.amazon.com/dp/B0BHBYS1ML?th=1&psc=1"
"B000VUAGAS","Manduka Yoga Block - Fine-Grain Cork Block, Yoga Equipment, Home Gym Accessory, Pilates Tool, Lightweight for Travel, Extra Firm Workout Accessory with Comfortable Edges","Manduka","$24.00","1,010","37","$24,240","09/30/2007","$16.35",4.8,"3,006","$7.65","7,071",7,"AMZ",4,"Sports & Outdoors","Small standard","5.945 x 8.937 x 4.134 in","1.2 g","https://www.amazon.com/dp/B000VUAGAS?th=1&psc=1"
"B097F2QX67","Manduka PRO Yoga Mat - Teacher Recommended, Non-Slip Textured 6mm Ultra-Dense, Hot Yoga Workout, Studio at Home Pilates","Manduka","$138.00","2,131","70","$294,078","12/08/2021","$104.04",4.5,"7,928","$33.96","3,234",7,"AMZ",2,"Sports & Outdoors","Large bulky","4.921 x 26.102 x 4.921 in","7.275 lb","https://www.amazon.com/dp/B097F2QX67?th=1&psc=1"
"B0DXKJ7G2F","Lewtemi 8 Pcs Flexible Seating for Classroom Elementary Yoga Ball Chairs Donut Exercise Ball Chair Wobble Seat for Kids Inflatable Yoga Ball with Inflator for Student Desk Chairs (Macaron Color)","Lewtemi","$69.99","30","2","$2,100","02/17/2025","$47.10",4,"9","$22.89","102,337",5,"FBA",1,"Office Products","Large standard","13.39 x 7.48 x 16.93 in","16.95 lb","https://www.amazon.com/dp/B0DXKJ7G2F?th=1&psc=1"
"B0DZBD5PZX","CRZ YOGA Softness Mold Butterluxe V Neck Sports Bras for Women - Workout Top Double Spaghetti Straps Wireless Yoga Clothes","CRZ YOGA","$28.00","2,452","80","$68,656","03/03/2025","$17.82",4.6,"13","$10.18","14,602",7,"FBA",1,"Clothing, Shoes & Jewelry","Large standard","7.13 x 10.16 x 2.13 in","0.291 lb","https://www.amazon.com/dp/B0DZBD5PZX?th=1&psc=1"
"B0C9VPR1SY","Lenovo Yoga 7i 2-in-1 16' WUXGA Touchscreen Laptop, Intel Core i5-1335U, 8GB RAM, 512GB SSD, Backlit Keyboard, Fingerprint Reader, Windows 11 Home, Storm Grey","Lenovo","$609.97","51","2","$31,108","06/29/2023","$560.18",4.1,"38","$49.79","7,914",5,"FBM",11,"Computers & Accessories","Large standard","12.7 x 20.6 x 3.5 in","2 kg","https://www.amazon.com/dp/B0C9VPR1SY?th=1&psc=1"
"B0CCRMSDMP","Premium Yoga Cork Mat | 5mm Thick Natural Tree Rubber Base and Bigger Mat for Extra Support, Alignment lines for Guidance | Non-Slip, Natural & Eco-friendly, Your Ultimate Eco-Friendly Yoga Companion","Y O GAYO","$67.97","665","19","$45,200","03/04/2024","$48.10",4.7,"205","$19.87","14,801",7,"FBA",1,"Sports & Outdoors","Large standard","5.2 x 5.1 x 26.5 in","3.79 kg","https://www.amazon.com/dp/B0CCRMSDMP?th=1&psc=1"
"B0999GQTG8","Liforme Printed Yoga Mat Collection - Free Yoga Bag Included - Patented Alignment System, Warrior-like Grip, Non-Slip, Eco-friendly, Sweat-resistant, Long, Wide and Thick for Comfort","LIFORME","$194.95","110","4","$21,445","07/13/2021","$156.92",4.6,"55","$38.03","57,069",7,"FBA",1,"Sports & Outdoors","Large standard","5.63 x 28.661 x 5.63 in","2.5 kg","https://www.amazon.com/dp/B0999GQTG8?th=1&psc=1"
"B0DTHT6PFQ","KOKITA Women's Sports Bra Fitness Short Tank Top Criss-Cross Back Padded Strappy Sports Bras Yoga Workout Bra","KOKITA","$29.99","60","1","$1,799","01/20/2025","$19.13",4.5,"25","$10.86","544,737",7,"FBA",1,"Clothing, Shoes & Jewelry","Large standard","7.598 x 9.528 x 2.441 in","0.331 lb","https://www.amazon.com/dp/B0DTHT6PFQ?th=1&psc=1"
"B01A6B0ICC","Ohm Store Tibetan Singing Bowl Set  Meditation Sound Bowl Handcrafted in Nepal for Yoga, Chakra Healing, Mindfulness, and Stress Relief  Unique Spiritual Gifts for Women and Men","Ohm Store","$26.95","1,074","","$28,944","01/04/2016","$17.77",4.6,"25,694","$9.18","364",7,"FBA",1,"Musical Instruments","Large standard","4.6 x 5.714 x 2.323 in","0.639 lb","https://www.amazon.com/dp/B01A6B0ICC?th=1&psc=1"
"B0B6NW9DKT","Yes4All Triple-Layer Sponge Yoga Bolster Pillow for Restorative Yoga & Meditation - Versatile Yoga Support Pillow, Balance & Poses Modification","Yes4All","$42.06","","","","09/22/2024","$28.14",4.6,"373","$13.92","",7,"AMZ",3,"","Large standard","10.433 x 26.772 x 6.299 in","3 lb","https://www.amazon.com/dp/B0B6NW9DKT?th=1&psc=1"
"B099GSB4BZ","WRIST Buddy Yoga Blocks 2 Pack | Reduces and Prevents Wrist Pain, Enhances Comfort Stability and Grip Strength on the Blocks | Hand-Shaped Blocks | EVA Yoga Accessories Set | Best Gifts for Yoga","WRIST BUDDY","$39.99","1,039","33","$41,550","07/19/2021","$29.35",4.4,"1,123","$10.64","8,025",9,"FBA",1,"Sports & Outdoors","Small standard","11.61 x 13.15 x 4.25 in","0.42 kg","https://www.amazon.com/dp/B099GSB4BZ?th=1&psc=1"
"B092DXFGVH","Retrospec Sedona Zafu Meditation Cushion Filled w/Buckwheat Hulls - Yoga Pillow for Meditation Practices - Machine Washable 100% Cotton Cover & Durable Carry Handle; Crescent, Basil","Retrospec","$25.99","1,136","35","$29,525","04/12/2021","$12.66",4.7,"449","$13.33","7,535",7,"AMZ",4,"Sports & Outdoors","Large standard","11.14 x 15 x 6.34 in","4.299 lb","https://www.amazon.com/dp/B092DXFGVH?th=1&psc=1"
"B0F22G37QB","WIHOLL Women's Workout Tank Tops Sleeveless Athletic Racerback for Gym Yoga Running - Summer Fitness Tops Scoop Neck (S-XXL)","WIHOLL","$12.95","1,852","47","$23,983","04/25/2025","$6.78",4.6,"","$6.17","26,900",8,"FBA",1,"Clothing, Shoes & Jewelry","Small standard","11.5 x 10.2 x 0.65 in","4.8 oz","https://www.amazon.com/dp/B0F22G37QB?th=1&psc=1"
"B0F2DYXS9J","G Gradual Women's Workout Tank Tops Racerback Athletic Yoga Tops Loose Fit Sleeveless Running Gym Sports Shirts for Women","G Gradual","$14.99","630","20","$9,444","03/25/2025","$7.60",4,"","$7.39","61,935",8,"FBA",1,"Clothing, Shoes & Jewelry","Large standard","5.4 x 1.2 x 7.5 in","0.2 lb","https://www.amazon.com/dp/B0F2DYXS9J?th=1&psc=1"
"B0DZHHQKM4","4 Pack Girls Capri Leggings Yoga Pants for Girls 3/4 Summer Pants","","$25.49","","","","03/06/2025","",5,"","","",6,"",1,"","","","","https://www.amazon.com/dp/B0DZHHQKM4?th=1&psc=1"
"B0F2XZF9CN","Origiwish Womens Sleeveless Tank Tops Quicky Dry Crop Workout Athletic Yoga Basic Shirts","Origiwish","$9.99","","","","03/29/2025","$5.12",5,"","$4.87","2,635,377",5,"FBA",1,"Clothing, Shoes & Jewelry","Small standard","8.268 x 0.394 x 11.024 in","0.22 lb","https://www.amazon.com/dp/B0F2XZF9CN?th=1&psc=1"
"B0F1XLCFNX","Womens Workout Tops Sleeveless Racerback Lightweight Active Tennis Yoga Shirts Athletic Running Tank Top for Women","XIEERDUO","$12.99","2,636","54","$34,242","04/23/2025","$4.00",4.4,"11","$8.99","22,773",8,"FBA",1,"Clothing, Shoes & Jewelry","Large standard","10.51 x 11.61 x 2.68 in","0.26 lb","https://www.amazon.com/dp/B0F1XLCFNX?th=1&psc=1"
"B0B3HWPBJ1","CHRLEISURE Leggings with Pockets for Women, High Waisted Tummy Control Workout Yoga Pants","CHRLEISURE","$55.99","11,391","315","$637,782","04/01/2022","$39.12",4.6,"23,210","$16.87","1,956",5,"FBA",1,"Clothing, Shoes & Jewelry","Large standard","10.51 x 15.47 x 4.02 in","2.84 lb","https://www.amazon.com/dp/B0B3HWPBJ1?th=1&psc=1"
"B077QD9TFF","Trideer Pilates Ball 9 Inch, Small Exercise Ball with Exercise Guide for Yoga, Core Training, Physical Therapy, Balance, Stability, Stretching","Trideer","$8.99","6,061","211","$54,488","01/25/2018","$4.09",4.5,"10,638","$4.90","641",8,"FBA",1,"Sports & Outdoors","Small standard","7.17 x 1.54 x 7.95 in","0.44 lb","https://www.amazon.com/dp/B077QD9TFF?th=1&psc=1"
"B0DYV6772R","Wall Pilates Workouts for Women  66 Exercise Cards with Videos & Workout Plan  Includes 5-Week Challenge, E-book, Chart & 2 Rings for Easy Organization  Home Pilates Workout Guide","Flow Dare","$17.99","265","6","$4,767","02/27/2025","$10.97",5,"","$7.02","42,137",7,"FBA",1,"Sports & Outdoors","Small standard","3.07 x 5.24 x 1.38 in","7.68 oz","https://www.amazon.com/dp/B0DYV6772R?th=1&psc=1"
"B0DYP6LW7R","Gaiam Grippy Studio Yoga Socks for Extra Grip in Standard or Hot Yoga","Gaiam","$8.49","4,209","133","$35,734","04/08/2025","$3.10",NA,"","$5.39","7,514",3,"AMZ",1,"Clothing, Shoes & Jewelry","Large standard","3.74 x 7.402 x 1.378 in","0.088 lb","https://www.amazon.com/dp/B0DYP6LW7R?th=1&psc=1"
"B08JGTW5TT","Sarin Mathews Womens Yoga Sweatpants Wide Leg High Waisted Lounge Pajamas Pants Comfy Workout Loose Pants with Pockets","Sarin Mathews","$19.99","9,146","323","$182,829","10/22/2020","$12.94",4.3,"11,841","$7.05","1,878",7,"FBA",1,"Clothing, Shoes & Jewelry","Small standard","9.65 x 10.91 x 2.56 in","1.76 oz","https://www.amazon.com/dp/B08JGTW5TT?th=1&psc=1"
"B0C2VL39FT","Pilates Socks for Women, Cushioned Ankle Grippy Non Slip Socks for Yoga, Hospital, Barre, Sports Home Slipper 2/4 Pairs","Toes Home","$12.74","2,447","90","$31,175","04/01/2024","$5.69",4.6,"1,288","$7.05","12,500",7,"FBA",1,"Clothing, Shoes & Jewelry","Large standard","4.21 x 9.96 x 2.2 in","0.441 lb","https://www.amazon.com/dp/B0C2VL39FT?th=1&psc=1"
"B0DTH6VJZ8","Yawlsow Pilates Grip Socks for Women Yoga Grippy Socks Cute Barre Non Skid Athletic Crew Sticky Sock Workout Hospital","Yawlsow","$9.49","5,155","122","$48,921","01/20/2025","$5.12",4.6,"74","$4.87","8,431",7,"FBA",1,"Clothing, Shoes & Jewelry","Small standard","6.693 x 8.346 x 0.472 in","0.132 lb","https://www.amazon.com/dp/B0DTH6VJZ8?th=1&psc=1"
"B0BGK5BR3G","YOLIX Flare Leggings for Women with Pockets - Crossover High Waisted Black Flared Leggings for Yoga Gym Workout","YOLIX","$9.37","3,512","105","$32,907","09/20/2022","$2.75",4.3,"1,934","$6.62","10,372",7,"FBA",1,"Clothing, Shoes & Jewelry","Large standard","7.8 x 10.2 x 0.98 in","0.679 lb","https://www.amazon.com/dp/B0BGK5BR3G?th=1&psc=1"
"B092XMWXK7","Retrospec Solana Yoga Mat 1' Thick With Nylon Carry Strap for Men & Women - Non Slip Exercise Mat for Home Yoga, Pilates, Stretching, Floor & Fitness Workouts","Retrospec","$39.99","24,284","852","$971,117","04/18/2021","$27.13",4.6,"12,244","$12.86","38",8,"AMZ",3,"Sports & Outdoors","Large standard","9 x 25 x 9 in","2.2 lb","https://www.amazon.com/dp/B092XMWXK7?th=1&psc=1"
"B0B31GZJP1","CRZ YOGA Lightweight Racerback Tank Tops for Women High Neck Workout Athletic Running Sleeveless Shirts","CRZ YOGA","$24.00","8,708","368","$208,992","06/02/2022","$14.86",4.5,"1,373","$9.14","1,473",7,"FBA",1,"Clothing, Shoes & Jewelry","Large standard","6.535 x 9.685 x 1.654 in","0.22 lb","https://www.amazon.com/dp/B0B31GZJP1?th=1&psc=1"
"B005NZ7PEQ","Manduka PRO Yoga Mat - Teacher Recommended, Non-Slip Textured 6mm Ultra-Dense, Hot Yoga Workout, Studio at Home Pilates","Manduka","$128.38","2,048","70","$262,922","10/12/2021","$100.01",4.5,"7,929","$28.37","3,234",7,"FBA",7,"Sports & Outdoors","Large standard","5 x 26 x 5 in","3.04 kg","https://www.amazon.com/dp/B005NZ7PEQ?th=1&psc=1"
"B0B46S9MWP","Yoga Towel,Hot Yoga Mat Towel with Grip Dots Sweat Absorbent Non-Slip for Hot Yoga, Pilates and Workout 24' x72', Purple & Blue","Eunzel","$18.04","3,785","106","$68,281","06/14/2022","$10.69",4.4,"1,190","$7.35","1,823",7,"FBA",1,"Sports & Outdoors","Small standard","5.83 x 10.43 x 3.74 in","0.99 lb","https://www.amazon.com/dp/B0B46S9MWP?th=1&psc=1"
"B0DV4DVD53","CRZ YOGA Tennis Skirts for Women High Waisted Side Slit Running Workout Athletic Mini A Line Skort with Pockets","CRZ YOGA","$28.00","2,760","100","$77,280","04/02/2025","$17.82",4.8,"1","$10.18","11,053",7,"FBA",1,"Clothing, Shoes & Jewelry","Large standard","8.19 x 9.49 x 1.46 in","0.351 lb","https://www.amazon.com/dp/B0DV4DVD53?th=1&psc=1"
"B0BBLT3TT1","Lenovo Yoga 7 7i 2-in-1 Business Laptop (16' FHD+ Touchscreen, AMD Ryzen 7 7735U (Beat i7-1255U), 16GB RAM, 1TB SSD, IST Precision Pen), Backlit, Fingerprint, FHD IR Webcam, Win 11 Pro, Arctic Grey","Lenovo","$864.00","35","3","$30,240","08/14/2022","$793.89",4,"42","$70.11","6,446",6,"FBM",11,"Computers & Accessories","Large standard","13 x 20.5 x 3 in","4.4 lb","https://www.amazon.com/dp/B0BBLT3TT1?th=1&psc=1"
"B0B4J42QMW","CRZ YOGA Womens Butterluxe Workout Capri Leggings with Pockets 21 Inches - High Waisted Gym Athletic Crop Yoga","CRZ YOGA","$28.00","7,416","265","$207,648","02/29/2024","$17.82",4.6,"1,102","$10.18","2,644",7,"FBA",1,"Clothing, Shoes & Jewelry","Large standard","8.82 x 8.86 x 1.57 in","0.37 lb","https://www.amazon.com/dp/B0B4J42QMW?th=1&psc=1"
"B07C5KBBGN","ODODOS Women's High Waisted Yoga Capris with Pockets, Tummy Control Non See Through Workout Athletic Running Capri Leggings","ODODOS","$22.98","21,550","749","$495,219","04/19/2024","$13.55",4.6,"24,238","$9.43","314",8,"FBA",1,"Clothing, Shoes & Jewelry","Large standard","7.56 x 11.14 x 1.1 in","0.509 lb","https://www.amazon.com/dp/B07C5KBBGN?th=1&psc=1"
"B0DC125GY3","Lenovo Yoga 7i 2-in-1 Business Laptop 16.0' Touch FHD + IPS (Intel Core Ultra 7 155U (Beats i7-1335U), 16GB LPDDR5X, 1TB SSD, Backlit KYB, FP Reader, 2 Thunderbolt 4, Win11P) w/AI Copilot & DKZ Hub","Lenovo","$959.00","15","1","$14,385","08/02/2024","$881.29",5,"1","$77.71","24,121",7,"FBM",3,"Computers & Accessories","Large standard","2.97 x 12.8 x 20.37 in","4.45 lb","https://www.amazon.com/dp/B0DC125GY3?th=1&psc=1"
"B0F13QRFM7","CRZ YOGA Womens Halter Bikini Tops V Neck Swim Bathing Suit Sexy Backless Swimsuit Padded","CRZ YOGA","$28.00","767","24","$21,476","04/21/2025","$17.04",NA,"","$10.96","52,671",5,"FBA",1,"Clothing, Shoes & Jewelry","Large standard","9.29 x 14.57 x 1.54 in","0.24 lb","https://www.amazon.com/dp/B0F13QRFM7?th=1&psc=1"
"B00FO9ZRZ0","Yoga Mat, 1/2-Inch Extra Thick High Density Exercise Mat, Anti-Tear Exercise Yoga Mat with Carrying Strap, Suitable for Various Yoga Exercises","Fitvids","$19.99","16,713","418","$334,093","10/05/2013","$10.23",4.5,"92,500","$9.76","186",8,"AMZ",3,"Sports & Outdoors","Large standard","7.244 x 24.488 x 7.008 in","1.8 lb","https://www.amazon.com/dp/B00FO9ZRZ0?th=1&psc=1"
"B07MYPDHMF","CHAIR EXERCISE DVD FOR SENIORS- Simply Seated is an invigorating Total Body Chair Workout. Warm up, Aerobic Endurance, Strengthening, Stretching. You will love this chair exercise for seniors DVDs","Vitality 4 Life with Curtis Adams","$14.97","","","","01/19/2019","$8.58",4.5,"1,552","$6.39","",6,"FBA",1,"","Small standard","5.5 x 7.5 x 0.25 in","2.89 oz","https://www.amazon.com/dp/B07MYPDHMF?th=1&psc=1"
"B0DSPVBXMC","Lenovo Yoga 7 16 2-in-1 AI PC Laptop | 16' WUXGA IPS Touch (Glossy) | Intel 12-core Ultra 5 125U (>i7-1335U) | 16GB DDR5 1TB SSD Backlit Fingerprint Thunderbolt FHD Camera Win11Pro w/DLCA Accessory","Lenovo","$869.00","","","","01/09/2025","$798.49",5,"1","$70.51","29,013",6,"FBM",1,"Computers & Accessories","Large standard","11 x 3 x 19 in","4.4 lb","https://www.amazon.com/dp/B0DSPVBXMC?th=1&psc=1"
"B0DB83NQ9J","Lenovo Yoga Pro 7 14AHP9-2024 New Laptop - 14.5' WQXGA IPS - Touchscreen 8-Core AMD Ryzen 7 8845HS - 16GB LPDDR5 1TB SSD - NVIDIA GeForce RTX 3050 6GB GDDR6 - Wi-Fi 6E - Backlit Keyboard - Win11 Pro","Lenovo","$1,069.98","25","1","$26,750","07/25/2024","$976.23",5,"2","$93.75","18,503",8,"FBA",4,"Computers & Accessories","Large standard","12 x 18.5 x 3.5 in","3.6 lb","https://www.amazon.com/dp/B0DB83NQ9J?th=1&psc=1"
"B0D62STSR9","Lenovo Yoga 7 2-in-1 Laptop for Creator Designer Business Professional 16' WUXGA IPS Touch AMD Zen 4 8-core Ryzen 7 8840HS (>i7-12700H) 16GB RAM 2TB SSD Win11 ICP Hub/AI-Powered PC Up to 16 Tops","Lenovo","$949.00","","1","","06/03/2024","$872.09",NA,"","$76.91","28,001",8,"FBM",1,"Computers & Accessories","Large standard","11 x 3 x 16 in","3.55 lb","https://www.amazon.com/dp/B0D62STSR9?th=1&psc=1"
"B0DV4B1LWG","CRZ YOGA Butterbreeze Square Neck Sports Bras for Women - Strappy Thin Straps Wireless Workout Traning Padded Gym Cami Top","CRZ YOGA","$30.00","751","25","$22,530","03/15/2025","$19.14",NA,"","$10.86","50,040",7,"FBA",1,"Clothing, Shoes & Jewelry","Large standard","7.28 x 14.02 x 1.93 in","0.24 lb","https://www.amazon.com/dp/B0DV4B1LWG?th=1&psc=1"
"B0BRKG1LH1","CRZ YOGA Butterluxe Womens Square Neck Longline Sports Bra - Workout Crop Tank Tops Padded Yoga Camisole with Built in Pads","CRZ YOGA","$32.00","17,212","642","$550,784","11/03/2023","$20.34",4.7,"2,280","$11.66","458",8,"FBA",1,"Clothing, Shoes & Jewelry","Large standard","9.685 x 13.071 x 2.283 in","0.265 lb","https://www.amazon.com/dp/B0BRKG1LH1?th=1&psc=1"
"B0BB7STYJL","Sunzel Flare Leggings, Crossover Yoga Pants with Tummy Control, High-Waisted and Wide Leg","Sunzel","$27.54","25,005","1,053","$688,638","11/22/2024","$17.78",4.3,"28,373","$11.21","122",6,"FBA",1,"Clothing, Shoes & Jewelry","Large standard","10.669 x 13.268 x 2.165 in","0.507 lb","https://www.amazon.com/dp/B0BB7STYJL?th=1&psc=1"
"B07T427PFJ","CRZ YOGA Strappy Sports Bras for Women - Criss Cross Back Wireless Padded Yoga Workout Cami Top","CRZ YOGA","$26.00","7,133","251","$185,458","04/05/2022","$15.24",4.5,"3,384","$10.76","2,893",6,"FBA",1,"Clothing, Shoes & Jewelry","Large standard","8.46 x 13.19 x 2.64 in","0.22 lb","https://www.amazon.com/dp/B07T427PFJ?th=1&psc=1"
"B0B154V8LM","Trideer Cork Yoga Blocks, 2 Pack Natural Cork Blocks, High Density with Non Slip Surface, Eco-Friendly Accessories and Ideal for Yoga, Pilates, Stretching","Trideer","$23.86","1,111","43","$26,508","07/31/2022","$12.21",4.8,"455","$11.65","5,857",7,"FBA",1,"Sports & Outdoors","Large standard","5.98 x 9.02 x 5.87 in","3.5 lb","https://www.amazon.com/dp/B0B154V8LM?th=1&psc=1"
"B088ZWY1V2","DIBAOLONG Womens Yoga Pants Capri Loose Workout Sweatpants Comfy Lounge Joggers with Pockets","DIBAOLONG","$19.43","3,883","180","$75,447","07/23/2020","$9.76",4.4,"5,733","$9.67","4,894",5,"FBA",1,"Clothing, Shoes & Jewelry","Large standard","8.98 x 12.48 x 2.32 in","0.71 lb","https://www.amazon.com/dp/B088ZWY1V2?th=1&psc=1"
"B0CJQS594F","CRZ YOGA Womens Butterluxe Y Back Longline Sports Bras - Spaghetti Straps Racerback Padded Yoga Workout Crop Tank Top","CRZ YOGA","$32.00","7,966","312","$254,912","09/25/2023","$20.34",4.6,"255","$11.66","1,991",7,"FBA",1,"Clothing, Shoes & Jewelry","Large standard","7.28 x 13.54 x 2.91 in","0.24 lb","https://www.amazon.com/dp/B0CJQS594F?th=1&psc=1"
"B0DR9QS1SP","Lenovo Yoga 9i 2-in-1 Laptop with Intel Core Ultra 7 155H Processor,14 2.8K (2880 x 1800), OLED, Touch, Display, 16GB RAM, 1TB SSD, Slim Pen, FP Reader, 5MP RGB+IR Cam, Low Blue Light, and Win 11Pro","Lenovo","$1,427.38","8","1","$11,419","12/22/2024","$1,286",3.5,"3","$112.91","25,316",6,"FBM",4,"Computers & Accessories","Large bulky","12 x 19 x 3.5 in","6.55 lb","https://www.amazon.com/dp/B0DR9QS1SP?th=1&psc=1"
"B0DDKTJWJG","Lenovo 2024 Yoga 7i 2-in-1 AI Laptop, 16' WUXGA Touch, Intel 12-Core Ultra 7 155U (Beat i7-1355U), 16GB LPDDR5X RAM, 1TB SSD, Backlit, FP, FHD IR Webcam, AI Copilot, Win11 Home, W/Portable SSD&Stylus","Lenovo","$858.14","30","1","$25,744","08/10/2024","$788.50",4.8,"7","$69.64","17,082",8,"FBM",6,"Computers & Accessories","Large standard","3 x 3 x 19 in","4.63 lb","https://www.amazon.com/dp/B0DDKTJWJG?th=1&psc=1"
"B0D7MMZSDT","Premium Durable Stretch Straps with Loops, Stretching Strap for Physical Therapy, Multi-Loop Yoga Strap Fitness Exercise Strap for Yoga, Pilates, Dance, Flexibility&Exercise","A AZURELIFE","$5.99","1,594","60","$9,548","06/19/2024","$1.72",4.6,"4,638","$4.27","3,923",7,"FBA",1,"Sports & Outdoors","Small standard","4.13 x 12.95 x 1.02 in","75 g","https://www.amazon.com/dp/B0D7MMZSDT?th=1&psc=1"
"B08ZCZG1QZ","Trideer Yoga Ball - Exercise Ball for Workout pilates Stability - Anti-Burst and Slip Resistant for physical therapy, Birthing, Stretching & Core Workout, Office Ball Chair, Flexible Seating, Home Gym","Trideer","$19.98","9,898","497","$197,762","03/18/2021","$9.78",4.6,"4,461","$10.20","131",7,"FBA",4,"Sports & Outdoors","Large standard","6.811 x 10.315 x 4.961 in","2.74 lb","https://www.amazon.com/dp/B08ZCZG1QZ?th=1&psc=1"
"B0D49CSNS7","CRZ YOGA Womens Butterlift High Waisted Workout Leggings 25' - Pilates Gym Athletic Yoga Pants Buttery Soft","CRZ YOGA","$32.00","14,670","466","$469,440","09/06/2024","$21.22",4.6,"1,042","$10.78","928",7,"FBA",1,"Clothing, Shoes & Jewelry","Large standard","8.46 x 8.66 x 1.85 in","0.441 lb","https://www.amazon.com/dp/B0D49CSNS7?th=1&psc=1"
"B087R2Q4HM","Renoj Resistance Bands, Yoga Starter Sets for Women and Men, 3 Set of Stretch Exercise Workout Bands for Booty Legs, Elastic Pilates Flexbands","Renoj","$16.14","13,413","464","$216,486","04/26/2020","$9.13",4.7,"40,409","$7.01","151",7,"FBA",5,"Sports & Outdoors","Small standard","5.55 x 10.28 x 1.57 in","12.7 oz","https://www.amazon.com/dp/B087R2Q4HM?th=1&psc=1"
"B082QQDVHL","GAYHAY High Waisted Leggings for Women - Soft Opaque Slim Tummy Control Printed Pants for Running Cycling Yoga","GAYHAY","$7.49","14,818","429","$110,987","04/07/2025","$3.72",4.3,"20,724","$6.27","1,095",8,"FBA",2,"Clothing, Shoes & Jewelry","Large standard","7.44 x 9.23 x 1.18 in","0.37 lb","https://www.amazon.com/dp/B082QQDVHL?th=1&psc=1"
"B00PRABXFO","Gentle Yoga: 7 Beginning Yoga Practices for Mid-life (40's - 70's) including AM Energy, PM Relaxation, Improving Balance, Relief from Desk Work, Core Strength, and more.","White Cliff Productions","$19.95","","","","11/17/2014","$12.82",4.5,"4,545","$7.13","2,187",4,"FBA",34,"Movies & TV","Small standard","7.52 x 5.31 x 0.55 in","2.88 oz","https://www.amazon.com/dp/B00PRABXFO?th=1&psc=1"
"B076142XF4","Amazon Basics High Density Foam Roller for Exercise and Recovery","Amazon Basics","$18.99","42,773","1,427","$812,259","12/20/2017","$3.26",4.6,"113,628","$15.73","9",5,"AMZ",4,"Sports & Outdoors","Large bulky","24 x 6 x 6 in","0.25 kg","https://www.amazon.com/dp/B076142XF4?th=1&psc=1"
"B0F7HZ3Y44","LENOVO Yoga 9i 2-in-1 Copilot+ Laptop, Intel Ultra 7-258V, 32 GB LPDDR5x RAM, 2 TB PCIe SSD, 14' 3K (2880x1800) OLED Touchscreen Display, Intel Arc Graphics, Backlit Keyboard, W11 Pro, Cosmic Blue","LENOVO","$1,929.00","","","","","$1,774",NA,"","$155.31","33,035",6,"FBM",1,"Computers & Accessories","Large standard","","2.9 lb","https://www.amazon.com/dp/B0F7HZ3Y44?th=1&psc=1"
"B09Y5J3WKQ","CRZ YOGA Womens Butterluxe Workout Leggings 25 Inches - High Waisted Gym Yoga Pants with Pockets Buttery Soft","CRZ YOGA","$32.00","13,466","441","$430,912","05/15/2025","$21.22",4.5,"750","$10.78","1,038",7,"FBA",1,"Clothing, Shoes & Jewelry","Large standard","8.937 x 8.937 x 1.299 in","0.375 lb","https://www.amazon.com/dp/B09Y5J3WKQ?th=1&psc=1"
"B0CYSWV6K6","CRZ YOGA Mid Waisted Running Shorts for Women 4' Soft for Gym Athletic Workout with Zipper Pocket Liner Quick Dry","CRZ YOGA","$28.00","7,484","304","$209,552","05/08/2024","$17.82",4.4,"238","$10.18","2,088",7,"FBA",1,"Clothing, Shoes & Jewelry","Large standard","8.11 x 9.57 x 1.38 in","0.24 lb","https://www.amazon.com/dp/B0CYSWV6K6?th=1&psc=1"
"B0D2RGDLFG","CRZ YOGA Lightweight Wide Leg Cropped Pants for Women 25' High Waisted Loose Casual Lounge Travel Work Sweatpants Summer","CRZ YOGA","$35.00","6,623","227","$231,805","06/05/2024","$22.99",4.5,"205","$12.01","3,404",7,"FBA",1,"Clothing, Shoes & Jewelry","Large standard","8.622 x 14.213 x 1.654 in","0.487 lb","https://www.amazon.com/dp/B0D2RGDLFG?th=1&psc=1"
"B0B5195NZV","MRZZATA 5-Tiers Yoga Mat Holder Wall Mount, Metal Storage Rack for Yoga Mat/Wheels, Wall Rack Organizer with 3-Hooks for Hanging Stretching Strap & Resistance Bands, Yoga Room/Home Gym Decor","mrzzata","$23.80","421","12","$10,020","06/23/2022","$13.47",4.4,"196","$10.33","22,234",7,"FBA",2,"Sports & Outdoors","Large standard","9.921 x 14.252 x 1.811 in","1.9 lb","https://www.amazon.com/dp/B0B5195NZV?th=1&psc=1"
"B0DXDS3S4W","MOONSMILE 2 Pack Hot Yoga Mat Towels with Grip Dot,Yoga Mat Towels for Hot Yoga Non Slip,Soft Suede Microfiber Cover,Absorbent Pilates Exercise Accessories","MOONSMILE","$29.97","293","17","$8,781","02/16/2025","$20.95",4.2,"14","$9.02","16,250",8,"FBA",1,"Sports & Outdoors","Small standard","7.087 x 9.606 x 2.402 in","12 oz","https://www.amazon.com/dp/B0DXDS3S4W?th=1&psc=1"
"B08RDKY753","UMINEUX Yoga Mat Extra Thick 1/3'' Non Slip Yoga Mats for Women Eco Friendly TPE Fitness Exercise Mat with Carrying Sling & Storage Bag","UMINEUX","$35.99","270","12","$9,717","12/27/2020","$23.83",4.5,"1,448","$12.16","22,289",7,"FBA",1,"Sports & Outdoors","Large standard","5.8 x 24 x 5.8 in","2 lb","https://www.amazon.com/dp/B08RDKY753?th=1&psc=1"
"B07P5LKLP5","THE GYM PEOPLE Womens' Yoga Pants High Waist with Pocket Tummy Control","THE GYM PEOPLE","$24.99","21,380","784","$534,286","08/19/2020","$14.88",4.4,"20,348","$10.11","279",5,"FBA",1,"Clothing, Shoes & Jewelry","Large standard","11.02 x 8.66 x 0.79 in","8.11 oz","https://www.amazon.com/dp/B07P5LKLP5?th=1&psc=1"
"B076MSZZ9L","Stretching Strap with Loops - Non Elastic Stretch Band for Physical Therapy, Yoga Strap for Stretching Equipment, Stretch Bands for Exercise and Flexibility - Fascia, Hamstring & Leg Stretcher Belt","CTRL Sports","$19.65","5,922","198","$116,367","11/04/2017","$12.28",4.6,"7,509","$7.37","709",7,"FBA",1,"Sports & Outdoors","Small standard","4.528 x 5.079 x 1.89 in","0.51 lb","https://www.amazon.com/dp/B076MSZZ9L?th=1&psc=1"
"B0D9H1CFTT","unenow Unisex Non Slip Grip Socks with Cushion for Yoga Pilates Barre Home & Hospital","unenow","$16.99","7,340","229","$124,707","07/14/2024","$9.55",4.5,"14,623","$7.44","3,358",3,"FBA",1,"Clothing, Shoes & Jewelry","Large standard","3.39 x 7.6 x 1.97 in","0.421 lb","https://www.amazon.com/dp/B0D9H1CFTT?th=1&psc=1"
"B07QL31TRK","Sand Cloud Turkish Beach Towel - Sand Free - 100% Organic Turkish Cotton Yarn - Quick Dry Towel for Beach, Picnic, Blanket or Bath Towel - As Seen on Shark Tank - Marine Life (Whale Shark)","Sand Cloud","$54.00","2,321","89","$125,334","06/07/2019","$41.31",4.8,"1,085","$12.69","13,711",8,"FBA",2,"Home & Kitchen","Small standard","6.85 x 11.02 x 3.82 in","363 g","https://www.amazon.com/dp/B07QL31TRK?th=1&psc=1"
"B0DTFF3WZT","4 Pairs Pilates Socks with Grips for Women, Barre Yoga Grippy Socks, Womens Non Slip Pilates Crew Sticky Socks","Haoteey","$9.99","778","24","$7,772","01/18/2025","$5.21",4.8,"27","$4.78","51,626",7,"FBA",1,"Clothing, Shoes & Jewelry","Small standard","14 x 8 x 0.7 in","2 oz","https://www.amazon.com/dp/B0DTFF3WZT?th=1&psc=1"
"B01N6YGKBF","Manduka X Yoga Mat - Easy to Carry, For Women and Men, Non Slip, Cushion for Joint Support and Stability, 5mm Thick, 71 Inch (180cm)","Manduka","$68.00","1,115","43","$75,820","02/08/2017","$49.65",4.4,"2,028","$18.35","5,879",7,"AMZ",2,"Sports & Outdoors","Large standard","4.96 x 24.33 x 4.65 in","3.7 lb","https://www.amazon.com/dp/B01N6YGKBF?th=1&psc=1"
"B07RTM7TYW","Ewedoos Women's Yoga Pants with Pockets Leggings for Women Tummy Control Workout Leggings for Women Compression Leggings","Ewedoos","$18.99","5,835","218","$110,807","10/01/2024","$10.60",4.6,"39,375","$8.39","3,635",7,"FBA",1,"Clothing, Shoes & Jewelry","Large standard","6.102 x 10.669 x 2.126 in","0.551 lb","https://www.amazon.com/dp/B07RTM7TYW?th=1&psc=1"
"B0DJWCQMCX","Grip Pilates Socks for Women, Yoga Slouch Socks with Grip for Barre Workout Hospital Long Scrunch Slipper Socks","Horuru","$14.99","5,902","158","$88,471","10/11/2024","$8.46",4.6,"266","$8.53","5,916",7,"FBA",1,"Clothing, Shoes & Jewelry","Large standard","7.36 x 10.51 x 1.85 in","0.461 lb","https://www.amazon.com/dp/B0DJWCQMCX?th=1&psc=1"
"B0F39S3Y79","Lenovo Yoga 9i 2-in-1 Laptop with Intel Core Ultra 7 155H Processor, 14 2.8K OLED 120Hz Touchscreen, 16GB LPDDR5x-7467 RAM, 1TB SSD, Slim Pen, FP Reader, 5MP RGB+IR Cam, and Win 11 Pro","Lenovo","$1,395.00","38","","$53,010","03/31/2025","$1,275",NA,"","$12.41","33,138",6,"FBM",2,"Computers & Accessories","Large bulky","11.9 x 18.8 x 3.3 in","6.55 lb","https://www.amazon.com/dp/B0F39S3Y79?th=1&psc=1"
"B0D2XJ7Q5F","CRZ YOGA Cloudweight Womens Ruched Tank High Neck Workout Fitted Tops Basic Yoga Athletic Sleeveless Shirts","CRZ YOGA","$20.00","2,049","58","$40,980","04/14/2025","$11.46",4.5,"","$8.54","21,258",7,"FBA",1,"Clothing, Shoes & Jewelry","Large standard","7.01 x 9.49 x 1.34 in","0.15 lb","https://www.amazon.com/dp/B0D2XJ7Q5F?th=1&psc=1"
"B0BWRFXPK6","10 Pack Yoga Mats Bulk, 68'' x 24'' x 4mm Thick Yoga Mats for Kids and Adult Gym Mats Bundle Latex Free Exercise Mats with Non Slip Texture for Outdoor Yoga, Pilates or Workout","LEIFIDE","$98.99","316","13","$31,281","02/23/2023","$63.28",3.6,"40","$35.71","21,022",7,"FBA",2,"Sports & Outdoors","Large bulky","19.5 x 24.6 x 8.1 in","7.3 lb","https://www.amazon.com/dp/B0BWRFXPK6?th=1&psc=1"
"B076KPPHJT","Joob Joob Boho Pants for Women - Hippie Harem Pants Women - Womens Yoga Pants  Comfy Bohemian Flowy Hippie Clothes","Joob Joob","$19.95","6,035","211","$120,398","11/13/2017","$12.73",4.1,"15,011","$7.22","3,834",7,"FBA",1,"Clothing, Shoes & Jewelry","Small standard","11.8 x 9.1 x 0.5 in","5.28 oz","https://www.amazon.com/dp/B076KPPHJT?th=1&psc=1"
"B09L7TVXGX","QIANXIZHAN Women's Harem Pants, High Waist Yoga Boho Trousers with Pockets","QIANXIZHAN","$19.95","12,402","449","$247,420","11/18/2021","$10.10",4.3,"19,517","$9.85","999",6,"FBA",1,"Clothing, Shoes & Jewelry","Large standard","10.87 x 13.43 x 1.34 in","0.529 lb","https://www.amazon.com/dp/B09L7TVXGX?th=1&psc=1"
"B000C9KSZQ","Hugger Mugger Standard Yoga Bolster - Firm, Supportive, Handmade, Durable","Hugger Mugger","$97.95","318","11","$31,148","11/10/2005","$74.71",4.7,"1,348","$23.24","25,258",5,"FBA",1,"Sports & Outdoors","Large standard","11.25 x 25.75 x 6.25 in","5 lb","https://www.amazon.com/dp/B000C9KSZQ?th=1&psc=1"
"B0BLMMQD9J","Non Slip Yoga Socks with Grips for Pilates, Ballet, Barre, Barefoot, Hospital Anti Skid Socks for Women and Men","Hromec","$18.04","4,899","162","$88,378","09/30/2021","$11.00",4.4,"6,304","$7.99","5,692",7,"FBA",1,"Clothing, Shoes & Jewelry","Large standard","3.62 x 9.13 x 2.4 in","0.6 lb","https://www.amazon.com/dp/B0BLMMQD9J?th=1&psc=1"
"B09NP3FPHS","Non-Slip Yoga Mat with Alignment Marks  Lightweight Exercise Mat with Carry Strap for Home Workout or Travel by Wakeman Outdoors","Wakeman","$21.84","753","11","$16,446","12/14/2021","$6.44",4.2,"207","$15.40","25,686",4,"AMZ",2,"Sports & Outdoors","Large bulky","5.25 x 24.25 x 5 in","2.101 lb","https://www.amazon.com/dp/B09NP3FPHS?th=1&psc=1"
"B08M2M6WK2","Gentle Yoga Plus Pilates DVD: Low Impact Abs, Core, Flexibility, Balance, Two Total Body At Home No Equipment Workouts with Jessica Smith","In Wellness Systems LLC","$20.37","","","","12/28/2020","$13.17",4.3,"867","$7.20","2,269",5,"FBA",12,"Movies & TV","Small standard","7.52 x 5.35 x 0.59 in","3.2 oz","https://www.amazon.com/dp/B08M2M6WK2?th=1&psc=1"
"B0DZHG8V6V","4 Pack Girls Capri Leggings Yoga Pants for Girls 3/4 Summer Pants","Chicduo","$25.49","","","","03/06/2025","$21.44",5,"","$8.55","1,174,171",6,"FBA",1,"Clothing, Shoes & Jewelry","Small standard","","","https://www.amazon.com/dp/B0DZHG8V6V?th=1&psc=1"
"B0F22FYG1V","WIHOLL Women's Workout Tank Tops Sleeveless Athletic Racerback for Gym Yoga Running - Summer Fitness Tops Scoop Neck (S-XXL)","WIHOLL","$12.95","1,678","71","$21,730","04/25/2025","$6.78",4.6,"6","$6.17","16,823",8,"FBA",1,"Clothing, Shoes & Jewelry","Small standard","11.5 x 10.2 x 0.65 in","4.8 oz","https://www.amazon.com/dp/B0F22FYG1V?th=1&psc=1"
"B0F1XWV7LN","Womens Workout Tops Sleeveless Racerback Lightweight Active Tennis Yoga Shirts Athletic Running Tank Top for Women","XIEERDUO","$12.99","2,613","54","$33,943","04/23/2025","$6.81",4.4,"","$6.18","22,751",8,"FBA",1,"Clothing, Shoes & Jewelry","Small standard","10.787 x 13.307 x 0.748 in","0.298 lb","https://www.amazon.com/dp/B0F1XWV7LN?th=1&psc=1"
"B0F21SHTLT","Pilates Socks for Women with Non Slip Grippers, Yoga Socks for Barre Workout Hospital Gym","","$13.49","","","","03/20/2025","",NA,"","","",3,"",1,"","","","","https://www.amazon.com/dp/B0F21SHTLT?th=1&psc=1"
"B0F3JH3DVX","High-Waisted Yoga Pants with Pockets  Buttery Soft, Tummy Control Leggings for Women","","$32.00","","","","05/04/2025","",NA,"","","",7,"",1,"","","","","https://www.amazon.com/dp/B0F3JH3DVX?th=1&psc=1"
"B0CKWHXJKD","5-Minute Yoga Fix with Peggy Cappy DVD","n/a (Actor), WGBH Educational Foundation (Director) Rated: G Format: DVD","$14.18","","","","02/20/2024","$7.91",4.2,"2","$6.27","10,935",1,"AMZ",19,"Movies & TV","Small standard","0.55 x 7.57 x 5.38 in","2.4 oz","https://www.amazon.com/dp/B0CKWHXJKD?th=1&psc=1"
"B07Y9DTZYS","15-Minute Yoga Balance 2.0 (Workout)","","","","","","04/26/2020","",NA,"","$3.58","",0,"",1,"","Small standard","","","https://www.amazon.com/dp/B07Y9DTZYS?th=1&psc=1"
"B09VKK11VX","Cestyle Womens Sleeveless Scoop Neck Flowy Loose Fit Workout Shirts Racerback Long Tank Tops","Cestyle","$19.99","1,200","39","$23,988","03/27/2017","$11.01",4.3,"4,410","$8.98","32,783",5,"FBA",1,"Clothing, Shoes & Jewelry","Large standard","7.87 x 9.72 x 0.83 in","0.421 lb","https://www.amazon.com/dp/B09VKK11VX?th=1&psc=1"
"B07FQL68WH","Ozaiic Yoga Socks for Women Non-Slip Grips & Straps, Ideal for Pilates, Pure Barre, Ballet, Dance, Barefoot Workout","ozaiic","$14.24","11,598","389","$165,156","09/08/2018","$9.12",4.6,"44,229","$5.12","1,325",7,"FBA",1,"Clothing, Shoes & Jewelry","Small standard","5.719 x 9.02 x 2.062 in","0.29 lb","https://www.amazon.com/dp/B07FQL68WH?th=1&psc=1"
"B0922GS6FD","Tucketts Toeless Pilates Socks with Grips for Women, Non-Slip Yoga & Barre Socks for Stability & Barefoot Workouts, Size 5-13","Tucketts","$15.29","2,294","78","$35,075","05/22/2023","$8.95",4.3,"8,196","$6.34","15,009",7,"FBA",2,"Clothing, Shoes & Jewelry","Small standard","4.69 x 7.72 x 0.71 in","0.071 lb","https://www.amazon.com/dp/B0922GS6FD?th=1&psc=1"
"B0BKLFK73G","Hylaea Unisex Non Slip Socks with Grip for Yoga, Hospital, Pilates, Barre | Ankle, Cushioned","Hylaea","$17.99","4,830","138","$86,892","02/07/2023","$9.75",4.4,"10,717","$8.24","7,160",5,"FBA",1,"Clothing, Shoes & Jewelry","Large standard","5.28 x 9.69 x 2.52 in","0.37 lb","https://www.amazon.com/dp/B0BKLFK73G?th=1&psc=1"
"B018V1P2CU","Yoga for Relaxation and Stress Relief","","","","","","10/16/2019","$3.51",NA,"","$3.58","",0,"",1,"","Small standard","","","https://www.amazon.com/dp/B018V1P2CU?th=1&psc=1"
"B075Y4W3YH","Yoga Body Workout Series with Julia Marie","","","","","","02/27/2020","",NA,"","$3.58","",0,"",1,"","Small standard","","","https://www.amazon.com/dp/B075Y4W3YH?th=1&psc=1"
"B01J2IY858","Balance & Strength Exercises for Seniors: 9 Practices, with Traditional Exercises, Tai Chi, Yoga & Dance Based Movements.","Jane Adams Yoga","$19.95","","","","07/24/2016","$12.82",4.5,"3,296","$7.13","1,658",6,"FBA",16,"Movies & TV","Small standard","7.48 x 5.35 x 0.55 in","2.89 oz","https://www.amazon.com/dp/B01J2IY858?th=1&psc=1"
"B0CYGPY2MB","4 Packs Cooling Towels, 40' x 12' Microfiber Cooling Towels for Neck and Face, Soft Breathable Gym Towel for Working Out with Waterproof Bag & Carabiner, Sweat Towel for Gym, Running, Yoga, Travel","SOYOK","$8.99","3,191","92","$28,687","03/18/2024","$3.82",4.3,"650","$5.17","2,239",8,"FBA",2,"Sports & Outdoors","Small standard","9.88 x 12.56 x 0.74 in","0.809 lb","https://www.amazon.com/dp/B0CYGPY2MB?th=1&psc=1"
"B0CZLXDLGP","Lenovo Yoga 7i 16' Touchscreen Business 2-in-1 Convertible Laptop, 16' WUXGA Touchscreen, Intel i5-1335U, 16GB LPDDR5 RAM, 512GB SSD, FP Reader, Backlit Keyboard, HDMI, Wi-Fi 6, Windows 11 Pro, Grey","Lenovo","$769.00","15","","$11,535","03/31/2024","$706.49",5,"1","$62.51","37,560",5,"FBM",3,"Computers & Accessories","Large standard","14 x 4 x 20 in","5.8 lb","https://www.amazon.com/dp/B0CZLXDLGP?th=1&psc=1"
"B00JW3CTTQ","Yoga Mat, 1/2-Inch Extra Thick High Density Exercise Mat, Anti-Tear Exercise Yoga Mat with Carrying Strap, Suitable for Various Yoga Exercises","Fitvids","","16,287","243","","12/12/2024","$3.35",4.5,"62,193","$13.17","505",8,"AMZ",1,"Sports & Outdoors","Large bulky","7 x 6.75 x 24.75 in","0.93 kg","https://www.amazon.com/dp/B00JW3CTTQ?th=1&psc=1"
"B0C7ZBNWL5","G4Free Yoga Pants Women Wide Leg Pants with Pockets High Waist Stretch Dress Casual Sweatpants Petite/Regular/Tall","G4Free","$36.99","28,845","1,099","$1.07M","03/01/2024","$24.68",4.3,"5,721","$12.31","107",8,"FBA",1,"Clothing, Shoes & Jewelry","Large standard","9.25 x 12.05 x 2.28 in","0.75 lb","https://www.amazon.com/dp/B0C7ZBNWL5?th=1&psc=1"
"B0F2MMVJGC","2025 Lenovo Yoga 9i 2-in-1 Business Laptop (14' QHD 120Hz Touchscreen, Intel 16-core Ultra 7 155H, 16GB RAM, 1TB SSD, Arc Graphics, Stylus) Backlit KB, FP Reader, IR Webcam, B&W Audio, Win 11 Pro","ist computers","$1,349.99","15","","$20,250","03/24/2025","$1,241",NA,"","$108.99","60,638",8,"FBM",1,"Computers & Accessories","Large standard","14 x 3 x 19 in","2.91 lb","https://www.amazon.com/dp/B0F2MMVJGC?th=1&psc=1"
"B08GKQ9ZQ6","KuaiLu Womens Arch Support Flip Flops Comfortable Yoga Mat Slip on Summer Beach Walking Thong Cushion Sandals","KuaiLu","$13.99","19,697","661","$275,561","05/13/2024","$3.50",4.2,"8,290","$10.49","427",7,"FBA",1,"Clothing, Shoes & Jewelry","Large standard","8.86 x 13.15 x 5.2 in","0.97 lb","https://www.amazon.com/dp/B08GKQ9ZQ6?th=1&psc=1"
"B0DWT74N79","ASUTRA Yoga Mat Cleaning Wipes (Lovely Lavender), 1 Pouch (30 Wipes) - No Slippery Residue, Deep-Cleansing for Fitness Gear & Gym Equipment","ASUTRA","$14.99","136","4","$2,039","02/11/2025","$7.85",4.4,"","$7.14","116,338",8,"FBA",1,"Health & Household","Large standard","5.79 x 3.66 x 1.77 in","6.38 oz","https://www.amazon.com/dp/B0DWT74N79?th=1&psc=1"
"B09ZP9VXLJ","CRZ YOGA Butterluxe Womens U Back Sports Bra - Scoop Neck Padded Low Impact Yoga Clothes Workout Crop Top with Built in Pads","CRZ YOGA","$28.00","13,231","468","$370,468","06/07/2024","$16.76",4.5,"2,197","$11.24","918",7,"FBA",1,"Clothing, Shoes & Jewelry","Large standard","10.827 x 14.681 x 1.89 in","0.287 lb","https://www.amazon.com/dp/B09ZP9VXLJ?th=1&psc=1"
"B00NUQT3MM","Black Diamond Stoneworks Yoga Mat Cleaner: USDA Certified BIOBASED- Essential Oils, Safe for All Type of Materials, Exercise, Pilates, or Workout Mats. (1-Gallon)","Black Diamond Stoneworks","$29.98","1,314","51","$39,394","09/24/2014","$15.57",4.4,"1,320","$14.41","4,779",8,"FBA",1,"Sports & Outdoors","Large standard","7 x 4.5 x 11.25 in","9.04 lb","https://www.amazon.com/dp/B00NUQT3MM?th=1&psc=1"
"B0DV4D4WC5","CRZ YOGA Dolphin Golf Skirts for Women A Line High Waisted Casual Athletic Mini Tennis Pickleball Skort with Zipper Pocket","CRZ YOGA","$32.00","920","33","$29,440","04/15/2025","$21.22",NA,"","$10.78","38,593",7,"FBA",1,"Clothing, Shoes & Jewelry","Large standard","7.95 x 9.37 x 1.81 in","0.351 lb","https://www.amazon.com/dp/B0DV4D4WC5?th=1&psc=1"
"B0D9V6G2SZ","2 Pcs Yoga Blocks, 9'x6'x3' Foam Blocks Yoga Props for Pilates Stretching and Meditation Exercise Blocks Lightweight Yoga Essentials","Septo","$11.99","2,753","81","$33,008","07/21/2024","$5.77",4.6,"55","$6.22","2,668",8,"FBA",1,"Sports & Outdoors","Small standard","6.14 x 9.41 x 5.87 in","0.26 kg","https://www.amazon.com/dp/B0D9V6G2SZ?th=1&psc=1"
"B07VPS4R6P","Yoga Mat Holder Wall Mount Yoga Mat Storage Holder Yoga Mat Organizer Skateboard Wall Mount for Foam Rollers Skateboard Ski Board","retyion","$35.98","131","7","$4,713","07/24/2019","$26.26",4.2,"46","$9.72","39,611",7,"FBA",1,"Sports & Outdoors","Small standard","10.39 x 14.76 x 3.82 in","200 g","https://www.amazon.com/dp/B07VPS4R6P?th=1&psc=1"
"B0DNXVT929","Lenovo Yoga 7i 2-in-1 Laptop, 16' 2K WUXGA Touchscreen Display, Intel Core Ultra 5 125U Processor, 16GB RAM 1TB SSD, Wi-Fi 6E, Backlit Keyboard, Fingerprint Reader, Windows 11 Pro, Storm Grey","Lenovo","$829.69","20","","$16,594","11/23/2024","$762.32",NA,"","$67.37","44,511",8,"FBM",1,"Computers & Accessories","Large standard","9.84 x 0.75 x 14.24 in","4.63 lb","https://www.amazon.com/dp/B0DNXVT929?th=1&psc=1"
"B07S9JWNM1","Heathyoga Capri Leggings for Women High Waisted Capri Leggings with Pockets for Women Tummy Control Yoga Pants Women","Heathyoga","$14.99","16,611","607","$248,999","07/01/2020","$10.16",4.6,"7,157","$8.83","521",7,"FBA",1,"Clothing, Shoes & Jewelry","Large standard","6.46 x 10.71 x 2.28 in","0.549 lb","https://www.amazon.com/dp/B07S9JWNM1?th=1&psc=1"
"B0876QTBKZ","CAMBIVO Yoga Mat for Women and Men, Extra Long and Wide Exercise Mat(72'x48'/84'x30'), Large Non Slip Workout Mat for Yoga, Pilates, Fitness, Barefoot Workouts, Home Gym Studio","CAMBIVO","$37.99","1,625","53","$61,734","06/25/2020","$29.61",4.6,"3,002","$20.38","4,604",7,"FBA",1,"Sports & Outdoors","Large bulky","6 x 5 x 30 in","2.27 kg","https://www.amazon.com/dp/B0876QTBKZ?th=1&psc=1"
"B0C898YLJM","CRZ YOGA Womens Butterluxe Maternity Leggings Over The Belly 25' - Buttery Soft Workout Activewear Yoga Pregnancy Pants","CRZ YOGA","$32.00","9,304","319","$297,728","04/18/2024","$21.22",4.5,"2,525","$10.78","1,920",8,"FBA",1,"Clothing, Shoes & Jewelry","Large standard","8.78 x 9.449 x 1.693 in","0.39 lb","https://www.amazon.com/dp/B0C898YLJM?th=1&psc=1"
"B0DQY5V652","CRZ YOGA Butterlift Double Lined Square Neck Sports Bras for Women - Wireless V-Shaped Racerback Workout Yoga Top Non Padded","CRZ YOGA","$28.00","3,361","117","$94,108","11/04/2024","$17.82",4.2,"124","$10.18","8,999",7,"FBA",1,"Clothing, Shoes & Jewelry","Large standard","8.19 x 10.35 x 1.65 in","0.181 lb","https://www.amazon.com/dp/B0DQY5V652?th=1&psc=1"
"B0D9KNWFS4","Lenovo - Yoga 7 2-in-1 14' 2K Touchscreen Laptop - AMD Ryzen 7 8840HS with 16GB Memory - 1 TB SSD - Artic Grey","lenovo","$891.00","23","","$20,493","07/16/2024","$818.73",4.6,"3","$9.01","35,318",5,"FBM",1,"Computers & Accessories","Large standard","12.51 x 8.75 x 0.72 in","5.3 lb","https://www.amazon.com/dp/B0D9KNWFS4?th=1&psc=1"
"B0DCG7W5NB","BKP Yoga Socks For Women,Non slip Grip Pilates Socks Suitable For Ballet,Plasticity,Dance,Home,Training","BKP","$9.99","4,504","144","$44,995","01/12/2024","$4.94",4.6,"514","$5.05","6,752",8,"FBA",1,"Clothing, Shoes & Jewelry","Small standard","7.913 x 11.339 x 0.669 in","0.463 lb","https://www.amazon.com/dp/B0DCG7W5NB?th=1&psc=1"
"B0DZ2JP887","65W USB C Laptop Charger AC Adapter Replacement for Lenovo Laptop ChargerLenovo Thinkpad/Yoga/Chromebook,T480 T480S C930 C940 100e 300e 500e ADLX65YLC3D 4X20M26268 ADLX65YDC2A","SLE-TECH","$13.99","460","21","$6,435","03/03/2025","$7.73",5,"1","$6.26","955",7,"FBA",1,"Computers & Accessories","Large standard","7.28 x 4.53 x 1.73 in","10.8 oz","https://www.amazon.com/dp/B0DZ2JP887?th=1&psc=1"
"B08BVZCR49","Gaiam Yoga Mat - Folding Travel Fitness & Exercise Mat - Foldable Yoga Mat for All Types of Yoga, Pilates & Floor Workouts (68'L x 24'W x 2mm Thick)","Gaiam","$22.69","1,723","60","$39,095","06/24/2020","$12.53",4.3,"5,413","$10.16","3,882",7,"AMZ",1,"Sports & Outdoors","Large standard","11.26 x 12.13 x 2.01 in","2 lb","https://www.amazon.com/dp/B08BVZCR49?th=1&psc=1"
"B0DJBDWQGW","Lenovo Yoga 7 2-in-1 16' WUXGA (1920x1200) Touch-Screen Laptop, AMD Ryzen 5 8640HS 6-core, 8GB RAM, 512GB SSD, AMD Radeon 760M Graphics, Backlit KB, Fingerprint, WiFi6, Win11, Arctic Grey, W/GaLiMu","Lenovo","$598.00","108","2","$64,584","09/30/2024","$549.17",3.8,"4","$48.83","8,718",8,"FBM",11,"Computers & Accessories","Large standard","12.75 x 20.5 x 3.25 in","4.39 lb","https://www.amazon.com/dp/B0DJBDWQGW?th=1&psc=1"
"B0DHKCM18G","HAPBEAR Large Yoga Mat - 72'x36'x6mm (1/4 inch), Extra Wide Non-Slip Exercise Mat for Home Workout, Yoga, Pilates & Stretching, Durable & Eco-Friendly, Includes Bonus Resistance Bands & Carry Bag","HAPBEAR","$49.99","619","16","$30,944","09/19/2024","$35.29",4.4,"125","$14.70","17,409",7,"FBA",2,"Sports & Outdoors","Large standard","4.3 x 35.3 x 4.3 in","1.19 kg","https://www.amazon.com/dp/B0DHKCM18G?th=1&psc=1"
"B07XYZ3Z2Q","Gaiam Yoga Mat Towel Microfiber Mat-Sized Yoga Towel for Hot Yoga","Gaiam","$19.17","924","38","$17,713","09/16/2019","$9.93",4.2,"713","$9.24","6,848",5,"AMZ",9,"Sports & Outdoors","Large standard","4.76 x 3.46 x 12.64 in","0.3 kg","https://www.amazon.com/dp/B07XYZ3Z2Q?th=1&psc=1"
"B0D83W5P3T","Yoga Socks for Women, 3/6 pairs Non-Slip Pilates Sock Perfect for US Sizes 6.5-10","RainFlowwer","$9.99","236","6","$2,358","08/20/2024","$3.72",4.7,"12","$6.27","161,910",6,"FBA",1,"Clothing, Shoes & Jewelry","Large standard","5.87 x 10.31 x 1.14 in","0.311 lb","https://www.amazon.com/dp/B0D83W5P3T?th=1&psc=1"
"B0C3C64H9D","Flydo Pilates Grippy Socks with Grips for Women Yoga Non Slip Long Socks for Pure Barre, Ballet,Dance Workout 2-5 Pack","Flydo","$14.98","6,214","163","$93,086","04/24/2023","$6.37",4.4,"570","$8.61","5,628",7,"FBA",1,"Clothing, Shoes & Jewelry","Large standard","9.41 x 10.43 x 0.83 in","0.291 lb","https://www.amazon.com/dp/B0C3C64H9D?th=1&psc=1"
"B0D8PWMVF1","Women's High Waist Flare Yoga Pants Tummy Control Casual Bootcut Leggings with Side Pockets","SEAJOJO","$14.99","5,794","195","$86,852","08/22/2024","$8.22",4.4,"703","$6.77","4,325",5,"FBA",1,"Clothing, Shoes & Jewelry","Small standard","10.59 x 11.3 x 0.63 in","0.679 lb","https://www.amazon.com/dp/B0D8PWMVF1?th=1&psc=1"
"B07M5NBLD6","IUGA High Waisted Yoga Pants for Women with Pockets Capri Leggings for Women Workout Leggings for Women Yoga Capris","IUGA","$13.99","8,711","269","$121,867","02/28/2024","$5.91",4.6,"23,880","$8.08","2,584",7,"FBA",1,"Clothing, Shoes & Jewelry","Large standard","6.22 x 10.94 x 2.13 in","0.529 lb","https://www.amazon.com/dp/B07M5NBLD6?th=1&psc=1"
"B0BB8ZSFZQ","Lenovo Yoga 7i 16 inch 2.5K Touchscreen (2560 x 1600) 2-in-1 Convertible Laptop Computer, Intel Evo Platform, Core i5-1240P, 8GB Memory, 1TB SSD, Backlit Keyboard, Storm Grey","Lenovo","$713.00","15","","$10,695","08/19/2022","$654.97",4.4,"14","$58.03","47,391",5,"FBM",1,"Computers & Accessories","Large standard","14 x 4 x 100 in","4.18 lb","https://www.amazon.com/dp/B0BB8ZSFZQ?th=1&psc=1"
"B0BJ1VSQKG","CRZ YOGA Womens Butterluxe Workout Leggings 28 Inches - High Waisted Gym Yoga Pants with Pockets Running Buttery Soft","CRZ YOGA","$32.00","2,188","65","$70,016","10/13/2022","$20.84",4.5,"1,340","$11.16","18,617",7,"FBA",1,"Clothing, Shoes & Jewelry","Large standard","8.937 x 9.843 x 2.244 in","0.463 lb","https://www.amazon.com/dp/B0BJ1VSQKG?th=1&psc=1"
"B0DSLZRBZY","Lenovo Yoga 7 7i 2-in-1 Touchscreen Laptop, 16' 2K IPS, Intel Ultra 7 155U (Beats i7-1355U) AI Boost NPU, 16GB RAM, 1TB SSD + 500GB Portable Drive, Backlit, FP, Stylus Pen, Win 11 Pro","Lenovo","$1,012.69","10","","$10,127","01/08/2025","$942.00",5,"2","$82.99","39,988",8,"FBM",1,"Computers & Accessories","Large bulky","20 x 5 x 20 in","8 lb","https://www.amazon.com/dp/B0DSLZRBZY?th=1&psc=1"
"B01N6YGO02","Manduka X Yoga Mat - Easy to Carry, For Women and Men, Non Slip, Cushion for Joint Support and Stability, 5mm Thick, 71 Inch (180cm)","Manduka","$68.00","1,113","43","$75,684","09/28/2017","$53.75",4.4,"2,029","$14.25","5,879",7,"AMZ",4,"Sports & Outdoors","Small standard","6.299 x 27.717 x 3.228 in","1.8 g","https://www.amazon.com/dp/B01N6YGO02?th=1&psc=1"
"B07HQPKDZB","THE GYM PEOPLE Thick High Waist Yoga Pants with Pockets, Tummy Control Workout Running Yoga Leggings for Women","THE GYM PEOPLE","$24.99","32,125","1,116","$802,804","06/12/2024","$15.70",4.3,"59,918","$9.29","102",7,"FBA",3,"Clothing, Shoes & Jewelry","Large standard","7.087 x 9.055 x 1.181 in","0.639 lb","https://www.amazon.com/dp/B07HQPKDZB?th=1&psc=1"
"B07C5HLGRM","ODODOS Women's High Waisted Yoga Leggings with Pockets, Tummy Control Non See Through Workout Athletic Running Yoga Pants","ODODOS","$24.98","9,220","310","$230,316","04/19/2024","$15.69",4.5,"19,850","$9.29","2,014",8,"FBA",1,"Clothing, Shoes & Jewelry","Large standard","6.97 x 9.96 x 1.46 in","0.659 lb","https://www.amazon.com/dp/B07C5HLGRM?th=1&psc=1"
"B089CJ5SWB","ODODOS Women's High Waisted Yoga Capris with Pockets, Tummy Control Non See Through Workout Athletic Running Capri Leggings","ODODOS","$19.98","20,305","766","$405,694","04/19/2024","$13.99",4.6,"24,238","$8.99","296",8,"FBA",1,"Clothing, Shoes & Jewelry","Large standard","7.01 x 9.57 x 1.26 in","0.529 lb","https://www.amazon.com/dp/B089CJ5SWB?th=1&psc=1"
"B07SKBT6SV","Beachbody 21 Day Fix & 21 Day Fix Extreme - Workout Accessories + Fitness DVDs Bundle, Body Weight Home Workout Planner & Video Guide, Meal Plan and Portion Control Containers Included","beachbody","$59.00","254","8","$14,986","05/30/2019","$42.16",4.5,"928","$16.84","35,582",7,"FBA",1,"Sports & Outdoors","Large standard","10.04 x 9.09 x 4.76 in","0.73 kg","https://www.amazon.com/dp/B07SKBT6SV?th=1&psc=1"
"B0BWJGG2KG","Kimmery Woman Short Sleeve Round Neck Criss Cross Back Yoga Shirt","Kimmery","$21.59","1,828","51","$39,467","01/18/2019","$16.16",4.2,"3,843","$7.83","24,439",6,"FBA",1,"Clothing, Shoes & Jewelry","Small standard","9.2 x 12.02 x 0.6 in","0.351 lb","https://www.amazon.com/dp/B0BWJGG2KG?th=1&psc=1"
"B0CJCGMQJF","Women's High Waist Bootcut Yoga Pants Tummy Control Workout Flare Leggings","SEAJOJO","$14.99","2,671","88","$40,038","09/19/2023","$6.38",4.3,"1,131","$8.61","12,852",5,"FBA",1,"Clothing, Shoes & Jewelry","Large standard","11.5 x 9 x 0.95 in","7.2 oz","https://www.amazon.com/dp/B0CJCGMQJF?th=1&psc=1"
"B01LTHNHLG","Element: Beginner Level Yoga for Toning, Stress Relief & Flexibility","Lionsgate","$6.09","","","","12/06/2016","$1.81",4.5,"490","$4.28","15,431",1,"AMZ",21,"Movies & TV","Small standard","0.7 x 7.5 x 5.4 in","2.08 oz","https://www.amazon.com/dp/B01LTHNHLG?th=1&psc=1"
"B088DZWSF6","TechStone Resistance Bands Set for Men and Women, Pack of 5 Different Levels Elastic Band for Home Gym Long Exercise Workout  Great Fitness Equipment for Training, Yoga  Free Carrying Bag","TechStone","$7.99","18,156","462","$145,066","05/09/2020","$3.52",4.5,"15,565","$5.47","152",7,"FBA",3,"Sports & Outdoors","Large standard","4.33 x 7.357 x 1.3 in","0.291 lb","https://www.amazon.com/dp/B088DZWSF6?th=1&psc=1"
"B0BS11BS9P","Inflatable Paddle Board for Adult, Paddle Board for All Skill Levels, Wide SUP Board with Primium Accessories Include SUP Carry Bag, Hand Pump, 10L Waterproof Bag and Adj Paddle","aisunss","$169.95","720","23","$122,364","01/12/2023","$119.80",4.5,"529","$50.15","11,862",9,"FBA",3,"Sports & Outdoors","Large bulky","35.25 x 13.45 x 11 in","12.16 kg","https://www.amazon.com/dp/B0BS11BS9P?th=1&psc=1"
"B0D7B8ZQZH","New Microfiber Hot Yoga Towel Mat, 24 x 72 inches, with Non-Slip Silicone Grip, Secure Fit Elastic Straps","MICROFI","$17.99","250","9","$4,498","06/16/2024","$8.93",4.6,"1","$9.06","31,521",6,"FBA",2,"Sports & Outdoors","Large standard","7.72 x 9.69 x 2.56 in","1.19 lb","https://www.amazon.com/dp/B0D7B8ZQZH?th=1&psc=1"
"B079VX3FBG","Gaiam Grippy Studio Yoga Socks for Extra Grip in Standard or Hot Yoga","Gaiam","$11.99","4,339","134","$52,025","04/08/2025","$6.14",4.2,"2,208","$5.85","7,421",5,"AMZ",1,"Clothing, Shoes & Jewelry","Small standard","3.78 x 7.874 x 0.748 in","0.088 lb","https://www.amazon.com/dp/B079VX3FBG?th=1&psc=1"
"B0B6NWJGG1","Yes4All Triple-Layer Sponge Yoga Bolster Pillow for Restorative Yoga & Meditation - Versatile Yoga Support Pillow, Balance & Poses Modification","Yes4All","$41.36","776","21","$32,095","01/04/2024","$27.55",4.6,"383","$13.81","12,813",7,"AMZ",2,"Sports & Outdoors","Large standard","10.5 x 27 x 6.5 in","3 lb","https://www.amazon.com/dp/B0B6NWJGG1?th=1&psc=1"
"B00HEHH62C","Hoerev Women Super Soft Yoga Pants Dance Trousers Lounge Pant","Hoerev","$18.55","599","20","$11,111","01/15/2020","$10.63",4.2,"13,919","$9.36","62,449",6,"FBA",1,"Clothing, Shoes & Jewelry","Large standard","9.41 x 10.51 x 1.46 in","0.619 lb","https://www.amazon.com/dp/B00HEHH62C?th=1&psc=1"
"B09WF2LLWP","Gaiam Yoga Mat - Premium 6mm Print Extra Thick Non Slip Exercise & Fitness Mat for All Types of Yoga, Pilates & Floor Workouts (68'L x 24'W x 6mm Thick)","Gaiam","$25.49","6,509","243","$165,914","03/23/2022","$14.06",4.7,"21,342","$11.43","506",8,"AMZ",3,"Sports & Outdoors","Large standard","5 x 24.25 x 4.5 in","1.3 kg","https://www.amazon.com/dp/B09WF2LLWP?th=1&psc=1"
"B0DNVWFK7R","Lenovo Yoga 7i 2-in-1 16' 2K WUXGA Touchscreen Laptop, Intel Core Ultra 5 125U 12-Core Processor, 16GB RAM 1TB SSD, Fingerprint Reader, Backlit Keyboard, Wi-Fi 6E, Windows 11 Home, Storm Grey","Lenovo","$819.95","15","1","$12,299","11/22/2024","$753.36",NA,"","$66.59","24,884",7,"FBM",2,"Computers & Accessories","Large standard","13.11 x 20.59 x 2.99 in","4.63 lb","https://www.amazon.com/dp/B0DNVWFK7R?th=1&psc=1"
"B0CGLSCRVK","APEXUP Yoga & Pilates Ball - Anti Slip Heavy Duty Gym Ball for Fitness, Balance & Core Workout","APEXUP","$25.99","20,452","881","$531,547","08/24/2023","$15.33",4.5,"2,361","$10.66","35",5,"FBA",1,"Sports & Outdoors","Large standard","8.07 x 5.28 x 10.28 in","2 lb","https://www.amazon.com/dp/B0CGLSCRVK?th=1&psc=1"
"B0F2RYY8CM","Womens Workout Tops Sleeveless Racerback Lightweight Active Tennis Yoga Shirts Athletic Running Tank Top for Women","XIEERDUO","$9.99","2,470","52","$24,675","04/23/2025","$5.03",4.4,"","$4.96","23,799",8,"FBA",1,"Clothing, Shoes & Jewelry","Small standard","10.354 x 13.189 x 0.354 in","0.276 lb","https://www.amazon.com/dp/B0F2RYY8CM?th=1&psc=1"
"B0F22CRWXL","WIHOLL Women's Workout Tank Tops Sleeveless Athletic Racerback for Gym Yoga Running - Summer Fitness Tops Scoop Neck (S-XXL)","WIHOLL","$9.95","1,708","47","$16,995","04/25/2025","$5.00",4.6,"","$4.95","26,759",8,"FBA",1,"Clothing, Shoes & Jewelry","Small standard","11.5 x 10.2 x 0.65 in","4.8 oz","https://www.amazon.com/dp/B0F22CRWXL?th=1&psc=1"
"B0DZHJNV4B","4 Pack Girls Capri Leggings Yoga Pants for Girls 3/4 Summer Pants","Chicduo","$25.49","120","4","$3,059","03/06/2025","$16.53",5,"3","$8.96","214,953",6,"FBA",1,"Clothing, Shoes & Jewelry","Large standard","5.9 x 1.18 x 5.9 in","0.63 lb","https://www.amazon.com/dp/B0DZHJNV4B?th=1&psc=1"
"B0F3JHJ71J","High-Waisted Yoga Pants with Pockets  Buttery Soft, Tummy Control Leggings for Women","","$32.00","","","","05/04/2025","",NA,"","","",7,"",1,"","","","","https://www.amazon.com/dp/B0F3JHJ71J?th=1&psc=1"
"B0F7QLTPCK","21 Fitness Resistance Bands-4 Tube Pedal Ankle Puller, 2025 New Pedal Resistance Band with Handle, Stretching Workout Fitness Bands for Arm Weights Exercise Equipment","JUDUNA","$12.99","","1","","05/06/2025","$10.05",5,"","$2.94","228,007",5,"FBM",1,"Sports & Outdoors","Small standard","","","https://www.amazon.com/dp/B0F7QLTPCK?th=1&psc=1"
"B08Q7GZPLV","Manduka Yoga Mat Wash and Refresh  100% Natural Essential Oil Yoga Mat Cleaning Spray, Fitness Equipment and Gym Accessories Cleaner, Non-irritating, Pet Friendly | Lemongrass Scent, 8 oz","Manduka","$16.00","2,180","61","$34,880","12/09/2020","$8.46",4.6,"374","$7.54","3,853",7,"AMZ",2,"Sports & Outdoors","Large standard","8 x 4 x 3 in","8 oz","https://www.amazon.com/dp/B08Q7GZPLV?th=1&psc=1"
"B0D9LTGDWL","CRZ YOGA Butterlift Shorts for Women High Waisted for Yoga Casual Lounge Workout with Pockets Linerless","CRZ YOGA","$28.00","1,412","62","$39,536","01/05/2025","$17.82",4.7,"24","$10.18","19,725",7,"FBA",1,"Clothing, Shoes & Jewelry","Large standard","8.268 x 9.646 x 1.654 in","0.377 lb","https://www.amazon.com/dp/B0D9LTGDWL?th=1&psc=1"
"B09Z6LZTXF","GEMBERA Womens Sleeveless Racerback High Neck Casual Basic Cotton Ribbed Fitted Tank Top","GEMBERA","$19.99","26,910","959","$537,931","03/29/2022","$11.01",4.5,"5,844","$8.98","161",5,"FBA",1,"Clothing, Shoes & Jewelry","Large standard","10.24 x 6.93 x 1.93 in","5.29 oz","https://www.amazon.com/dp/B09Z6LZTXF?th=1&psc=1"
"B0BYT1PZ1C","SANTINY Women's Knee Length Capri Leggings with Pockets High Waisted Workout Exercise Yoga Capris Pants for Women","SANTINY","$25.99","2,008","75","$52,188","03/17/2023","$17.86",4.4,"712","$8.13","15,612",8,"FBA",1,"Clothing, Shoes & Jewelry","Small standard","11.81 x 7.87 x 0.47 in","6 oz","https://www.amazon.com/dp/B0BYT1PZ1C?th=1&psc=1"
"B0CJXT8Q8S","FitBeast Back Roller - Deep Tissue Massage Wheel, Yoga Wheel & Back Stretcher for Pain Relief","FitBeast","$39.99","605","4","$24,194","09/26/2023","$24.80",4.5,"399","$15.19","123,410",6,"AMZ",3,"Health & Household","Large standard","11.6 x 7 x 11.6 in","5 lb","https://www.amazon.com/dp/B0CJXT8Q8S?th=1&psc=1"
"B0CCR4YNMH","Aerial Lyra Hoop Kit (85CM/90CM), Professional Yoga Starter Set with Rigging Hardware Kit for Home, Exercise, Performance, 32mm Thickness","KROFEM","$139.99","57","2","$7,979","07/24/2023","$118.00",4.7,"20","$21.99","113,856",7,"FBM",1,"Sports & Outdoors","Extra-large","36 x 2 x 109 in","13 lb","https://www.amazon.com/dp/B0CCR4YNMH?th=1&psc=1"
"B0CX8SCYDF","VEVOR Yoga Swing Stand & Hammock, 9.67 ft Tall, Professional Aerial Yoga Setup with 6.6 Yards Swing, Supports Up to 551.15 lbs, Ideal for Both Indoor and Outdoor Use, Green","VEVOR","$250.99","15","","$3,765","03/10/2024","$160.98",4.3,"8","$90.01","319,614",7,"AMZ",3,"Sports & Outdoors","Extra-large","13.386 x 42.52 x 12.598 in","65.3 lb","https://www.amazon.com/dp/B0CX8SCYDF?th=1&psc=1"
"B08373YJTB","Manduka PROlite Yoga Mat - Teacher Recommended, Non-Slip Textured 4.7mm Ultra-Dense, Hot Yoga Workout, Studio at Home Pilates","Manduka","$106.71","1,104","39","$117,808","01/07/2020","$82.47",4.5,"4,389","$24.24","6,690",7,"FBA",6,"Sports & Outdoors","Large standard","4.528 x 24.094 x 4.37 in","1.8 kg","https://www.amazon.com/dp/B08373YJTB?th=1&psc=1"
"B0DSVZ6R2L","CRZ YOGA Womens Racerback Tankini Tops Scoop Neck Spaghetti Straps Bathing Suit Bikini Only Padded Crop Swim Tank","CRZ YOGA","$28.00","1,023","31","$28,644","04/30/2025","$17.04",NA,"","$10.96","40,925",7,"FBA",1,"Clothing, Shoes & Jewelry","Large standard","8.58 x 15.51 x 1.97 in","0.26 lb","https://www.amazon.com/dp/B0DSVZ6R2L?th=1&psc=1"
"B0DDNM1Y6M","Lenovo Yoga Book 9i 2-in-1 13.3' 2.8K Dual Screen OLED Touch Laptop - Intel Core i7-1355U with 16GB Memory - 1TB SSD - Tidal Teal - US Version (New 2024 Model (1TB/Ultra 7))","Lenovo Yoga","$1,786.03","36","1","$64,297","09/03/2024","$1,641",5,"1","$143.79","19,997",3,"FBM",8,"Computers & Accessories","Large standard","","8 lb","https://www.amazon.com/dp/B0DDNM1Y6M?th=1&psc=1"
"B087J7RRQY","CRZ YOGA Women's Naked Feeling Biker Shorts - 4 Inches High Waist Yoga Workout Running Gym Spandex","CRZ YOGA","$18.00","5,476","211","$98,568","10/09/2024","$11.16",4.5,"3,196","$6.84","3,835",5,"FBA",1,"Clothing, Shoes & Jewelry","Small standard","7.717 x 9.488 x 0.709 in","0.22 lb","https://www.amazon.com/dp/B087J7RRQY?th=1&psc=1"
"B0CCJFMRN1","Toes Home Pilates Socks for Women with Non Slip Grippers, Yoga Crew Socks for Barre Hospital Sticky Slipper Socks 4 Pairs","Toes Home","$14.24","10,377","292","$147,768","07/21/2023","$7.60",4.7,"932","$7.39","2,237",7,"FBA",1,"Clothing, Shoes & Jewelry","Large standard","3.74 x 9.88 x 2.09 in","0.489 lb","https://www.amazon.com/dp/B0CCJFMRN1?th=1&psc=1"
"B07D4B1MX4","Set of 2 High Density Yoga Blocks, 9'x6'x4' Each, Pair, Multiple Colors","Fitvids","$11.99","3,326","156","$39,879","05/15/2018","$5.87",4.7,"4,258","$6.12","1,032",6,"AMZ",1,"Sports & Outdoors","Small standard","7.835 x 9.134 x 5.866 in","0.38 lb","https://www.amazon.com/dp/B07D4B1MX4?th=1&psc=1"
"B0BNL1HJ3H","Women's Flare Yoga Pants with Pockets-V Crossover High Waisted Bootcut Yoga Leggings-Flare Workout Gym Leggings","COPYLEAF","$19.99","9,092","217","$181,749","02/28/2023","$10.63",4.4,"4,649","$9.36","3,657",7,"FBA",1,"Clothing, Shoes & Jewelry","Large standard","13 x 8 x 1.5 in","7.2 oz","https://www.amazon.com/dp/B0BNL1HJ3H?th=1&psc=1"
"B079W4FX8B","Gaiam Cork Yoga Exercise Mat | Natural Sustainable Cork Resists Sweat and Odors | Non-Slip TPE Backing Prevents Slipping| Great for Hot Yoga, Pilates, Fitness Working Out (68' x 24'x 5mm Thick)","Gaiam","$31.66","1,015","33","$32,135","02/15/2018","$20.15",4.4,"1,487","$11.51","7,870",7,"AMZ",3,"Sports & Outdoors","Large standard","5.91 x 5.91 x 25.59 in","2 lb","https://www.amazon.com/dp/B079W4FX8B?th=1&psc=1"
"B0CX8CFGQY","Lenovo ThinkPad Yoga 500w 2-in-1 Laptop (11.6' Touchscreen, Intel Pentium N6000, 8GB RAM, 512GB SSD) Ruggedized & Water Resistant for Student & School, Webcam, Wi-Fi, IST Pen, Win 11 Home, Blue","Lenovo","$359.98","229","5","$82,435","04/23/2023","$330.19",4.2,"292","$29.79","4,005",8,"FBM",3,"Computers & Accessories","Large standard","9.88 x 17.56 x 2.72 in","2.9 lb","https://www.amazon.com/dp/B0CX8CFGQY?th=1&psc=1"
"B0D5PSLYKG","CRZ YOGA Butterlift Womens Scoop Neck Longline Sports Bra - U Back Adjustable Straps Workout Crop Tank Top with Built in Pads","CRZ YOGA","$28.00","5,316","169","$148,848","09/11/2024","$17.29",4.5,"191","$10.71","5,382",7,"FBA",1,"Clothing, Shoes & Jewelry","Large standard","7.48 x 14.764 x 1.693 in","0.309 lb","https://www.amazon.com/dp/B0D5PSLYKG?th=1&psc=1"
"B0BV9WN93J","Colorfulkoala Women's Dreamlux High Waisted Workout Leggings 25' / 28' Inseam Yoga Pants","Colorfulkoala","$29.00","7,609","219","$220,661","08/05/2022","$16.66",4.5,"1,649","$12.34","3,607",6,"FBA",1,"Clothing, Shoes & Jewelry","Large standard","15.16 x 10.35 x 2.72 in","9.91 oz","https://www.amazon.com/dp/B0BV9WN93J?th=1&psc=1"
"B0B81G26GH","CRZ YOGA Butterluxe Racerback Workout Tank Tops for Women Tight Sleeveless Camisole Gym Athletic Yoga Shirts","CRZ YOGA","$26.00","12,031","469","$312,806","07/26/2023","$16.56",4.6,"851","$9.44","916",8,"FBA",1,"Clothing, Shoes & Jewelry","Large standard","7.76 x 8.35 x 1.38 in","0.201 lb","https://www.amazon.com/dp/B0B81G26GH?th=1&psc=1"
"B0CK29R6BS","CRZ YOGA All Day Comfy Golf Joggers Pants for Men 30'' Quick Dry Lightweight Stretch Work Casual Sweatpants with Pockets","CRZ YOGA","$45.00","1,377","48","$61,965","07/16/2024","$31.21",4.7,"261","$13.79","26,311",7,"FBA",2,"Clothing, Shoes & Jewelry","Large standard","10.709 x 13.5 x 2.205 in","0.97 lb","https://www.amazon.com/dp/B0CK29R6BS?th=1&psc=1"
"B0DJ712L6B","CRZ YOGA Women Butterbreeze Workout Leggings with Pockets 25'' - High Waist Tummy Control Athletic Gym Yoga Running Pants","CRZ YOGA","$40.00","436","14","$17,440","02/20/2025","$28.02",NA,"","$11.98","87,239",7,"FBA",1,"Clothing, Shoes & Jewelry","Large standard","8.425 x 9.094 x 1.417 in","0.441 lb","https://www.amazon.com/dp/B0DJ712L6B?th=1&psc=1"
"B0B2C61WMQ","G4Free Wide Leg Pants for Women Loose Yoga Pants with Pockets Petite/Regular/Tall Stretch Casual Lounge Pants","G4Free","$35.99","10,535","307","$379,155","09/19/2023","$23.55",4.4,"4,256","$12.44","2,047",8,"FBA",1,"Clothing, Shoes & Jewelry","Large standard","10.906 x 14.409 x 1.811 in","0.816 lb","https://www.amazon.com/dp/B0B2C61WMQ?th=1&psc=1"
"B001HAO8NM","Yoga for Beginners: Boxed Set (Yoga for Stress Relief / AM-PM Yoga for Beginners / Essential Yoga for Inflexible People)","NATHAN","$14.98","","","","12/09/2008","$8.59",4.2,"1,670","$6.39","20,960",5,"FBA",60,"Movies & TV","Small standard","7.56 x 5.35 x 0.55 in","4 oz","https://www.amazon.com/dp/B001HAO8NM?th=1&psc=1"
"B0CGM1QRQN","CRZ YOGA Women's Butterluxe Low Rise Workout Leggings 25 Inches - Comfy Buttery Soft Athletic Gym Lounge Yoga Pants","CRZ YOGA","$32.00","801","29","$25,632","08/25/2023","$21.22",4.6,"284","$10.78","43,152",7,"FBA",1,"Clothing, Shoes & Jewelry","Large standard","8.74 x 8.9 x 1.18 in","0.311 lb","https://www.amazon.com/dp/B0CGM1QRQN?th=1&psc=1"
"B07DH9GPKJ","IUGA Biker Shorts Women 6' Tummy Control Workout Shorts Women with Pockets High Waisted Yoga Running Gym Spandex Compression","IUGA","$14.99","10,639","348","$159,479","07/20/2024","$7.60",4.7,"18,115","$7.39","1,632",7,"FBA",1,"Clothing, Shoes & Jewelry","Large standard","5.709 x 9.094 x 1.378 in","0.353 lb","https://www.amazon.com/dp/B07DH9GPKJ?th=1&psc=1"
"B0D57CX5QR","Yoga Wheel for Stretching & Flexibility to Help Back Aches & Tension, Deep Tissue Muscle Massage. Back Roller Wheel with Extra Cushion, Wider & Thickest Foam, Stretches and Strengthens Core Muscles","FARINOK","$29.99","159","5","$4,768","05/24/2024","$16.22",4.8,"19","$13.77","49,919",7,"FBA",2,"Sports & Outdoors","Large standard","13.5 x 13.5 x 5.47 in","3.459 lb","https://www.amazon.com/dp/B0D57CX5QR?th=1&psc=1"
"B0C7SFV8RH","CAP Barbell 1/2-Inch High Density Exercise Yoga Mat with Strap | Multiple Options","CAP Barbell","$14.99","8,838","277","$132,482","06/11/2023","$5.88",4.6,"1,834","$9.11","402",6,"AMZ",7,"Sports & Outdoors","Large standard","7.8 x 7.72 x 25 in","0.98 kg","https://www.amazon.com/dp/B0C7SFV8RH?th=1&psc=1"
"B0CBJVCJ32","CRZ YOGA Womens Butterluxe Halter Longline Sports Bra - Padded Workout Yoga Crop Tops Tanks with Built in Pads","CRZ YOGA","$28.00","7,145","252","$200,060","07/10/2023","$17.44",4.5,"380","$10.56","2,875",7,"FBA",1,"Clothing, Shoes & Jewelry","Large standard","9.134 x 9.331 x 2.362 in","0.551 lb","https://www.amazon.com/dp/B0CBJVCJ32?th=1&psc=1"
"B011IU43WG","Shandali Hot Yoga Towel - Mat-Sized, Microfiber, Super Absorbent, Anti-Slip, Injury Free, 24' x 72' - Best Bikram Yoga Towel - Exercise, Fitness, Pilates Gear","Shandali","$19.95","5,648","168","$112,678","07/12/2015","$12.32",4.6,"2,362","$7.63","927",7,"FBA",1,"Sports & Outdoors","Small standard","4 x 9.8 x 3.6 in","0.99 lb","https://www.amazon.com/dp/B011IU43WG?th=1&psc=1"
"B09HGVJ8GW","Resistance Bands for Working Out, Exercise Bands for Women & Men, Latex Elastic Bands for Yoga, Pilates, Rehab, Fitness and Home Workout, Strength Bands for Booty","COOBONS FITNESS","$8.99","5,483","140","$49,292","09/28/2021","$4.27",4.5,"7,287","$4.72","1,221",8,"FBA",1,"Sports & Outdoors","Small standard","5.83 x 7.01 x 1.18 in","3.2 oz","https://www.amazon.com/dp/B09HGVJ8GW?th=1&psc=1"
"B0D82HYYQY","Lenovo Yoga 7 2-in-1 Laptop, 14' WUXGA Touchscreen Display, 6-Cores Ryzen 5 8640HS(Up to 4.9 GHz), 8GB RAM, 512GB NVMe SSD, FP Reader, Backlit KB, WiFi 6E, USB-C, HDMI, Webcam, SPS HDMI, Win 11 Pro","Lenovo","$593.99","30","1","$17,820","06/24/2024","$550.09",NA,"","$48.91","22,468",4,"FBM",5,"Computers & Accessories","Large bulky","20 x 5 x 20 in","8 lb","https://www.amazon.com/dp/B0D82HYYQY?th=1&psc=1"
"B0F1CR17Y5","Home Gym Storage Rack, 3 Tier Yoga Mat Storage Rack with Wheel for Yoga Lover, Exercise Equipment and Workout Equipment Organizer, Yoga Mat Holder for Yoga Mats, Foam Roller and Dumbbells","GIOTORENT","$45.99","","5","","","",5,"","","50,810",6,"FBA",1,"Sports & Outdoors","","","","https://www.amazon.com/dp/B0F1CR17Y5?th=1&psc=1"
"B0BLRBS6NP","CRZ YOGA Men's Linerless Workout Shorts - 5'' Lightweight Quick Dry for Running Sports Athletic Gym with Pockets","CRZ YOGA","$28.00","8,198","293","$229,544","11/08/2022","$18.26",4.7,"967","$9.74","2,229",7,"FBA",1,"Clothing, Shoes & Jewelry","Large standard","7.165 x 9.213 x 1.496 in","0.353 lb","https://www.amazon.com/dp/B0BLRBS6NP?th=1&psc=1"
"B07486TF4P","Canvas Yoga Mat Bag with Adjustable Strap & Pockets, Full-Zip Travel Gym Tote for Women & Men, Fits 1/4' & 1/3' Thick Mats, Lightweight Carrier for Yoga, Workout, Outdoor Use","elenture","$16.98","1,268","46","$21,531","03/26/2017","$10.38",4.6,"5,391","$6.60","5,460",8,"FBA",1,"Sports & Outdoors","Small standard","10.08 x 1.14 x 11.73 in","0.01 lb","https://www.amazon.com/dp/B07486TF4P?th=1&psc=1"
"B0DHKCQPN7","Lenovo Yoga 7 2-in-1 AI PC Laptop 14' FHD+ IPS Touch AMD Zen4 8-core Ryzen 7 8840HS (>i7-12700H) 16GB RAM 1TB SSD Backlit Fingerprint Long-Lasting Battery Rapid Charging Win11 Gray + HDMI Cable","Lenovo","$749.99","20","","$15,000","09/19/2024","$689.00",4.6,"3","$60.99","42,544",8,"FBM",4,"Computers & Accessories","Large standard","11 x 3 x 16 in","3.6 lb","https://www.amazon.com/dp/B0DHKCQPN7?th=1&psc=1"
"B07P7MC95G","THE GYM PEOPLE Womens' Yoga Pants High Waist with Pocket Tummy Control","THE GYM PEOPLE","$24.99","21,705","785","$542,408","08/19/2020","$14.88",4.4,"20,211","$10.11","278",5,"FBA",1,"Clothing, Shoes & Jewelry","Large standard","11.02 x 8.66 x 0.79 in","8.11 oz","https://www.amazon.com/dp/B07P7MC95G?th=1&psc=1"
"B0D46TLCTM","CRZ YOGA Womens Shorts Casual High Waisted Linerless for Lounge Athletic Golf with Pockets Weightless","CRZ YOGA","$26.00","2,135","90","$55,510","06/10/2024","$16.12",4.6,"43","$9.88","12,568",7,"FBA",1,"Clothing, Shoes & Jewelry","Large standard","8.03 x 9.84 x 1.97 in","0.291 lb","https://www.amazon.com/dp/B0D46TLCTM?th=1&psc=1"
"B0DR17DJQF","Yoga Ball, Exercise Ball for Pilates Stability, Anti-Burst and Slip Resistant for Physical Therapy, Birthing, Stretching & Core Workout, Flexible Seating, Home Gym, with Pump","AGREJO","$13.99","396","22","$5,540","12/19/2024","$4.69",4.2,"18","$9.30","12,520",7,"FBA",1,"Sports & Outdoors","Large standard","6.89 x 9.65 x 4.96 in","2.619 lb","https://www.amazon.com/dp/B0DR17DJQF?th=1&psc=1"
"B0CN8L3L43","Moyaqi Canvas Tote Bag with Yoga Mat Carrier Pocket Carryall Shoulder Bag for Office, Workout, Pilates, Travel, Beach and Gym","MYQ MOYAQI","$23.99","798","21","$19,144","11/25/2021","$-1.61",4.5,"11","$25.60","12,946",8,"FBA",1,"Sports & Outdoors","Large bulky","19.5 x 15 x 14.4 in","0.73 lb","https://www.amazon.com/dp/B0CN8L3L43?th=1&psc=1"
"B09SG3YYRB","Beyond Yoga Women's Featherweight at The Ready Dress","Beyond Yoga","$138.00","60","2","$8,280","02/14/2022","$111.32",NA,"","$26.68","417,049",3,"FBA",1,"Clothing, Shoes & Jewelry","Large standard","8.7 x 7.87 x 2.32 in","8 oz","https://www.amazon.com/dp/B09SG3YYRB?th=1&psc=1"
"B0DPQHKMTB","Open Back Workout Tops for Women Loose Fit Athletic Crop Tee Short Sleeve Gym Running Yoga Shirt","UNIANKIYA","$17.98","4,548","212","$81,773","12/06/2024","$10.96",4.4,"51","$7.02","3,791",5,"FBA",1,"Clothing, Shoes & Jewelry","Small standard","9.92 x 13.54 x 0.51 in","0.441 lb","https://www.amazon.com/dp/B0DPQHKMTB?th=1&psc=1"
"B0C6XXJ5T9","1/3 Yoga Mat Thick, Yoga Set for Beginners Include High Density Mat with Multi-loops Strap, Blocks, Booty Resistance Band Set, Door Anchor, Carring Bag & Strap","FARINOK","$59.99","170","6","$10,198","06/01/2023","$36.59",4.8,"71","$23.40","47,109",7,"FBA",2,"Sports & Outdoors","Large bulky","9 x 6.25 x 24.8 in","2.43 kg","https://www.amazon.com/dp/B0C6XXJ5T9?th=1&psc=1"
"B0D2ZPN5QC","CRZ YOGA Lightweight Ankle Pants for Women 7/8 Casual Lounge Travel Work Trousers with Pockets","CRZ YOGA","$32.00","490","18","$15,680","04/06/2025","$21.22",4,"2","$10.78","69,321",5,"FBA",1,"Clothing, Shoes & Jewelry","Large standard","7.48 x 9.53 x 1.42 in","0.421 lb","https://www.amazon.com/dp/B0D2ZPN5QC?th=1&psc=1"
"B08T6XQYSS","Manduka Yogitoes Yoga Towel  Rubber Grip Dots Non-Slip Bottom, Quick Dry Fitness Towel for Hot Yoga, Pilates, Exercise","Manduka","$68.00","1,316","47","$89,488","01/14/2021","$53.16",4.6,"635","$14.84","5,296",7,"AMZ",1,"Sports & Outdoors","Small standard","3.78 x 14.449 x 2.913 in","0.44 kg","https://www.amazon.com/dp/B08T6XQYSS?th=1&psc=1"
"B0BRMQTTLB","Simian Premium Meditation Bolster - Rectangular Support Cushion with Velvet Cover, Washable, for Restorative & Yin Yoga","SIMIAN","$36.99","247","9","$9,137","01/03/2023","$23.83",4.1,"284","$13.16","31,346",8,"FBA",1,"Sports & Outdoors","Large standard","12.83 x 14.76 x 6.06 in","1.3 kg","https://www.amazon.com/dp/B0BRMQTTLB?th=1&psc=1"
"B086BNZTSF","Gaiam Yoga Mat - Premium 6mm Print Extra Thick Non Slip Exercise & Fitness Mat for All Types of Yoga, Pilates & Floor Workouts (68'L x 24'W x 6mm Thick)","Gaiam","$25.49","6,531","243","$166,475","03/23/2020","$13.60",4.7,"21,355","$11.89","506",8,"AMZ",2,"Sports & Outdoors","Large standard","5 x 4.8 x 24.4 in","3.5 lb","https://www.amazon.com/dp/B086BNZTSF?th=1&psc=1"
"B09NB9WTW8","Tibetan Singing Bowl Set - Easy To Play Authentic Handcrafted For Meditation Sound Bowl Chakra Yoga Healing 4 Inches By Himalayan Bazaar (Gold & Green)","HIMALAYAN BAZAAR","$33.22","2,132","","$70,825","04/05/2018","$23.10",4.6,"7,540","$10.12","245",7,"FBA",1,"Musical Instruments","Large standard","1.57 x 1.57 x 0.79 in","300 g","https://www.amazon.com/dp/B09NB9WTW8?th=1&psc=1"
"B087SM574R","Easy Yoga For Everything With Peggy Cappy","PBS","$30.92","","","","09/01/2020","$21.86",4.6,"266","$9.06","21,947",3,"AMZ",22,"Movies & TV","Small standard","0.7 x 7.5 x 5.4 in","8.48 oz","https://www.amazon.com/dp/B087SM574R?th=1&psc=1"
"B0DFD2BRKH","Lenovo Yoga Slim 7X Copilot PC Laptop 14.5' Touchscreen OLED 3K 1000 nits Display (Snapdragon X Elite X1E-78-100, 16GB LPDDR5X, 512GB SSD, Backlit KB, WiFi 7, Win 11 Pro) w/DKZ USB Port Expander","Lenovo","$1,059.00","16","1","$16,944","08/28/2024","$973.29",4.2,"11","$85.71","25,239",8,"FBM",2,"Computers & Accessories","Large standard","2.75 x 11.75 x 20.25 in","2.9 lb","https://www.amazon.com/dp/B0DFD2BRKH?th=1&psc=1"
"B0DJKLQHCG","Touch Screen Replacement for Lenovo 300E Yoga Chromebook Gen 4 82W2 82W3 LCD Display Digitizer Bezel Assembly 5D11C95909 5D11C95908 5D11C95910 5D11C95911 5D11C95912 5D11C95913","ARUISIFX","$88.35","15","","$1,325","10/06/2024","$74.24",NA,"","$14.11","35,583",5,"FBA",2,"Computers & Accessories","Large standard","14.25 x 12.01 x 1.73 in","1.85 lb","https://www.amazon.com/dp/B0DJKLQHCG?th=1&psc=1"
"B0BQWKKP5J","Wooden Yoga Dice Set for Kids, Fun Workout Game with 6 Exercise Dice, 12 Yoga Cards & A Box, Mindfulness Mother's Day Christmas Yoga Set for Girls & Beginners","Homotte","$18.04","164","4","$2,959","12/21/2022","$9.79",4.5,"78","$8.25","65,554",7,"FBA",1,"Toys & Games","Large standard","5.5 x 3.94 x 2.36 in","12.7 oz","https://www.amazon.com/dp/B0BQWKKP5J?th=1&psc=1"
"B0DL9DXD15","CRZ YOGA Butterluxe Skirts for Women High Waisted A Line Tennis Golf Athletic Casual Skorts with Pockets","CRZ YOGA","$28.00","7,816","414","$218,848","01/20/2025","$17.82",4.7,"85","$10.18","1,175",7,"FBA",1,"Clothing, Shoes & Jewelry","Large standard","8.11 x 9.61 x 1.97 in","0.461 lb","https://www.amazon.com/dp/B0DL9DXD15?th=1&psc=1"
"B0DNMQ32L5","Yoga Mat Cleaner Spray (Peaceful Lavender), No Slippery Residue, Add Organic Essential Oils, Safe Deep Clean for All Type of Materials Exercise Mats, With Microfiber Towel (4oz/118ml)","Lisveory","$8.99","104","3","$934.96","11/20/2024","$3.52",5,"17","$5.47","82,148",7,"FBA",2,"Sports & Outdoors","Large standard","2 x 2 x 5 in","5 oz","https://www.amazon.com/dp/B0DNMQ32L5?th=1&psc=1"
"B08F6KC4KY","Clever Yoga Non-Slip Hot Yoga Towel Mat - Sweat Absorbent Microfiber Suede & Double Sided Grip Hot Yoga Mat Towel with Honeycomb Design, Easy Portable for Pilates, Exercise, Workout - Dark Blue","Clever Yoga","$64.99","434","12","$28,206","08/31/2020","$48.88",4.6,"434","$16.11","23,364",8,"FBA",1,"Sports & Outdoors","Large standard","4.8 x 9.33 x 3.82 in","1.5 lb","https://www.amazon.com/dp/B08F6KC4KY?th=1&psc=1"
"B0BGQHYTT6","TPE Yoga Mat - Artist Designed, Premium eco friendly mats, Non Slip, Non toxic, Great For Regular & Hot Yoga, Pilates and Workouts (72 inch x 24 inch x 6mm thick)","Shakti Warrior","$49.00","90","4","$4,410","09/27/2022","$34.79",4.2,"42","$14.21","66,558",8,"FBA",1,"Sports & Outdoors","Large standard","5.2 x 24.11 x 4.81 in","2.1 lb","https://www.amazon.com/dp/B0BGQHYTT6?th=1&psc=1"
"B09B3P64GQ","CRZ YOGA Women's Brushed Naked Feeling Biker Shorts 6'' - High Waist Matte Workout Gym Running Spandex","CRZ YOGA","$15.00","1,092","46","$16,380","09/29/2024","$7.61",4.6,"933","$7.39","27,575",7,"FBA",2,"Clothing, Shoes & Jewelry","Large standard","5.12 x 9.17 x 1.65 in","0.181 lb","https://www.amazon.com/dp/B09B3P64GQ?th=1&psc=1"
"B092947CS4","Heathyoga Women's Yoga Pants with Pockets for Women Bootcut Wide Leg Pants for Women High Waisted Workout Pants","Heathyoga","$31.99","3,082","100","$98,593","04/10/2023","$20.83",4.6,"22,950","$11.16","10,989",7,"FBA",1,"Clothing, Shoes & Jewelry","Large standard","9.33 x 10.83 x 2.05 in","0.769 lb","https://www.amazon.com/dp/B092947CS4?th=1&psc=1"
"B09WXWLFQR","Lenovo ThinkPad X1 Titanium Yoga 2-in-1 Laptop (13.5' QHD Touchscreen, Intel Core i7, 16GB RAM, 1TB SSD, Precision Pen), AI PC for Designer & Photographer, Lightweight, 3-Year WRT, Win 11 Pro","Lenovo","$1,149.99","17","1","$19,550","03/29/2022","$1,057",3.9,"53","$92.99","19,149",7,"FBM",2,"Computers & Accessories","Large standard","11.378 x 17.165 x 3.661 in","2.54 lb","https://www.amazon.com/dp/B09WXWLFQR?th=1&psc=1"
"146547935X","Science of Yoga: Understand the Anatomy and Physiology to Perfect Your Practice (DK Science of)","DK","$16.45","","","","04/14/2018","$6.94",4.8,"4,769","$9.51","10,129",4,"AMZ",57,"Books","Large standard","7.75 x 0.72 x 9.5 in","2.31 lb","https://www.amazon.com/dp/146547935X?th=1&psc=1"
"B09X76XTGQ","Liforme Zodiac New Year Collection - Free Yoga Bag Included - Patented Alignment System, Warrior-like Grip, Non-Slip, Eco-friendly, Sweat-resistant, Long, Wide and Thick for Comfort","LIFORME","$194.95","30","1","$5,849","04/06/2022","$156.92",4.5,"118","$38.03","220,245",8,"FBA",1,"Sports & Outdoors","Large standard","6 x 28.5 x 5.5 in","2.5 kg","https://www.amazon.com/dp/B09X76XTGQ?th=1&psc=1"
"B09CCWZK3T","Knsbk Large Round Yoga Mat 4.6'X3.5mm for Exercise Premium Extra Thick, Ultra Comfortable, Non Slip, Meditation Mat","Knsbk","$78.99","30","1","$2,370","08/10/2021","$58.03",4.4,"64","$20.96","183,144",7,"FBA",1,"Sports & Outdoors","Large standard","15 x 18.9 x 3 in","3 kg","https://www.amazon.com/dp/B09CCWZK3T?th=1&psc=1"
"B0D5HWT6J1","MISZBHA 100% Indian Cotton Yoga Blanket | Perfect for Restorative Yoga & Meditation | Pack of 1 | Terracotta Color","RAZIIAA","$32.99","191","6","$6,301","05/28/2024","$20.05",5,"4","$12.94","41,075",7,"FBA",1,"Sports & Outdoors","Large standard","10.87 x 15.31 x 2.68 in","2.489 lb","https://www.amazon.com/dp/B0D5HWT6J1?th=1&psc=1"
"B0F3CJRH9R","CRZ YOGA Gym Shorts Men 5 Side Split Quick Dry Lightweight Stretchy for Athletic Workout Running with Zipper Pocket","CRZ YOGA","$32.00","239","7","$7,648","04/10/2025","$22.88",5,"","$9.12","151,487",5,"FBA",1,"Clothing, Shoes & Jewelry","Small standard","10.236 x 0.394 x 10.236 in","0.432 lb","https://www.amazon.com/dp/B0F3CJRH9R?th=1&psc=1"
"B0D9LD8JLG","Lenovo Yoga 7 2-in-1 14IML9 Laptop, 12-Core Intel Core Ultra 7 155U, 14' WUXGA IPS Touchscreen Display, Intel Iris Xe Graphics, 16GB LPDDR5 1TB SSD, Backlit KB, FP, Thunderbolt 4, Wi-Fi 6E, Win11 Pro","Lenovo","$949.62","","","","","$872.66",NA,"","$76.96","35,394",7,"FBM",1,"Computers & Accessories","Large standard","","3.55 lb","https://www.amazon.com/dp/B0D9LD8JLG?th=1&psc=1"
"B0BWDSQ7V4","Jerify 10 Pcs Yoga Strap for Stretching Bulk 6ft Exercise Stretch Band with Metal D Ring Adjustable Pilates Non Elastic Yoga Stretch Belt for Women Men Physical Fitness Gym Workout Dance","Jerify","$19.99","119","5","$2,379","02/20/2023","$10.63",4.4,"51","$9.36","52,254",7,"FBA",1,"Sports & Outdoors","Large standard","8.5 x 10.79 x 2.2 in","0.68 kg","https://www.amazon.com/dp/B0BWDSQ7V4?th=1&psc=1"
"B0CZ3T5ZPZ","CRZ YOGA Butterluxe V-Neck Sports Bras for Women - Adjustable Thin Straps Padded Yoga Top Basic Wireless Camisole","CRZ YOGA","$28.00","10,168","378","$284,704","05/21/2024","$17.29",4.6,"331","$10.71","1,402",7,"FBA",1,"Clothing, Shoes & Jewelry","Large standard","7.52 x 14.68 x 1.65 in","0.26 lb","https://www.amazon.com/dp/B0CZ3T5ZPZ?th=1&psc=1"
"B0DSPT9N64","CRZ YOGA High Waisted Dolphin Shorts for Women 3' for Running Athletic Workout Gym with Zipper Pockets Liner","CRZ YOGA","$28.00","1,830","63","$51,240","03/20/2025","$17.82",4.4,"10","$10.18","19,146",7,"FBA",1,"Clothing, Shoes & Jewelry","Large standard","8.15 x 8.86 x 1.57 in","0.311 lb","https://www.amazon.com/dp/B0DSPT9N64?th=1&psc=1"
"B09QD45F3Q","Beyond Yoga Women's Spacedye On The Go Mock Neck Jacket","Beyond Yoga","$69.00","30","1","$2,070","05/13/2024","$53.11",NA,"","$15.89","816,288",3,"FBA",2,"Clothing, Shoes & Jewelry","Large standard","8.26 x 6.62 x 2.39 in","0.73 lb","https://www.amazon.com/dp/B09QD45F3Q?th=1&psc=1"
"B0CL57P4SH","Timgle 24 Pack 68' x 24' Yoga Mat Bulk, 4mm Thick Extra Long Assorted Colors Sports Mat Anti Slip Tear Resistant Exercise Yoga Mat Set for Fitness Stretching Home Workout Gym and Studio","Timgle","$192.99","37","1","$7,141","10/15/2023","$145.84",4,"6","$47.15","172,152",7,"FBA",1,"Sports & Outdoors","Large bulky","22.5 x 24.25 x 15.25 in","9.44 kg","https://www.amazon.com/dp/B0CL57P4SH?th=1&psc=1"
"B0CY93LKKG","STRETCHING EXERCISES FOR SENIORS DVD- 4 Sessions. Increase Flexibility& Relieve Pain. Stretch yourself healthy! Stretching for seniors & beginners. Replace chair yoga for seniors over 60 dvd yoga dvd.","Vitality 4 Life with Curtis Adams","$19.99","","","","03/15/2024","$12.85",4.4,"6","$7.14","1,359",6,"FBA",3,"Movies & TV","Small standard","7.5 x 0.5 x 5 in","3.21 oz","https://www.amazon.com/dp/B0CY93LKKG?th=1&psc=1"
"B0BXX8TQTM","G4Free Stretch Capri Dress Yoga Pants for Women with Pockets Ruffle Bell Bottom Leggings","G4Free","$28.89","1,180","58","$34,090","12/15/2022","$18.05",4.4,"392","$10.84","21,358",5,"FBA",1,"Clothing, Shoes & Jewelry","Large standard","9.06 x 11.73 x 1.26 in","0.679 lb","https://www.amazon.com/dp/B0BXX8TQTM?th=1&psc=1"
"B089CLPLPK","ODODOS Women's High Waisted Yoga Capris with Pockets, Tummy Control Non See Through Workout Athletic Running Capri Leggings","ODODOS","$19.98","20,083","762","$401,258","04/19/2024","$13.55",4.6,"24,242","$9.43","300",8,"FBA",1,"Clothing, Shoes & Jewelry","Large standard","7.2 x 9.88 x 1.77 in","0.04 lb","https://www.amazon.com/dp/B089CLPLPK?th=1&psc=1"
"B0D3GVYYCM","ODODOS Women's Tummy Control Biker Shorts 2.0 with Pockets High Waist Athletic Workout Yoga Shorts-5' / 8' / 10' Inseam","ODODOS","$17.98","10,609","385","$190,750","09/05/2019","$11.23",4.6,"13,583","$6.75","1,350",8,"FBA",1,"Clothing, Shoes & Jewelry","Small standard","12 x 8 x 0.3 in","0.399 lb","https://www.amazon.com/dp/B0D3GVYYCM?th=1&psc=1"
"B0CP1V2ZJD","ODODOS ODCLOUD 2-Pack Buttery Soft Lounge Yoga Leggings with Pockets for Women 23' / 25' / 28' High Waist Yoga Pants","ODODOS","$34.18","314","12","$10,733","05/01/2024","$26.74",4.5,"165","$11.24","94,503",8,"FBA",1,"Clothing, Shoes & Jewelry","Large standard","6.69 x 9.76 x 2.09 in","0.73 lb","https://www.amazon.com/dp/B0CP1V2ZJD?th=1&psc=1"
"B0DBQRJ2SQ","Lenovo Yoga 7 14 2-in-1 AI PC Laptop 14' FHD+ Touch (Glossy, Anti-Fingerprint) Intel 12-core Ultra 5 125U (>i7-1335U) 16GB RAM 1TB SSD Backlit Fingerprint Thunderbolt w/Pen Win11 Gray + HDMI Cable","Lenovo","$859.00","95","2","$81,605","07/30/2024","$789.29",4.4,"45","$69.71","10,758",8,"FBM",4,"Computers & Accessories","Large standard","11.34 x 17.87 x 3.62 in","3.55 lb","https://www.amazon.com/dp/B0DBQRJ2SQ?th=1&psc=1"
"B07F7ZRB2V","2025 New Slim 65W 45W USB C Laptop Charger Replacement for Lenovo Yoga Thinkpad IdeaPad Chromebook Computer Fast Charging Type C AC Adapter Power Cord Supply","JIONR","$20.68","10","1","$206.80","07/03/2018","$14.61",4.8,"5,252","$6.07","18,581",7,"FBA",1,"Computers & Accessories","Small standard","3.4 x 8.8 x 1.8 in","0.27 kg","https://www.amazon.com/dp/B07F7ZRB2V?th=1&psc=1"
"B0D7NVS6RV","Lenovo Yoga 7i 2-in-1 Laptop, 16' 2K Touchscreen Display, Core Ultra 7 155U (Up to 4.80 GHz), 16GB DDR5, 1TB PCIe SSD, Wi-Fi 6E, Backlit KB, FP Reader, TB 4, Webcam, Keypad, PDG HDMI, Win 11 Pro","Lenovo","$883.00","250","10","$220,750","06/19/2024","$811.37",4.2,"39","$71.63","2,206",6,"FBM",16,"Computers & Accessories","Large standard","12.8 x 20.7 x 3.1 in","4.6 lb","https://www.amazon.com/dp/B0D7NVS6RV?th=1&psc=1"
"B0DQCRYC1V","Lenovo Yoga 7 7i 2-in-1 Laptop (16' FHD+ Touchscreen, AMD Ryzen 7 8840HS (Beat i7-1355U), 16GB RAM, 1TB SSD), AI PC, Backlit Keyboard, Fingerprint, FHD IR Webcam, WiFi 6E, Win 11 Home, Arctic Gray","ist computers","$799.99","138","6","$110,399","06/30/2024","$735.00",4,"19","$64.99","3,700",7,"FBM",2,"Computers & Accessories","Large standard","13 x 20.75 x 3.1 in","4.4 lb","https://www.amazon.com/dp/B0DQCRYC1V?th=1&psc=1"
"B0DBZWY9FZ","Lenovo Yoga 9i AI Powered 2-in-1 Laptop 14.0' 120 Hz Touchscreen OLED 2.8K (Intel Ultra 7-155H, 16GB LPDDR5X, 1TB SSD, Active Pen, Backlit KYB, FP Reader, 2 Thunderbolt 4, Win 11 Home) w/DKZ Hub","Lenovo","$1,385.04","63","2","$87,258","08/03/2024","$1,273",4.5,"8","$111.79","7,915",8,"FBM",6,"Computers & Accessories","Large standard","12 x 19 x 3 in","2.85 lb","https://www.amazon.com/dp/B0DBZWY9FZ?th=1&psc=1"
"B0CKVSQSR5","Lenovo Yoga 7 14 2-in-1 AI PC Laptop 14' WUXGA IPS Touch (Glossy) Intel 12-core Ultra 5 125U Processor (Beats i7-1335U) 16GB RAM 512GB SSD Backlit Fingerprint Thunderbolt4 Win11 Gray + HDMI Cable","Lenovo","$755.00","49","2","$36,995","10/10/2023","$693.61",4.4,"52","$61.39","8,662",8,"FBM",5,"Computers & Accessories","Large standard","14 x 20 x 3 in","3.6 lb","https://www.amazon.com/dp/B0CKVSQSR5?th=1&psc=1"
"B07VLTTGJQ","65W USB C Type c AC Charger Compatible with Lenovo ThinkPad E580 E585 E590 E590S E595 T480 T490 T580 Yoga C940 C740 thinkbook ADLX65YCC3A Laptop Power Supply Adapter Cord","Dongguan Speed Ronda Electronic Technology Co Ltd DTDR","$19.99","1,640",NA,"$32,784","07/27/2019","$14.34",4.4,"235","$5.65","7,075",8,"FBA",5,"Electronics","Small standard","4.8 x 7.87 x 1.85 in","0.01 oz","https://www.amazon.com/dp/B07VLTTGJQ?th=1&psc=1"
"B0CX8CFGQY","Lenovo ThinkPad Yoga 500w 2-in-1 Laptop (11.6' Touchscreen, Intel Pentium N6000, 8GB RAM, 512GB SSD) Ruggedized & Water Resistant for Student & School, Webcam, Wi-Fi, IST Pen, Win 11 Home, Blue","Lenovo","$359.98","229","5","$82,435","04/23/2023","$330.19",4.2,"292","$29.79","4,005",8,"FBM",3,"Computers & Accessories","Large standard","9.88 x 17.56 x 2.72 in","2.9 lb","https://www.amazon.com/dp/B0CX8CFGQY?th=1&psc=1"
"B0DFD2BRKH","Lenovo Yoga Slim 7X Copilot PC Laptop 14.5' Touchscreen OLED 3K 1000 nits Display (Snapdragon X Elite X1E-78-100, 16GB LPDDR5X, 512GB SSD, Backlit KB, WiFi 7, Win 11 Pro) w/DKZ USB Port Expander","Lenovo","$1,059.00","16","1","$16,944","08/28/2024","$973.29",4.2,"11","$85.71","25,239",8,"FBM",2,"Computers & Accessories","Large standard","2.75 x 11.75 x 20.25 in","2.9 lb","https://www.amazon.com/dp/B0DFD2BRKH?th=1&psc=1"
"B0CKVRDWD8","Lenovo Yoga 7 14 2-in-1 AI PC Laptop 14' WUXGA IPS Touch (Glossy) Intel 12-core Ultra 5 125U Processor (Beats i7-1335U) 16GB RAM 1TB SSD Backlit Fingerprint Thunderbolt4 Win11 Gray + HDMI Cable","Lenovo","$829.00","53","1","$43,937","10/10/2023","$761.69",4.4,"44","$67.31","15,037",8,"FBM",1,"Computers & Accessories","Large standard","14 x 20 x 3 in","3.55 lb","https://www.amazon.com/dp/B0CKVRDWD8?th=1&psc=1"
"B0DN6TLX6X","Lenovo Yoga 7 2-in-1 16' 2K Touchscreen Laptop, Office Pro Lifetime License, AMD Ryzen 7 8840HS, 16 GB LPDDR5X RAM, 1 TB SSD, Long Battery Life, FP Reader, Backlit KB, Windows 11 Pro, w/Accessories","Lenovo","$999.99","10",NA,"$10,000","11/11/2024","$919.00",4.5,"37","$80.99","44,753",7,"FBM",1,"Computers & Accessories","Large standard","9.84 x 0.75 x 14.24 in","4.6 lb","https://www.amazon.com/dp/B0DN6TLX6X?th=1&psc=1"
"B0DBZ6HWPD","Lenovo Yoga 7i 2-in-1 16' 2K Touchscreen Laptop, Intel Ultra 5 125U, 16GB LPDDR5X, 800GB Storage(512GB SSD +288GB Docking Station Set), Backlit Keyboard, Fingerprint Reader, WiFi 6E, Win 11 Home, Grey","Lenovo","$899.00","18",NA,"$16,182","08/01/2024","$826.09",4.5,"21","$72.91","40,396",5,"FBM",1,"Computers & Accessories","Large standard","9.84 x 0.75 x 14.24 in","4.63 lb","https://www.amazon.com/dp/B0DBZ6HWPD?th=1&psc=1"
"B07WH3HPJQ","Lenovo Thinkpad X1 Yoga G1 2-in-1 14' FHD Laptop Computer with Pen, Intel Core i7-6600U 2.6Ghz, 16GB RAM, 512GB SSD, Fingerprint Reader, Windows 10 Pro (Renewed)","Lenovo","$239.00","18","1","$4,302","08/15/2019","$214.30",4,"53","$34.70","27,604",7,"FBA",5,"Computers & Accessories","Large bulky","17 x 19 x 5 in","4.101 lb","https://www.amazon.com/dp/B07WH3HPJQ?th=1&psc=1"
"B0DJBDWQGW","Lenovo Yoga 7 2-in-1 16' WUXGA (1920x1200) Touch-Screen Laptop, AMD Ryzen 5 8640HS 6-core, 8GB RAM, 512GB SSD, AMD Radeon 760M Graphics, Backlit KB, Fingerprint, WiFi6, Win11, Arctic Grey, W/GaLiMu","Lenovo","$598.00","108","2","$64,584","09/30/2024","$549.17",3.8,"4","$48.83","8,718",8,"FBM",11,"Computers & Accessories","Large standard","12.75 x 20.5 x 3.25 in","4.39 lb","https://www.amazon.com/dp/B0DJBDWQGW?th=1&psc=1"
"B0DDKTJWJG","Lenovo 2024 Yoga 7i 2-in-1 AI Laptop, 16' WUXGA Touch, Intel 12-Core Ultra 7 155U (Beat i7-1355U), 16GB LPDDR5X RAM, 1TB SSD, Backlit, FP, FHD IR Webcam, AI Copilot, Win11 Home, W/Portable SSD&Stylus","Lenovo","$858.14","30","1","$25,744","08/10/2024","$788.50",4.8,"7","$69.64","17,082",8,"FBM",6,"Computers & Accessories","Large standard","3 x 3 x 19 in","4.63 lb","https://www.amazon.com/dp/B0DDKTJWJG?th=1&psc=1"
"B0C9VPR1SY","Lenovo Yoga 7i 2-in-1 16' WUXGA Touchscreen Laptop, Intel Core i5-1335U, 8GB RAM, 512GB SSD, Backlit Keyboard, Fingerprint Reader, Windows 11 Home, Storm Grey","Lenovo","$609.97","51","2","$31,108","06/29/2023","$560.18",4.1,"38","$49.79","7,914",5,"FBM",11,"Computers & Accessories","Large standard","12.7 x 20.6 x 3.5 in","2 kg","https://www.amazon.com/dp/B0C9VPR1SY?th=1&psc=1"
"B07VYZFWLY","65W 45W USB C AC Charger, Compatible with Lenovo ThinkPad and ThinkBook Yoga Series, ADLX65YLC3D, P/N:02DL126, 20V 3.25A Type C Laptop Power Adapter Supply Cord","Delight Tordor","$15.99","98",NA,"$1,567","08/01/2019","$10.12",4.2,"37","$5.87","34,901",8,"FBA",1,"Electronics","Small standard","4.3 x 7.9 x 1.8 in","0.39 kg","https://www.amazon.com/dp/B07VYZFWLY?th=1&psc=1"
"B0BBLT3TT1","Lenovo Yoga 7 7i 2-in-1 Business Laptop (16' FHD+ Touchscreen, AMD Ryzen 7 7735U (Beat i7-1255U), 16GB RAM, 1TB SSD, IST Precision Pen), Backlit, Fingerprint, FHD IR Webcam, Win 11 Pro, Arctic Grey","Lenovo","$864.00","35","3","$30,240","08/14/2022","$793.89",4,"42","$70.11","6,446",6,"FBM",11,"Computers & Accessories","Large standard","13 x 20.5 x 3 in","4.4 lb","https://www.amazon.com/dp/B0BBLT3TT1?th=1&psc=1"
"B0DDNM1Y6M","Lenovo Yoga Book 9i 2-in-1 13.3' 2.8K Dual Screen OLED Touch Laptop - Intel Core i7-1355U with 16GB Memory - 1TB SSD - Tidal Teal - US Version (New 2024 Model (1TB/Ultra 7))","Lenovo Yoga","$1,786.03","36","1","$64,297","09/03/2024","$1,641",5,"1","$143.79","19,997",3,"FBM",8,"Computers & Accessories","Large standard","","8 lb","https://www.amazon.com/dp/B0DDNM1Y6M?th=1&psc=1"
"B0CM6M91TR","Lenovo ThinkPad L13 Yoga 13.3' FHD IPS Touchscreen 2in1 Laptop Computer, Intel Core i5-10310U, 16GB DDR4 RAM 512GB SSD, Fingerprint, Windows 10 Pro (Renewed)","Lenovo","$289.90","63","4","$18,264","10/30/2023","$258.24",3.4,"41","$31.66","5,755",5,"FBA",1,"Computers & Accessories","Large standard","12.48 x 15.75 x 2.8 in","4.61 lb","https://www.amazon.com/dp/B0CM6M91TR?th=1&psc=1"
"B0CK3ZK7WT","Lenovo| Yoga 7i Intel Core i7-1355U 16' WUXGA 2 in 1 Touch-Screen Laptop16GB Memory 512GB SSD Storm Grey 82YN0002US","Lenovo","$852.00","35","1","$29,820","09/27/2023","$782.85",4.2,"35","$69.15","19,905",6,"FBM",12,"Computers & Accessories","Large standard","12.63 x 20.75 x 3.5 in","4.5 lb","https://www.amazon.com/dp/B0CK3ZK7WT?th=1&psc=1"
"B07SRM882H","65W USB C Type C AC Charger Compatible with Lenovo ThinkPad X1 t480 T480S P43s P51s P52s P53s/P14s P15s P16s Yoga Chromebook ThinkBook Series ADLX65YLC3D Laptop Power Adapter","DTDR","$19.99","103",NA,"$2,059","06/07/2019","$13.80",4.2,"57","$6.19","39,476",8,"FBA",1,"Electronics","Small standard","4.3 x 8.2 x 1.9 in","0.36 kg","https://www.amazon.com/dp/B07SRM882H?th=1&psc=1"
"B0F39S3Y79","Lenovo Yoga 9i 2-in-1 Laptop with Intel Core Ultra 7 155H Processor, 14 2.8K OLED 120Hz Touchscreen, 16GB LPDDR5x-7467 RAM, 1TB SSD, Slim Pen, FP Reader, 5MP RGB+IR Cam, and Win 11 Pro","Lenovo","$1,395.00","38",NA,"$53,010","03/31/2025","$1,275",NA,"","$12.41","33,138",6,"FBM",2,"Computers & Accessories","Large bulky","11.9 x 18.8 x 3.3 in","6.55 lb","https://www.amazon.com/dp/B0F39S3Y79?th=1&psc=1"
"B0DSBS9PPK","Lenovo Yoga 7 7i 2-in-1 Business Laptop (14' FHD+ Touchscreen, AMD Ryzen 7 8840HS (> Intel i7-1355U), 16GB RAM, 1TB SSD) for Creator, Designer, Backlit, Fingerprint, 1080p Webcam, Win 11 Home","ist computers","$799.99","10","1","$8,000","01/05/2025","$735.00",NA,"","$64.99","23,903",7,"FBM",2,"Computers & Accessories","Large standard","12 x 4 x 12 in","3.6 lb","https://www.amazon.com/dp/B0DSBS9PPK?th=1&psc=1"
"B0BCQ83YYB","Lenovo Yoga Laptop","Lenovo","$866.00","10",NA,"$8,660","08/31/2022","$795.73",4.4,"29","$70.27","56,441",1,"FBM",6,"Computers & Accessories","Large standard","13.54 x 20.43 x 3.07 in","4.39 lb","https://www.amazon.com/dp/B0BCQ83YYB?th=1&psc=1"
"B0D1XHZWGX","65W Laptop USB C Charger for Lenovo IdeaPad 3 Slim5 5Pro Flex 5 Yoga 7 Slim 7 9i Slim 920 ThinkBook 14s 15 for Lenovo ThinkPad X1 X13 Z13 13s E14 L14 L15 E15 T490 E495 20V/3.25A Type c AC Adapter","Wviosjtn","$20.99","154",NA,"$3,232","05/29/2024","$14.79",4.2,"98","$6.20","11,449",7,"FBA",1,"Electronics","Small standard","7.09 x 7.32 x 1.93 in","0.3 kg","https://www.amazon.com/dp/B0D1XHZWGX?th=1&psc=1"
